ISO-10303-21;
HEADER;
/* Generated by software containing ST-Developer
 * from STEP Tools, Inc. (www.steptools.com) 
 */

FILE_DESCRIPTION(
/* description */ (''),
/* implementation_level */ '2;1');

FILE_NAME(
/* name */ 'A Main Body MODIFIED v2.step',
/* time_stamp */ '2026-08-19T18:27:04+02:00',
/* author */ (''),
/* organization */ (''),
/* preprocessor_version */ 'ST-DEVELOPER v20.1',
/* originating_system */ 'Autodesk Translation Framework v15.8.0.0',
/* authorisation */ '');

FILE_SCHEMA (('AUTOMOTIVE_DESIGN { 1 0 10303 214 3 1 1 }'));
ENDSEC;

DATA;
#10=MECHANICAL_DESIGN_GEOMETRIC_PRESENTATION_REPRESENTATION('',(#13),#4683);
#11=SHAPE_REPRESENTATION_RELATIONSHIP('SRR','None',#4690,#12);
#12=ADVANCED_BREP_SHAPE_REPRESENTATION('',(#14),#4682);
#13=STYLED_ITEM('',(#4700),#14);
#14=MANIFOLD_SOLID_BREP('K\X\F6rper1',#2713);
#15=SPHERICAL_SURFACE('',#2868,2.5);
#16=CONICAL_SURFACE('',#2856,3.,0.785398163397448);
#17=B_SPLINE_CURVE_WITH_KNOTS('',3,(#3723,#3724,#3725,#3726,#3727),
 .UNSPECIFIED.,.F.,.F.,(4,1,4),(0.,0.0329070565782188,0.076633227827625),
 .UNSPECIFIED.);
#18=B_SPLINE_CURVE_WITH_KNOTS('',3,(#3730,#3731,#3732,#3733,#3734),
 .UNSPECIFIED.,.F.,.F.,(4,1,4),(0.,0.0329070565782188,0.076633227827625),
 .UNSPECIFIED.);
#19=B_SPLINE_CURVE_WITH_KNOTS('',3,(#3746,#3747,#3748,#3749,#3750),
 .UNSPECIFIED.,.F.,.F.,(4,1,4),(0.,0.0253392855969509,0.0518120200468526),
 .UNSPECIFIED.);
#20=B_SPLINE_CURVE_WITH_KNOTS('',3,(#3753,#3754,#3755,#3756,#3757),
 .UNSPECIFIED.,.F.,.F.,(4,1,4),(0.,0.0253392855969509,0.0518120200468526),
 .UNSPECIFIED.);
#21=B_SPLINE_CURVE_WITH_KNOTS('',3,(#3769,#3770,#3771,#3772,#3773),
 .UNSPECIFIED.,.F.,.F.,(4,1,4),(0.,0.0251724374154207,0.0503266868227542),
 .UNSPECIFIED.);
#22=B_SPLINE_CURVE_WITH_KNOTS('',3,(#3776,#3777,#3778,#3779,#3780),
 .UNSPECIFIED.,.F.,.F.,(4,1,4),(0.,0.0251724374154207,0.0503266868227542),
 .UNSPECIFIED.);
#23=B_SPLINE_CURVE_WITH_KNOTS('',3,(#3792,#3793,#3794,#3795,#3796),
 .UNSPECIFIED.,.F.,.F.,(4,1,4),(0.,0.025037451407721,0.0548117727194278),
 .UNSPECIFIED.);
#24=B_SPLINE_CURVE_WITH_KNOTS('',3,(#3799,#3800,#3801,#3802,#3803),
 .UNSPECIFIED.,.F.,.F.,(4,1,4),(0.,0.025037451407721,0.0548117727194278),
 .UNSPECIFIED.);
#25=B_SPLINE_CURVE_WITH_KNOTS('',3,(#3815,#3816,#3817,#3818,#3819),
 .UNSPECIFIED.,.F.,.F.,(4,1,4),(0.,0.0360077029134531,0.0639541691934692),
 .UNSPECIFIED.);
#26=B_SPLINE_CURVE_WITH_KNOTS('',3,(#3822,#3823,#3824,#3825,#3826),
 .UNSPECIFIED.,.F.,.F.,(4,1,4),(0.,0.0360077029134531,0.0639541691934692),
 .UNSPECIFIED.);
#27=B_SPLINE_CURVE_WITH_KNOTS('',3,(#3856,#3857,#3858,#3859,#3860),
 .UNSPECIFIED.,.F.,.F.,(4,1,4),(0.,0.038078699447079,0.0867922579298159),
 .UNSPECIFIED.);
#28=B_SPLINE_CURVE_WITH_KNOTS('',3,(#3863,#3864,#3865,#3866,#3867),
 .UNSPECIFIED.,.F.,.F.,(4,1,4),(0.,0.038078699447079,0.0867922579298159),
 .UNSPECIFIED.);
#29=B_SPLINE_CURVE_WITH_KNOTS('',3,(#3879,#3880,#3881,#3882,#3883),
 .UNSPECIFIED.,.F.,.F.,(4,1,4),(0.,0.035531519910221,0.069798323727161),
 .UNSPECIFIED.);
#30=B_SPLINE_CURVE_WITH_KNOTS('',3,(#3886,#3887,#3888,#3889,#3890),
 .UNSPECIFIED.,.F.,.F.,(4,1,4),(0.,0.035531519910221,0.069798323727161),
 .UNSPECIFIED.);
#31=B_SPLINE_CURVE_WITH_KNOTS('',3,(#3902,#3903,#3904,#3905,#3906),
 .UNSPECIFIED.,.F.,.F.,(4,1,4),(0.,0.0185968343992209,0.038532486848591),
 .UNSPECIFIED.);
#32=B_SPLINE_CURVE_WITH_KNOTS('',3,(#3909,#3910,#3911,#3912,#3913),
 .UNSPECIFIED.,.F.,.F.,(4,1,4),(0.,0.0185968343992209,0.038532486848591),
 .UNSPECIFIED.);
#33=B_SPLINE_CURVE_WITH_KNOTS('',3,(#3925,#3926,#3927,#3928,#3929),
 .UNSPECIFIED.,.F.,.F.,(4,1,4),(0.,0.0168634093331801,0.034393893500907),
 .UNSPECIFIED.);
#34=B_SPLINE_CURVE_WITH_KNOTS('',3,(#3932,#3933,#3934,#3935,#3936),
 .UNSPECIFIED.,.F.,.F.,(4,1,4),(0.,0.0168634093331801,0.034393893500907),
 .UNSPECIFIED.);
#35=B_SPLINE_CURVE_WITH_KNOTS('',3,(#3948,#3949,#3950,#3951,#3952),
 .UNSPECIFIED.,.F.,.F.,(4,1,4),(0.,0.0317114769022632,0.0535346643516801),
 .UNSPECIFIED.);
#36=B_SPLINE_CURVE_WITH_KNOTS('',3,(#3955,#3956,#3957,#3958,#3959),
 .UNSPECIFIED.,.F.,.F.,(4,1,4),(0.,0.0317114769022632,0.0535346643516801),
 .UNSPECIFIED.);
#37=B_SPLINE_CURVE_WITH_KNOTS('',3,(#3989,#3990,#3991,#3992,#3993),
 .UNSPECIFIED.,.F.,.F.,(4,1,4),(0.,0.0436946112259235,0.0981946852182548),
 .UNSPECIFIED.);
#38=B_SPLINE_CURVE_WITH_KNOTS('',3,(#3996,#3997,#3998,#3999,#4000),
 .UNSPECIFIED.,.F.,.F.,(4,1,4),(0.,0.0436946112259235,0.0981946852182548),
 .UNSPECIFIED.);
#39=B_SPLINE_CURVE_WITH_KNOTS('',3,(#4012,#4013,#4014,#4015,#4016),
 .UNSPECIFIED.,.F.,.F.,(4,1,4),(0.,0.0482440706229448,0.0899700511745457),
 .UNSPECIFIED.);
#40=B_SPLINE_CURVE_WITH_KNOTS('',3,(#4019,#4020,#4021,#4022,#4023),
 .UNSPECIFIED.,.F.,.F.,(4,1,4),(0.,0.0482440706229448,0.0899700511745457),
 .UNSPECIFIED.);
#41=B_SPLINE_CURVE_WITH_KNOTS('',3,(#4035,#4036,#4037,#4038,#4039),
 .UNSPECIFIED.,.F.,.F.,(4,1,4),(0.,0.0686253403986958,0.133023409530805),
 .UNSPECIFIED.);
#42=B_SPLINE_CURVE_WITH_KNOTS('',3,(#4042,#4043,#4044,#4045,#4046),
 .UNSPECIFIED.,.F.,.F.,(4,1,4),(0.,0.0686253403986958,0.133023409530805),
 .UNSPECIFIED.);
#43=B_SPLINE_CURVE_WITH_KNOTS('',3,(#4058,#4059,#4060,#4061,#4062),
 .UNSPECIFIED.,.F.,.F.,(4,1,4),(0.,0.029724881672842,0.0600346933473313),
 .UNSPECIFIED.);
#44=B_SPLINE_CURVE_WITH_KNOTS('',3,(#4065,#4066,#4067,#4068,#4069),
 .UNSPECIFIED.,.F.,.F.,(4,1,4),(0.,0.029724881672842,0.0600346933473313),
 .UNSPECIFIED.);
#45=B_SPLINE_CURVE_WITH_KNOTS('',3,(#4081,#4082,#4083,#4084,#4085),
 .UNSPECIFIED.,.F.,.F.,(4,1,4),(0.,0.0368593049094264,0.0687958519478713),
 .UNSPECIFIED.);
#46=B_SPLINE_CURVE_WITH_KNOTS('',3,(#4088,#4089,#4090,#4091,#4092),
 .UNSPECIFIED.,.F.,.F.,(4,1,4),(0.,0.0368593049094264,0.0687958519478713),
 .UNSPECIFIED.);
#47=B_SPLINE_CURVE_WITH_KNOTS('',3,(#4104,#4105,#4106,#4107,#4108),
 .UNSPECIFIED.,.F.,.F.,(4,1,4),(0.,0.0326170450180114,0.0670478137774719),
 .UNSPECIFIED.);
#48=B_SPLINE_CURVE_WITH_KNOTS('',3,(#4111,#4112,#4113,#4114,#4115),
 .UNSPECIFIED.,.F.,.F.,(4,1,4),(0.,0.0326170450180114,0.0670478137774719),
 .UNSPECIFIED.);
#49=B_SPLINE_CURVE_WITH_KNOTS('',3,(#4127,#4128,#4129,#4130,#4131),
 .UNSPECIFIED.,.F.,.F.,(4,1,4),(0.,0.0311578367224097,0.0628352217633175),
 .UNSPECIFIED.);
#50=B_SPLINE_CURVE_WITH_KNOTS('',3,(#4134,#4135,#4136,#4137,#4138),
 .UNSPECIFIED.,.F.,.F.,(4,1,4),(0.,0.0311578367224097,0.0628352217633175),
 .UNSPECIFIED.);
#51=B_SPLINE_CURVE_WITH_KNOTS('',3,(#4296,#4297,#4298,#4299,#4300),
 .UNSPECIFIED.,.F.,.F.,(4,1,4),(0.,0.0256595445747919,0.0485366182346341),
 .UNSPECIFIED.);
#52=B_SPLINE_CURVE_WITH_KNOTS('',3,(#4303,#4304,#4305,#4306,#4307),
 .UNSPECIFIED.,.F.,.F.,(4,1,4),(0.,0.0256595445747919,0.0485366182346341),
 .UNSPECIFIED.);
#53=B_SPLINE_CURVE_WITH_KNOTS('',3,(#4319,#4320,#4321,#4322,#4323),
 .UNSPECIFIED.,.F.,.F.,(4,1,4),(0.,0.0263742212487774,0.0477970208172142),
 .UNSPECIFIED.);
#54=B_SPLINE_CURVE_WITH_KNOTS('',3,(#4326,#4327,#4328,#4329,#4330),
 .UNSPECIFIED.,.F.,.F.,(4,1,4),(0.,0.0263742212487774,0.0477970208172142),
 .UNSPECIFIED.);
#55=B_SPLINE_CURVE_WITH_KNOTS('',3,(#4533,#4534,#4535,#4536,#4537,#4538,
#4539,#4540,#4541,#4542),.UNSPECIFIED.,.F.,.F.,(4,2,2,2,4),(0.406985486860301,
0.508238736300733,0.609491985741165,0.711731479730858,0.81397097372055),
 .UNSPECIFIED.);
#56=B_SPLINE_CURVE_WITH_KNOTS('',3,(#4544,#4545,#4546,#4547,#4548,#4549,
#4550,#4551,#4552,#4553),.UNSPECIFIED.,.F.,.F.,(4,2,2,2,4),(0.81397097372055,
0.916210467710246,1.01844996169994,1.11970321114037,1.2209564605808),
 .UNSPECIFIED.);
#57=B_SPLINE_CURVE_WITH_KNOTS('',3,(#4555,#4556,#4557,#4558,#4559,#4560,
#4561,#4562,#4563,#4564,#4565,#4566,#4567,#4568,#4569,#4570,#4571,#4572,
#4573),.UNSPECIFIED.,.F.,.F.,(4,2,2,2,3,2,2,2,4),(1.2209564605808,1.32220971002125,
1.42346295946169,1.5257024534514,1.6279419474411,1.73018144143081,1.83242093542051,
1.93367418486096,2.0349274343014),.UNSPECIFIED.);
#58=B_SPLINE_CURVE_WITH_KNOTS('',3,(#4576,#4577,#4578,#4579,#4580,#4581,
#4582,#4583,#4584,#4585,#4586,#4587,#4588,#4589,#4590,#4591,#4592,#4593),
 .UNSPECIFIED.,.F.,.F.,(4,2,2,2,2,2,2,2,4),(-1.55963648710087,-1.46177251768166,
-1.36390854826245,-1.26681795679405,-1.16972736532565,-1.07263677385725,
-0.975546182388849,-0.877682212969642,-0.779818243550435),.UNSPECIFIED.);
#59=B_SPLINE_CURVE_WITH_KNOTS('',3,(#4594,#4595,#4596,#4597,#4598,#4599,
#4600,#4601,#4602,#4603,#4604,#4605,#4606,#4607,#4608,#4609,#4610,#4611),
 .UNSPECIFIED.,.F.,.F.,(4,2,2,2,2,2,2,2,4),(-0.779818243550435,-0.681954274131227,
-0.58409030471202,-0.486999713243619,-0.389909121775217,-0.292818530306816,
-0.195727938838414,-0.0978639694192072,0.),.UNSPECIFIED.);
#60=B_SPLINE_SURFACE_WITH_KNOTS('',3,1,((#3712,#3713),(#3714,#3715),(#3716,
#3717),(#3718,#3719),(#3720,#3721)),.UNSPECIFIED.,.F.,.F.,.F.,(4,1,4),(2,
2),(0.,0.0329070565782188,0.076633227827625),(0.,0.0720000000000001),
 .UNSPECIFIED.);
#61=B_SPLINE_SURFACE_WITH_KNOTS('',3,1,((#3735,#3736),(#3737,#3738),(#3739,
#3740),(#3741,#3742),(#3743,#3744)),.UNSPECIFIED.,.F.,.F.,.F.,(4,1,4),(2,
2),(0.,0.0253392855969509,0.0518120200468526),(0.,0.0720000000000001),
 .UNSPECIFIED.);
#62=B_SPLINE_SURFACE_WITH_KNOTS('',3,1,((#3758,#3759),(#3760,#3761),(#3762,
#3763),(#3764,#3765),(#3766,#3767)),.UNSPECIFIED.,.F.,.F.,.F.,(4,1,4),(2,
2),(0.,0.0251724374154207,0.0503266868227542),(0.,0.0720000000000001),
 .UNSPECIFIED.);
#63=B_SPLINE_SURFACE_WITH_KNOTS('',3,1,((#3781,#3782),(#3783,#3784),(#3785,
#3786),(#3787,#3788),(#3789,#3790)),.UNSPECIFIED.,.F.,.F.,.F.,(4,1,4),(2,
2),(0.,0.025037451407721,0.0548117727194278),(0.,0.0720000000000001),
 .UNSPECIFIED.);
#64=B_SPLINE_SURFACE_WITH_KNOTS('',3,1,((#3804,#3805),(#3806,#3807),(#3808,
#3809),(#3810,#3811),(#3812,#3813)),.UNSPECIFIED.,.F.,.F.,.F.,(4,1,4),(2,
2),(0.,0.0360077029134531,0.0639541691934692),(0.,0.0720000000000001),
 .UNSPECIFIED.);
#65=B_SPLINE_SURFACE_WITH_KNOTS('',3,1,((#3845,#3846),(#3847,#3848),(#3849,
#3850),(#3851,#3852),(#3853,#3854)),.UNSPECIFIED.,.F.,.F.,.F.,(4,1,4),(2,
2),(0.,0.038078699447079,0.0867922579298159),(0.,0.0720000000000001),
 .UNSPECIFIED.);
#66=B_SPLINE_SURFACE_WITH_KNOTS('',3,1,((#3868,#3869),(#3870,#3871),(#3872,
#3873),(#3874,#3875),(#3876,#3877)),.UNSPECIFIED.,.F.,.F.,.F.,(4,1,4),(2,
2),(0.,0.035531519910221,0.069798323727161),(0.,0.0720000000000001),
 .UNSPECIFIED.);
#67=B_SPLINE_SURFACE_WITH_KNOTS('',3,1,((#3891,#3892),(#3893,#3894),(#3895,
#3896),(#3897,#3898),(#3899,#3900)),.UNSPECIFIED.,.F.,.F.,.F.,(4,1,4),(2,
2),(0.,0.0185968343992209,0.038532486848591),(0.,0.0720000000000001),
 .UNSPECIFIED.);
#68=B_SPLINE_SURFACE_WITH_KNOTS('',3,1,((#3914,#3915),(#3916,#3917),(#3918,
#3919),(#3920,#3921),(#3922,#3923)),.UNSPECIFIED.,.F.,.F.,.F.,(4,1,4),(2,
2),(0.,0.0168634093331801,0.034393893500907),(0.,0.0720000000000001),
 .UNSPECIFIED.);
#69=B_SPLINE_SURFACE_WITH_KNOTS('',3,1,((#3937,#3938),(#3939,#3940),(#3941,
#3942),(#3943,#3944),(#3945,#3946)),.UNSPECIFIED.,.F.,.F.,.F.,(4,1,4),(2,
2),(0.,0.0317114769022632,0.0535346643516801),(0.,0.0720000000000001),
 .UNSPECIFIED.);
#70=B_SPLINE_SURFACE_WITH_KNOTS('',3,1,((#3978,#3979),(#3980,#3981),(#3982,
#3983),(#3984,#3985),(#3986,#3987)),.UNSPECIFIED.,.F.,.F.,.F.,(4,1,4),(2,
2),(0.,0.0436946112259235,0.0981946852182548),(0.,0.0720000000000001),
 .UNSPECIFIED.);
#71=B_SPLINE_SURFACE_WITH_KNOTS('',3,1,((#4001,#4002),(#4003,#4004),(#4005,
#4006),(#4007,#4008),(#4009,#4010)),.UNSPECIFIED.,.F.,.F.,.F.,(4,1,4),(2,
2),(0.,0.0482440706229448,0.0899700511745457),(0.,0.0720000000000001),
 .UNSPECIFIED.);
#72=B_SPLINE_SURFACE_WITH_KNOTS('',3,1,((#4024,#4025),(#4026,#4027),(#4028,
#4029),(#4030,#4031),(#4032,#4033)),.UNSPECIFIED.,.F.,.F.,.F.,(4,1,4),(2,
2),(0.,0.0686253403986958,0.133023409530805),(0.,0.0720000000000001),
 .UNSPECIFIED.);
#73=B_SPLINE_SURFACE_WITH_KNOTS('',3,1,((#4047,#4048),(#4049,#4050),(#4051,
#4052),(#4053,#4054),(#4055,#4056)),.UNSPECIFIED.,.F.,.F.,.F.,(4,1,4),(2,
2),(0.,0.029724881672842,0.0600346933473313),(0.,0.0720000000000001),
 .UNSPECIFIED.);
#74=B_SPLINE_SURFACE_WITH_KNOTS('',3,1,((#4070,#4071),(#4072,#4073),(#4074,
#4075),(#4076,#4077),(#4078,#4079)),.UNSPECIFIED.,.F.,.F.,.F.,(4,1,4),(2,
2),(0.,0.0368593049094264,0.0687958519478713),(0.,0.0720000000000001),
 .UNSPECIFIED.);
#75=B_SPLINE_SURFACE_WITH_KNOTS('',3,1,((#4093,#4094),(#4095,#4096),(#4097,
#4098),(#4099,#4100),(#4101,#4102)),.UNSPECIFIED.,.F.,.F.,.F.,(4,1,4),(2,
2),(0.,0.0326170450180114,0.0670478137774719),(0.,0.0720000000000001),
 .UNSPECIFIED.);
#76=B_SPLINE_SURFACE_WITH_KNOTS('',3,1,((#4116,#4117),(#4118,#4119),(#4120,
#4121),(#4122,#4123),(#4124,#4125)),.UNSPECIFIED.,.F.,.F.,.F.,(4,1,4),(2,
2),(0.,0.0311578367224097,0.0628352217633175),(0.,0.0720000000000001),
 .UNSPECIFIED.);
#77=B_SPLINE_SURFACE_WITH_KNOTS('',3,1,((#4285,#4286),(#4287,#4288),(#4289,
#4290),(#4291,#4292),(#4293,#4294)),.UNSPECIFIED.,.F.,.F.,.F.,(4,1,4),(2,
2),(0.,0.0256595445747919,0.0485366182346341),(0.,0.0720000000000118),
 .UNSPECIFIED.);
#78=B_SPLINE_SURFACE_WITH_KNOTS('',3,1,((#4308,#4309),(#4310,#4311),(#4312,
#4313),(#4314,#4315),(#4316,#4317)),.UNSPECIFIED.,.F.,.F.,.F.,(4,1,4),(2,
2),(0.,0.0263742212487774,0.0477970208172142),(0.,0.0720000000000118),
 .UNSPECIFIED.);
#79=FACE_BOUND('',#357,.T.);
#80=FACE_BOUND('',#360,.T.);
#81=FACE_BOUND('',#363,.T.);
#82=FACE_BOUND('',#366,.T.);
#83=FACE_BOUND('',#370,.T.);
#84=FACE_BOUND('',#371,.T.);
#85=FACE_BOUND('',#372,.T.);
#86=FACE_BOUND('',#373,.T.);
#87=FACE_BOUND('',#376,.T.);
#88=FACE_BOUND('',#377,.T.);
#89=FACE_BOUND('',#380,.T.);
#90=FACE_BOUND('',#381,.T.);
#91=FACE_BOUND('',#484,.T.);
#92=FACE_BOUND('',#486,.T.);
#93=FACE_BOUND('',#487,.T.);
#94=FACE_BOUND('',#489,.T.);
#95=FACE_BOUND('',#490,.T.);
#96=FACE_BOUND('',#493,.T.);
#97=FACE_BOUND('',#498,.T.);
#98=FACE_BOUND('',#501,.T.);
#99=FACE_BOUND('',#504,.T.);
#100=FACE_BOUND('',#506,.T.);
#101=FACE_BOUND('',#507,.T.);
#102=FACE_BOUND('',#515,.T.);
#103=FACE_BOUND('',#518,.T.);
#104=FACE_BOUND('',#519,.T.);
#105=FACE_BOUND('',#520,.T.);
#106=FACE_BOUND('',#521,.T.);
#107=FACE_BOUND('',#522,.T.);
#108=FACE_BOUND('',#524,.T.);
#109=FACE_BOUND('',#525,.T.);
#110=FACE_BOUND('',#526,.T.);
#111=FACE_BOUND('',#527,.T.);
#112=FACE_BOUND('',#528,.T.);
#113=FACE_BOUND('',#529,.T.);
#114=PLANE('',#2730);
#115=PLANE('',#2735);
#116=PLANE('',#2740);
#117=PLANE('',#2745);
#118=PLANE('',#2747);
#119=PLANE('',#2748);
#120=PLANE('',#2749);
#121=PLANE('',#2758);
#122=PLANE('',#2759);
#123=PLANE('',#2765);
#124=PLANE('',#2769);
#125=PLANE('',#2776);
#126=PLANE('',#2778);
#127=PLANE('',#2779);
#128=PLANE('',#2780);
#129=PLANE('',#2781);
#130=PLANE('',#2782);
#131=PLANE('',#2783);
#132=PLANE('',#2784);
#133=PLANE('',#2785);
#134=PLANE('',#2786);
#135=PLANE('',#2787);
#136=PLANE('',#2788);
#137=PLANE('',#2789);
#138=PLANE('',#2790);
#139=PLANE('',#2791);
#140=PLANE('',#2792);
#141=PLANE('',#2793);
#142=PLANE('',#2794);
#143=PLANE('',#2795);
#144=PLANE('',#2796);
#145=PLANE('',#2797);
#146=PLANE('',#2798);
#147=PLANE('',#2799);
#148=PLANE('',#2800);
#149=PLANE('',#2801);
#150=PLANE('',#2802);
#151=PLANE('',#2803);
#152=PLANE('',#2804);
#153=PLANE('',#2805);
#154=PLANE('',#2806);
#155=PLANE('',#2807);
#156=PLANE('',#2808);
#157=PLANE('',#2809);
#158=PLANE('',#2810);
#159=PLANE('',#2811);
#160=PLANE('',#2812);
#161=PLANE('',#2813);
#162=PLANE('',#2814);
#163=PLANE('',#2815);
#164=PLANE('',#2816);
#165=PLANE('',#2817);
#166=PLANE('',#2818);
#167=PLANE('',#2819);
#168=PLANE('',#2820);
#169=PLANE('',#2821);
#170=PLANE('',#2822);
#171=PLANE('',#2823);
#172=PLANE('',#2824);
#173=PLANE('',#2825);
#174=PLANE('',#2826);
#175=PLANE('',#2827);
#176=PLANE('',#2828);
#177=PLANE('',#2829);
#178=PLANE('',#2830);
#179=PLANE('',#2831);
#180=PLANE('',#2832);
#181=PLANE('',#2833);
#182=PLANE('',#2834);
#183=PLANE('',#2835);
#184=PLANE('',#2836);
#185=PLANE('',#2837);
#186=PLANE('',#2838);
#187=PLANE('',#2839);
#188=PLANE('',#2840);
#189=PLANE('',#2841);
#190=PLANE('',#2842);
#191=PLANE('',#2843);
#192=PLANE('',#2844);
#193=PLANE('',#2845);
#194=PLANE('',#2846);
#195=PLANE('',#2847);
#196=PLANE('',#2848);
#197=PLANE('',#2849);
#198=PLANE('',#2850);
#199=PLANE('',#2851);
#200=PLANE('',#2853);
#201=PLANE('',#2861);
#202=PLANE('',#2862);
#203=PLANE('',#2863);
#204=PLANE('',#2864);
#205=PLANE('',#2865);
#206=PLANE('',#2866);
#207=PLANE('',#2870);
#208=PLANE('',#2872);
#209=PLANE('',#2885);
#210=PLANE('',#2886);
#211=PLANE('',#2887);
#212=PLANE('',#2888);
#213=PLANE('',#2889);
#214=FACE_OUTER_BOUND('',#355,.T.);
#215=FACE_OUTER_BOUND('',#356,.T.);
#216=FACE_OUTER_BOUND('',#358,.T.);
#217=FACE_OUTER_BOUND('',#359,.T.);
#218=FACE_OUTER_BOUND('',#361,.T.);
#219=FACE_OUTER_BOUND('',#362,.T.);
#220=FACE_OUTER_BOUND('',#364,.T.);
#221=FACE_OUTER_BOUND('',#365,.T.);
#222=FACE_OUTER_BOUND('',#367,.T.);
#223=FACE_OUTER_BOUND('',#368,.T.);
#224=FACE_OUTER_BOUND('',#369,.T.);
#225=FACE_OUTER_BOUND('',#374,.T.);
#226=FACE_OUTER_BOUND('',#375,.T.);
#227=FACE_OUTER_BOUND('',#378,.T.);
#228=FACE_OUTER_BOUND('',#379,.T.);
#229=FACE_OUTER_BOUND('',#382,.T.);
#230=FACE_OUTER_BOUND('',#383,.T.);
#231=FACE_OUTER_BOUND('',#384,.T.);
#232=FACE_OUTER_BOUND('',#385,.T.);
#233=FACE_OUTER_BOUND('',#386,.T.);
#234=FACE_OUTER_BOUND('',#387,.T.);
#235=FACE_OUTER_BOUND('',#388,.T.);
#236=FACE_OUTER_BOUND('',#389,.T.);
#237=FACE_OUTER_BOUND('',#390,.T.);
#238=FACE_OUTER_BOUND('',#391,.T.);
#239=FACE_OUTER_BOUND('',#392,.T.);
#240=FACE_OUTER_BOUND('',#393,.T.);
#241=FACE_OUTER_BOUND('',#394,.T.);
#242=FACE_OUTER_BOUND('',#395,.T.);
#243=FACE_OUTER_BOUND('',#396,.T.);
#244=FACE_OUTER_BOUND('',#397,.T.);
#245=FACE_OUTER_BOUND('',#398,.T.);
#246=FACE_OUTER_BOUND('',#399,.T.);
#247=FACE_OUTER_BOUND('',#400,.T.);
#248=FACE_OUTER_BOUND('',#401,.T.);
#249=FACE_OUTER_BOUND('',#402,.T.);
#250=FACE_OUTER_BOUND('',#403,.T.);
#251=FACE_OUTER_BOUND('',#404,.T.);
#252=FACE_OUTER_BOUND('',#405,.T.);
#253=FACE_OUTER_BOUND('',#406,.T.);
#254=FACE_OUTER_BOUND('',#407,.T.);
#255=FACE_OUTER_BOUND('',#408,.T.);
#256=FACE_OUTER_BOUND('',#409,.T.);
#257=FACE_OUTER_BOUND('',#410,.T.);
#258=FACE_OUTER_BOUND('',#411,.T.);
#259=FACE_OUTER_BOUND('',#412,.T.);
#260=FACE_OUTER_BOUND('',#413,.T.);
#261=FACE_OUTER_BOUND('',#414,.T.);
#262=FACE_OUTER_BOUND('',#415,.T.);
#263=FACE_OUTER_BOUND('',#416,.T.);
#264=FACE_OUTER_BOUND('',#417,.T.);
#265=FACE_OUTER_BOUND('',#418,.T.);
#266=FACE_OUTER_BOUND('',#419,.T.);
#267=FACE_OUTER_BOUND('',#420,.T.);
#268=FACE_OUTER_BOUND('',#421,.T.);
#269=FACE_OUTER_BOUND('',#422,.T.);
#270=FACE_OUTER_BOUND('',#423,.T.);
#271=FACE_OUTER_BOUND('',#424,.T.);
#272=FACE_OUTER_BOUND('',#425,.T.);
#273=FACE_OUTER_BOUND('',#426,.T.);
#274=FACE_OUTER_BOUND('',#427,.T.);
#275=FACE_OUTER_BOUND('',#428,.T.);
#276=FACE_OUTER_BOUND('',#429,.T.);
#277=FACE_OUTER_BOUND('',#430,.T.);
#278=FACE_OUTER_BOUND('',#431,.T.);
#279=FACE_OUTER_BOUND('',#432,.T.);
#280=FACE_OUTER_BOUND('',#433,.T.);
#281=FACE_OUTER_BOUND('',#434,.T.);
#282=FACE_OUTER_BOUND('',#435,.T.);
#283=FACE_OUTER_BOUND('',#436,.T.);
#284=FACE_OUTER_BOUND('',#437,.T.);
#285=FACE_OUTER_BOUND('',#438,.T.);
#286=FACE_OUTER_BOUND('',#439,.T.);
#287=FACE_OUTER_BOUND('',#440,.T.);
#288=FACE_OUTER_BOUND('',#441,.T.);
#289=FACE_OUTER_BOUND('',#442,.T.);
#290=FACE_OUTER_BOUND('',#443,.T.);
#291=FACE_OUTER_BOUND('',#444,.T.);
#292=FACE_OUTER_BOUND('',#445,.T.);
#293=FACE_OUTER_BOUND('',#446,.T.);
#294=FACE_OUTER_BOUND('',#447,.T.);
#295=FACE_OUTER_BOUND('',#448,.T.);
#296=FACE_OUTER_BOUND('',#449,.T.);
#297=FACE_OUTER_BOUND('',#450,.T.);
#298=FACE_OUTER_BOUND('',#451,.T.);
#299=FACE_OUTER_BOUND('',#452,.T.);
#300=FACE_OUTER_BOUND('',#453,.T.);
#301=FACE_OUTER_BOUND('',#454,.T.);
#302=FACE_OUTER_BOUND('',#455,.T.);
#303=FACE_OUTER_BOUND('',#456,.T.);
#304=FACE_OUTER_BOUND('',#457,.T.);
#305=FACE_OUTER_BOUND('',#458,.T.);
#306=FACE_OUTER_BOUND('',#459,.T.);
#307=FACE_OUTER_BOUND('',#460,.T.);
#308=FACE_OUTER_BOUND('',#461,.T.);
#309=FACE_OUTER_BOUND('',#462,.T.);
#310=FACE_OUTER_BOUND('',#463,.T.);
#311=FACE_OUTER_BOUND('',#464,.T.);
#312=FACE_OUTER_BOUND('',#465,.T.);
#313=FACE_OUTER_BOUND('',#466,.T.);
#314=FACE_OUTER_BOUND('',#467,.T.);
#315=FACE_OUTER_BOUND('',#468,.T.);
#316=FACE_OUTER_BOUND('',#469,.T.);
#317=FACE_OUTER_BOUND('',#470,.T.);
#318=FACE_OUTER_BOUND('',#471,.T.);
#319=FACE_OUTER_BOUND('',#472,.T.);
#320=FACE_OUTER_BOUND('',#473,.T.);
#321=FACE_OUTER_BOUND('',#474,.T.);
#322=FACE_OUTER_BOUND('',#475,.T.);
#323=FACE_OUTER_BOUND('',#476,.T.);
#324=FACE_OUTER_BOUND('',#477,.T.);
#325=FACE_OUTER_BOUND('',#478,.T.);
#326=FACE_OUTER_BOUND('',#479,.T.);
#327=FACE_OUTER_BOUND('',#480,.T.);
#328=FACE_OUTER_BOUND('',#481,.T.);
#329=FACE_OUTER_BOUND('',#482,.T.);
#330=FACE_OUTER_BOUND('',#483,.T.);
#331=FACE_OUTER_BOUND('',#485,.T.);
#332=FACE_OUTER_BOUND('',#488,.T.);
#333=FACE_OUTER_BOUND('',#491,.T.);
#334=FACE_OUTER_BOUND('',#492,.T.);
#335=FACE_OUTER_BOUND('',#494,.T.);
#336=FACE_OUTER_BOUND('',#495,.T.);
#337=FACE_OUTER_BOUND('',#496,.T.);
#338=FACE_OUTER_BOUND('',#497,.T.);
#339=FACE_OUTER_BOUND('',#499,.T.);
#340=FACE_OUTER_BOUND('',#500,.T.);
#341=FACE_OUTER_BOUND('',#502,.T.);
#342=FACE_OUTER_BOUND('',#503,.T.);
#343=FACE_OUTER_BOUND('',#505,.T.);
#344=FACE_OUTER_BOUND('',#508,.T.);
#345=FACE_OUTER_BOUND('',#509,.T.);
#346=FACE_OUTER_BOUND('',#510,.T.);
#347=FACE_OUTER_BOUND('',#511,.T.);
#348=FACE_OUTER_BOUND('',#512,.T.);
#349=FACE_OUTER_BOUND('',#513,.T.);
#350=FACE_OUTER_BOUND('',#514,.T.);
#351=FACE_OUTER_BOUND('',#516,.T.);
#352=FACE_OUTER_BOUND('',#517,.T.);
#353=FACE_OUTER_BOUND('',#523,.T.);
#354=FACE_OUTER_BOUND('',#530,.T.);
#355=EDGE_LOOP('',(#1794,#1795,#1796,#1797));
#356=EDGE_LOOP('',(#1798));
#357=EDGE_LOOP('',(#1799));
#358=EDGE_LOOP('',(#1800,#1801,#1802,#1803));
#359=EDGE_LOOP('',(#1804));
#360=EDGE_LOOP('',(#1805));
#361=EDGE_LOOP('',(#1806,#1807,#1808,#1809));
#362=EDGE_LOOP('',(#1810));
#363=EDGE_LOOP('',(#1811));
#364=EDGE_LOOP('',(#1812,#1813,#1814,#1815));
#365=EDGE_LOOP('',(#1816));
#366=EDGE_LOOP('',(#1817));
#367=EDGE_LOOP('',(#1818,#1819,#1820,#1821));
#368=EDGE_LOOP('',(#1822,#1823,#1824,#1825));
#369=EDGE_LOOP('',(#1826,#1827,#1828,#1829,#1830,#1831,#1832,#1833,#1834,
#1835,#1836,#1837));
#370=EDGE_LOOP('',(#1838));
#371=EDGE_LOOP('',(#1839));
#372=EDGE_LOOP('',(#1840));
#373=EDGE_LOOP('',(#1841));
#374=EDGE_LOOP('',(#1842,#1843,#1844,#1845));
#375=EDGE_LOOP('',(#1846,#1847,#1848,#1849,#1850,#1851,#1852));
#376=EDGE_LOOP('',(#1853));
#377=EDGE_LOOP('',(#1854));
#378=EDGE_LOOP('',(#1855,#1856,#1857,#1858));
#379=EDGE_LOOP('',(#1859,#1860,#1861,#1862,#1863,#1864,#1865,#1866,#1867,
#1868));
#380=EDGE_LOOP('',(#1869));
#381=EDGE_LOOP('',(#1870));
#382=EDGE_LOOP('',(#1871,#1872,#1873,#1874));
#383=EDGE_LOOP('',(#1875,#1876,#1877,#1878));
#384=EDGE_LOOP('',(#1879,#1880,#1881,#1882));
#385=EDGE_LOOP('',(#1883,#1884,#1885,#1886));
#386=EDGE_LOOP('',(#1887,#1888,#1889,#1890));
#387=EDGE_LOOP('',(#1891,#1892,#1893,#1894));
#388=EDGE_LOOP('',(#1895,#1896,#1897,#1898));
#389=EDGE_LOOP('',(#1899,#1900,#1901,#1902));
#390=EDGE_LOOP('',(#1903,#1904,#1905,#1906));
#391=EDGE_LOOP('',(#1907,#1908,#1909,#1910));
#392=EDGE_LOOP('',(#1911,#1912,#1913,#1914));
#393=EDGE_LOOP('',(#1915,#1916,#1917,#1918));
#394=EDGE_LOOP('',(#1919,#1920,#1921,#1922));
#395=EDGE_LOOP('',(#1923,#1924,#1925,#1926));
#396=EDGE_LOOP('',(#1927,#1928,#1929,#1930));
#397=EDGE_LOOP('',(#1931,#1932,#1933,#1934));
#398=EDGE_LOOP('',(#1935,#1936,#1937,#1938));
#399=EDGE_LOOP('',(#1939,#1940,#1941,#1942));
#400=EDGE_LOOP('',(#1943,#1944,#1945,#1946));
#401=EDGE_LOOP('',(#1947,#1948,#1949,#1950));
#402=EDGE_LOOP('',(#1951,#1952,#1953,#1954));
#403=EDGE_LOOP('',(#1955,#1956,#1957,#1958));
#404=EDGE_LOOP('',(#1959,#1960,#1961,#1962));
#405=EDGE_LOOP('',(#1963,#1964,#1965,#1966));
#406=EDGE_LOOP('',(#1967,#1968,#1969,#1970));
#407=EDGE_LOOP('',(#1971,#1972,#1973,#1974));
#408=EDGE_LOOP('',(#1975,#1976,#1977,#1978));
#409=EDGE_LOOP('',(#1979,#1980,#1981,#1982));
#410=EDGE_LOOP('',(#1983,#1984,#1985,#1986));
#411=EDGE_LOOP('',(#1987,#1988,#1989,#1990));
#412=EDGE_LOOP('',(#1991,#1992,#1993,#1994));
#413=EDGE_LOOP('',(#1995,#1996,#1997,#1998));
#414=EDGE_LOOP('',(#1999,#2000,#2001,#2002));
#415=EDGE_LOOP('',(#2003,#2004,#2005,#2006));
#416=EDGE_LOOP('',(#2007,#2008,#2009,#2010));
#417=EDGE_LOOP('',(#2011,#2012,#2013,#2014));
#418=EDGE_LOOP('',(#2015,#2016,#2017,#2018));
#419=EDGE_LOOP('',(#2019,#2020,#2021,#2022));
#420=EDGE_LOOP('',(#2023,#2024,#2025,#2026));
#421=EDGE_LOOP('',(#2027,#2028,#2029,#2030));
#422=EDGE_LOOP('',(#2031,#2032,#2033,#2034));
#423=EDGE_LOOP('',(#2035,#2036,#2037,#2038));
#424=EDGE_LOOP('',(#2039,#2040,#2041,#2042));
#425=EDGE_LOOP('',(#2043,#2044,#2045,#2046));
#426=EDGE_LOOP('',(#2047,#2048,#2049,#2050));
#427=EDGE_LOOP('',(#2051,#2052,#2053,#2054));
#428=EDGE_LOOP('',(#2055,#2056,#2057,#2058));
#429=EDGE_LOOP('',(#2059,#2060,#2061,#2062,#2063,#2064,#2065,#2066,#2067,
#2068,#2069,#2070,#2071,#2072,#2073,#2074,#2075,#2076,#2077,#2078,#2079,
#2080,#2081,#2082,#2083,#2084,#2085,#2086));
#430=EDGE_LOOP('',(#2087,#2088,#2089,#2090));
#431=EDGE_LOOP('',(#2091,#2092,#2093,#2094));
#432=EDGE_LOOP('',(#2095,#2096,#2097,#2098));
#433=EDGE_LOOP('',(#2099,#2100,#2101,#2102));
#434=EDGE_LOOP('',(#2103,#2104,#2105,#2106));
#435=EDGE_LOOP('',(#2107,#2108,#2109,#2110));
#436=EDGE_LOOP('',(#2111,#2112,#2113,#2114));
#437=EDGE_LOOP('',(#2115,#2116,#2117,#2118));
#438=EDGE_LOOP('',(#2119,#2120,#2121,#2122));
#439=EDGE_LOOP('',(#2123,#2124,#2125,#2126));
#440=EDGE_LOOP('',(#2127,#2128,#2129,#2130));
#441=EDGE_LOOP('',(#2131,#2132,#2133,#2134));
#442=EDGE_LOOP('',(#2135,#2136,#2137,#2138,#2139,#2140,#2141,#2142,#2143,
#2144,#2145,#2146));
#443=EDGE_LOOP('',(#2147,#2148,#2149,#2150));
#444=EDGE_LOOP('',(#2151,#2152,#2153,#2154));
#445=EDGE_LOOP('',(#2155,#2156,#2157,#2158));
#446=EDGE_LOOP('',(#2159,#2160,#2161,#2162));
#447=EDGE_LOOP('',(#2163,#2164,#2165,#2166));
#448=EDGE_LOOP('',(#2167,#2168,#2169,#2170));
#449=EDGE_LOOP('',(#2171,#2172,#2173,#2174));
#450=EDGE_LOOP('',(#2175,#2176,#2177,#2178));
#451=EDGE_LOOP('',(#2179,#2180,#2181,#2182));
#452=EDGE_LOOP('',(#2183,#2184,#2185,#2186));
#453=EDGE_LOOP('',(#2187,#2188,#2189,#2190));
#454=EDGE_LOOP('',(#2191,#2192,#2193,#2194));
#455=EDGE_LOOP('',(#2195,#2196,#2197,#2198));
#456=EDGE_LOOP('',(#2199,#2200,#2201,#2202));
#457=EDGE_LOOP('',(#2203,#2204,#2205,#2206));
#458=EDGE_LOOP('',(#2207,#2208,#2209,#2210,#2211,#2212,#2213,#2214,#2215,
#2216,#2217,#2218,#2219,#2220,#2221));
#459=EDGE_LOOP('',(#2222,#2223,#2224,#2225));
#460=EDGE_LOOP('',(#2226,#2227,#2228,#2229));
#461=EDGE_LOOP('',(#2230,#2231,#2232,#2233));
#462=EDGE_LOOP('',(#2234,#2235,#2236,#2237));
#463=EDGE_LOOP('',(#2238,#2239,#2240,#2241));
#464=EDGE_LOOP('',(#2242,#2243,#2244,#2245));
#465=EDGE_LOOP('',(#2246,#2247,#2248,#2249));
#466=EDGE_LOOP('',(#2250,#2251,#2252,#2253));
#467=EDGE_LOOP('',(#2254,#2255,#2256,#2257));
#468=EDGE_LOOP('',(#2258,#2259,#2260,#2261));
#469=EDGE_LOOP('',(#2262,#2263,#2264,#2265));
#470=EDGE_LOOP('',(#2266,#2267,#2268,#2269));
#471=EDGE_LOOP('',(#2270,#2271,#2272,#2273,#2274,#2275,#2276,#2277,#2278,
#2279,#2280,#2281));
#472=EDGE_LOOP('',(#2282,#2283,#2284,#2285));
#473=EDGE_LOOP('',(#2286,#2287,#2288,#2289));
#474=EDGE_LOOP('',(#2290,#2291,#2292,#2293));
#475=EDGE_LOOP('',(#2294,#2295,#2296,#2297));
#476=EDGE_LOOP('',(#2298,#2299,#2300,#2301));
#477=EDGE_LOOP('',(#2302,#2303,#2304,#2305));
#478=EDGE_LOOP('',(#2306,#2307,#2308,#2309));
#479=EDGE_LOOP('',(#2310,#2311,#2312,#2313));
#480=EDGE_LOOP('',(#2314,#2315,#2316,#2317));
#481=EDGE_LOOP('',(#2318,#2319,#2320,#2321));
#482=EDGE_LOOP('',(#2322,#2323,#2324,#2325));
#483=EDGE_LOOP('',(#2326,#2327,#2328,#2329,#2330,#2331,#2332,#2333));
#484=EDGE_LOOP('',(#2334,#2335,#2336));
#485=EDGE_LOOP('',(#2337,#2338,#2339,#2340,#2341,#2342));
#486=EDGE_LOOP('',(#2343));
#487=EDGE_LOOP('',(#2344,#2345,#2346,#2347,#2348,#2349,#2350,#2351));
#488=EDGE_LOOP('',(#2352,#2353,#2354,#2355,#2356,#2357,#2358,#2359));
#489=EDGE_LOOP('',(#2360));
#490=EDGE_LOOP('',(#2361));
#491=EDGE_LOOP('',(#2362,#2363,#2364,#2365,#2366));
#492=EDGE_LOOP('',(#2367,#2368,#2369,#2370,#2371,#2372,#2373,#2374,#2375));
#493=EDGE_LOOP('',(#2376,#2377));
#494=EDGE_LOOP('',(#2378,#2379,#2380,#2381));
#495=EDGE_LOOP('',(#2382,#2383,#2384,#2385));
#496=EDGE_LOOP('',(#2386,#2387,#2388,#2389));
#497=EDGE_LOOP('',(#2390,#2391,#2392,#2393));
#498=EDGE_LOOP('',(#2394,#2395,#2396,#2397));
#499=EDGE_LOOP('',(#2398,#2399,#2400,#2401));
#500=EDGE_LOOP('',(#2402,#2403,#2404,#2405));
#501=EDGE_LOOP('',(#2406));
#502=EDGE_LOOP('',(#2407,#2408,#2409,#2410));
#503=EDGE_LOOP('',(#2411,#2412,#2413,#2414));
#504=EDGE_LOOP('',(#2415));
#505=EDGE_LOOP('',(#2416,#2417,#2418,#2419));
#506=EDGE_LOOP('',(#2420));
#507=EDGE_LOOP('',(#2421));
#508=EDGE_LOOP('',(#2422,#2423,#2424,#2425,#2426,#2427));
#509=EDGE_LOOP('',(#2428,#2429,#2430,#2431,#2432));
#510=EDGE_LOOP('',(#2433,#2434,#2435,#2436));
#511=EDGE_LOOP('',(#2437,#2438,#2439,#2440));
#512=EDGE_LOOP('',(#2441,#2442,#2443,#2444));
#513=EDGE_LOOP('',(#2445,#2446,#2447,#2448));
#514=EDGE_LOOP('',(#2449,#2450,#2451,#2452));
#515=EDGE_LOOP('',(#2453));
#516=EDGE_LOOP('',(#2454,#2455,#2456,#2457,#2458,#2459,#2460));
#517=EDGE_LOOP('',(#2461,#2462,#2463,#2464));
#518=EDGE_LOOP('',(#2465,#2466,#2467,#2468));
#519=EDGE_LOOP('',(#2469,#2470,#2471,#2472,#2473,#2474,#2475,#2476,#2477,
#2478,#2479,#2480,#2481,#2482,#2483));
#520=EDGE_LOOP('',(#2484,#2485,#2486,#2487,#2488,#2489,#2490,#2491,#2492,
#2493,#2494,#2495));
#521=EDGE_LOOP('',(#2496));
#522=EDGE_LOOP('',(#2497));
#523=EDGE_LOOP('',(#2498,#2499,#2500,#2501));
#524=EDGE_LOOP('',(#2502));
#525=EDGE_LOOP('',(#2503,#2504,#2505,#2506,#2507,#2508,#2509,#2510,#2511,
#2512,#2513,#2514,#2515,#2516,#2517,#2518,#2519,#2520,#2521,#2522,#2523,
#2524,#2525,#2526,#2527,#2528,#2529,#2530));
#526=EDGE_LOOP('',(#2531,#2532,#2533,#2534,#2535,#2536,#2537,#2538,#2539,
#2540,#2541,#2542));
#527=EDGE_LOOP('',(#2543,#2544,#2545,#2546));
#528=EDGE_LOOP('',(#2547));
#529=EDGE_LOOP('',(#2548));
#530=EDGE_LOOP('',(#2549,#2550,#2551));
#531=LINE('',#3518,#826);
#532=LINE('',#3527,#827);
#533=LINE('',#3536,#828);
#534=LINE('',#3545,#829);
#535=LINE('',#3553,#830);
#536=LINE('',#3555,#831);
#537=LINE('',#3557,#832);
#538=LINE('',#3558,#833);
#539=LINE('',#3562,#834);
#540=LINE('',#3564,#835);
#541=LINE('',#3566,#836);
#542=LINE('',#3567,#837);
#543=LINE('',#3569,#838);
#544=LINE('',#3571,#839);
#545=LINE('',#3575,#840);
#546=LINE('',#3579,#841);
#547=LINE('',#3583,#842);
#548=LINE('',#3586,#843);
#549=LINE('',#3597,#844);
#550=LINE('',#3598,#845);
#551=LINE('',#3601,#846);
#552=LINE('',#3603,#847);
#553=LINE('',#3607,#848);
#554=LINE('',#3613,#849);
#555=LINE('',#3617,#850);
#556=LINE('',#3621,#851);
#557=LINE('',#3625,#852);
#558=LINE('',#3627,#853);
#559=LINE('',#3629,#854);
#560=LINE('',#3631,#855);
#561=LINE('',#3632,#856);
#562=LINE('',#3634,#857);
#563=LINE('',#3636,#858);
#564=LINE('',#3638,#859);
#565=LINE('',#3640,#860);
#566=LINE('',#3642,#861);
#567=LINE('',#3644,#862);
#568=LINE('',#3646,#863);
#569=LINE('',#3648,#864);
#570=LINE('',#3649,#865);
#571=LINE('',#3651,#866);
#572=LINE('',#3653,#867);
#573=LINE('',#3658,#868);
#574=LINE('',#3660,#869);
#575=LINE('',#3662,#870);
#576=LINE('',#3663,#871);
#577=LINE('',#3666,#872);
#578=LINE('',#3668,#873);
#579=LINE('',#3669,#874);
#580=LINE('',#3672,#875);
#581=LINE('',#3674,#876);
#582=LINE('',#3675,#877);
#583=LINE('',#3677,#878);
#584=LINE('',#3678,#879);
#585=LINE('',#3682,#880);
#586=LINE('',#3684,#881);
#587=LINE('',#3686,#882);
#588=LINE('',#3687,#883);
#589=LINE('',#3690,#884);
#590=LINE('',#3692,#885);
#591=LINE('',#3693,#886);
#592=LINE('',#3696,#887);
#593=LINE('',#3698,#888);
#594=LINE('',#3699,#889);
#595=LINE('',#3701,#890);
#596=LINE('',#3702,#891);
#597=LINE('',#3706,#892);
#598=LINE('',#3708,#893);
#599=LINE('',#3710,#894);
#600=LINE('',#3711,#895);
#601=LINE('',#3729,#896);
#602=LINE('',#3752,#897);
#603=LINE('',#3775,#898);
#604=LINE('',#3798,#899);
#605=LINE('',#3821,#900);
#606=LINE('',#3829,#901);
#607=LINE('',#3831,#902);
#608=LINE('',#3832,#903);
#609=LINE('',#3835,#904);
#610=LINE('',#3837,#905);
#611=LINE('',#3838,#906);
#612=LINE('',#3841,#907);
#613=LINE('',#3843,#908);
#614=LINE('',#3844,#909);
#615=LINE('',#3862,#910);
#616=LINE('',#3885,#911);
#617=LINE('',#3908,#912);
#618=LINE('',#3931,#913);
#619=LINE('',#3954,#914);
#620=LINE('',#3962,#915);
#621=LINE('',#3964,#916);
#622=LINE('',#3965,#917);
#623=LINE('',#3968,#918);
#624=LINE('',#3970,#919);
#625=LINE('',#3971,#920);
#626=LINE('',#3974,#921);
#627=LINE('',#3976,#922);
#628=LINE('',#3977,#923);
#629=LINE('',#3995,#924);
#630=LINE('',#4018,#925);
#631=LINE('',#4041,#926);
#632=LINE('',#4064,#927);
#633=LINE('',#4087,#928);
#634=LINE('',#4110,#929);
#635=LINE('',#4133,#930);
#636=LINE('',#4141,#931);
#637=LINE('',#4143,#932);
#638=LINE('',#4144,#933);
#639=LINE('',#4147,#934);
#640=LINE('',#4149,#935);
#641=LINE('',#4150,#936);
#642=LINE('',#4153,#937);
#643=LINE('',#4155,#938);
#644=LINE('',#4156,#939);
#645=LINE('',#4158,#940);
#646=LINE('',#4159,#941);
#647=LINE('',#4164,#942);
#648=LINE('',#4166,#943);
#649=LINE('',#4168,#944);
#650=LINE('',#4169,#945);
#651=LINE('',#4172,#946);
#652=LINE('',#4174,#947);
#653=LINE('',#4175,#948);
#654=LINE('',#4178,#949);
#655=LINE('',#4180,#950);
#656=LINE('',#4181,#951);
#657=LINE('',#4184,#952);
#658=LINE('',#4186,#953);
#659=LINE('',#4187,#954);
#660=LINE('',#4190,#955);
#661=LINE('',#4192,#956);
#662=LINE('',#4193,#957);
#663=LINE('',#4196,#958);
#664=LINE('',#4198,#959);
#665=LINE('',#4199,#960);
#666=LINE('',#4202,#961);
#667=LINE('',#4204,#962);
#668=LINE('',#4205,#963);
#669=LINE('',#4208,#964);
#670=LINE('',#4210,#965);
#671=LINE('',#4211,#966);
#672=LINE('',#4214,#967);
#673=LINE('',#4216,#968);
#674=LINE('',#4217,#969);
#675=LINE('',#4220,#970);
#676=LINE('',#4222,#971);
#677=LINE('',#4223,#972);
#678=LINE('',#4226,#973);
#679=LINE('',#4228,#974);
#680=LINE('',#4229,#975);
#681=LINE('',#4231,#976);
#682=LINE('',#4232,#977);
#683=LINE('',#4237,#978);
#684=LINE('',#4239,#979);
#685=LINE('',#4241,#980);
#686=LINE('',#4242,#981);
#687=LINE('',#4245,#982);
#688=LINE('',#4247,#983);
#689=LINE('',#4248,#984);
#690=LINE('',#4251,#985);
#691=LINE('',#4253,#986);
#692=LINE('',#4254,#987);
#693=LINE('',#4257,#988);
#694=LINE('',#4259,#989);
#695=LINE('',#4260,#990);
#696=LINE('',#4263,#991);
#697=LINE('',#4265,#992);
#698=LINE('',#4266,#993);
#699=LINE('',#4269,#994);
#700=LINE('',#4271,#995);
#701=LINE('',#4272,#996);
#702=LINE('',#4275,#997);
#703=LINE('',#4277,#998);
#704=LINE('',#4278,#999);
#705=LINE('',#4281,#1000);
#706=LINE('',#4283,#1001);
#707=LINE('',#4284,#1002);
#708=LINE('',#4302,#1003);
#709=LINE('',#4325,#1004);
#710=LINE('',#4333,#1005);
#711=LINE('',#4335,#1006);
#712=LINE('',#4336,#1007);
#713=LINE('',#4339,#1008);
#714=LINE('',#4341,#1009);
#715=LINE('',#4342,#1010);
#716=LINE('',#4345,#1011);
#717=LINE('',#4347,#1012);
#718=LINE('',#4348,#1013);
#719=LINE('',#4351,#1014);
#720=LINE('',#4353,#1015);
#721=LINE('',#4354,#1016);
#722=LINE('',#4356,#1017);
#723=LINE('',#4357,#1018);
#724=LINE('',#4362,#1019);
#725=LINE('',#4364,#1020);
#726=LINE('',#4366,#1021);
#727=LINE('',#4367,#1022);
#728=LINE('',#4370,#1023);
#729=LINE('',#4372,#1024);
#730=LINE('',#4373,#1025);
#731=LINE('',#4376,#1026);
#732=LINE('',#4378,#1027);
#733=LINE('',#4379,#1028);
#734=LINE('',#4382,#1029);
#735=LINE('',#4384,#1030);
#736=LINE('',#4385,#1031);
#737=LINE('',#4388,#1032);
#738=LINE('',#4390,#1033);
#739=LINE('',#4391,#1034);
#740=LINE('',#4394,#1035);
#741=LINE('',#4396,#1036);
#742=LINE('',#4397,#1037);
#743=LINE('',#4400,#1038);
#744=LINE('',#4402,#1039);
#745=LINE('',#4403,#1040);
#746=LINE('',#4406,#1041);
#747=LINE('',#4408,#1042);
#748=LINE('',#4409,#1043);
#749=LINE('',#4412,#1044);
#750=LINE('',#4414,#1045);
#751=LINE('',#4415,#1046);
#752=LINE('',#4418,#1047);
#753=LINE('',#4420,#1048);
#754=LINE('',#4421,#1049);
#755=LINE('',#4424,#1050);
#756=LINE('',#4426,#1051);
#757=LINE('',#4427,#1052);
#758=LINE('',#4429,#1053);
#759=LINE('',#4430,#1054);
#760=LINE('',#4435,#1055);
#761=LINE('',#4437,#1056);
#762=LINE('',#4439,#1057);
#763=LINE('',#4440,#1058);
#764=LINE('',#4443,#1059);
#765=LINE('',#4445,#1060);
#766=LINE('',#4446,#1061);
#767=LINE('',#4448,#1062);
#768=LINE('',#4449,#1063);
#769=LINE('',#4453,#1064);
#770=LINE('',#4455,#1065);
#771=LINE('',#4457,#1066);
#772=LINE('',#4458,#1067);
#773=LINE('',#4461,#1068);
#774=LINE('',#4463,#1069);
#775=LINE('',#4464,#1070);
#776=LINE('',#4467,#1071);
#777=LINE('',#4469,#1072);
#778=LINE('',#4470,#1073);
#779=LINE('',#4473,#1074);
#780=LINE('',#4475,#1075);
#781=LINE('',#4476,#1076);
#782=LINE('',#4479,#1077);
#783=LINE('',#4481,#1078);
#784=LINE('',#4482,#1079);
#785=LINE('',#4485,#1080);
#786=LINE('',#4487,#1081);
#787=LINE('',#4488,#1082);
#788=LINE('',#4491,#1083);
#789=LINE('',#4493,#1084);
#790=LINE('',#4494,#1085);
#791=LINE('',#4496,#1086);
#792=LINE('',#4497,#1087);
#793=LINE('',#4502,#1088);
#794=LINE('',#4504,#1089);
#795=LINE('',#4506,#1090);
#796=LINE('',#4508,#1091);
#797=LINE('',#4510,#1092);
#798=LINE('',#4511,#1093);
#799=LINE('',#4515,#1094);
#800=LINE('',#4516,#1095);
#801=LINE('',#4526,#1096);
#802=LINE('',#4531,#1097);
#803=LINE('',#4554,#1098);
#804=LINE('',#4615,#1099);
#805=LINE('',#4617,#1100);
#806=LINE('',#4619,#1101);
#807=LINE('',#4620,#1102);
#808=LINE('',#4623,#1103);
#809=LINE('',#4625,#1104);
#810=LINE('',#4626,#1105);
#811=LINE('',#4630,#1106);
#812=LINE('',#4631,#1107);
#813=LINE('',#4632,#1108);
#814=LINE('',#4634,#1109);
#815=LINE('',#4636,#1110);
#816=LINE('',#4647,#1111);
#817=LINE('',#4648,#1112);
#818=LINE('',#4652,#1113);
#819=LINE('',#4654,#1114);
#820=LINE('',#4659,#1115);
#821=LINE('',#4663,#1116);
#822=LINE('',#4668,#1117);
#823=LINE('',#4672,#1118);
#824=LINE('',#4674,#1119);
#825=LINE('',#4676,#1120);
#826=VECTOR('',#2896,3.75);
#827=VECTOR('',#2907,3.75);
#828=VECTOR('',#2918,3.75);
#829=VECTOR('',#2929,3.75);
#830=VECTOR('',#2938,10.);
#831=VECTOR('',#2939,10.);
#832=VECTOR('',#2940,10.);
#833=VECTOR('',#2941,10.);
#834=VECTOR('',#2944,10.);
#835=VECTOR('',#2945,10.);
#836=VECTOR('',#2946,10.);
#837=VECTOR('',#2947,10.);
#838=VECTOR('',#2950,10.);
#839=VECTOR('',#2951,10.);
#840=VECTOR('',#2954,10.);
#841=VECTOR('',#2957,10.);
#842=VECTOR('',#2960,10.);
#843=VECTOR('',#2963,10.);
#844=VECTOR('',#2974,10.);
#845=VECTOR('',#2975,10.);
#846=VECTOR('',#2978,10.);
#847=VECTOR('',#2979,10.);
#848=VECTOR('',#2982,10.);
#849=VECTOR('',#2989,1.75);
#850=VECTOR('',#2994,10.);
#851=VECTOR('',#2997,10.);
#852=VECTOR('',#3000,10.);
#853=VECTOR('',#3001,10.);
#854=VECTOR('',#3002,10.);
#855=VECTOR('',#3003,10.);
#856=VECTOR('',#3004,10.);
#857=VECTOR('',#3007,10.);
#858=VECTOR('',#3010,10.);
#859=VECTOR('',#3013,10.);
#860=VECTOR('',#3016,1.6);
#861=VECTOR('',#3019,1.6);
#862=VECTOR('',#3022,1.6);
#863=VECTOR('',#3025,1.6);
#864=VECTOR('',#3028,10.);
#865=VECTOR('',#3029,10.);
#866=VECTOR('',#3032,10.);
#867=VECTOR('',#3035,10.);
#868=VECTOR('',#3040,10.);
#869=VECTOR('',#3041,10.);
#870=VECTOR('',#3042,10.);
#871=VECTOR('',#3043,10.);
#872=VECTOR('',#3046,10.);
#873=VECTOR('',#3047,10.);
#874=VECTOR('',#3048,10.);
#875=VECTOR('',#3051,10.);
#876=VECTOR('',#3052,10.);
#877=VECTOR('',#3053,10.);
#878=VECTOR('',#3056,10.);
#879=VECTOR('',#3057,10.);
#880=VECTOR('',#3060,10.);
#881=VECTOR('',#3061,10.);
#882=VECTOR('',#3062,10.);
#883=VECTOR('',#3063,10.);
#884=VECTOR('',#3066,10.);
#885=VECTOR('',#3067,10.);
#886=VECTOR('',#3068,10.);
#887=VECTOR('',#3071,10.);
#888=VECTOR('',#3072,10.);
#889=VECTOR('',#3073,10.);
#890=VECTOR('',#3076,10.);
#891=VECTOR('',#3077,10.);
#892=VECTOR('',#3080,10.);
#893=VECTOR('',#3081,10.);
#894=VECTOR('',#3082,10.);
#895=VECTOR('',#3083,10.);
#896=VECTOR('',#3084,10.);
#897=VECTOR('',#3085,10.);
#898=VECTOR('',#3086,10.);
#899=VECTOR('',#3087,10.);
#900=VECTOR('',#3088,10.);
#901=VECTOR('',#3091,10.);
#902=VECTOR('',#3092,10.);
#903=VECTOR('',#3093,10.);
#904=VECTOR('',#3096,10.);
#905=VECTOR('',#3097,10.);
#906=VECTOR('',#3098,10.);
#907=VECTOR('',#3101,10.);
#908=VECTOR('',#3102,10.);
#909=VECTOR('',#3103,10.);
#910=VECTOR('',#3104,10.);
#911=VECTOR('',#3105,10.);
#912=VECTOR('',#3106,10.);
#913=VECTOR('',#3107,10.);
#914=VECTOR('',#3108,10.);
#915=VECTOR('',#3111,10.);
#916=VECTOR('',#3112,10.);
#917=VECTOR('',#3113,10.);
#918=VECTOR('',#3116,10.);
#919=VECTOR('',#3117,10.);
#920=VECTOR('',#3118,10.);
#921=VECTOR('',#3121,10.);
#922=VECTOR('',#3122,10.);
#923=VECTOR('',#3123,10.);
#924=VECTOR('',#3124,10.);
#925=VECTOR('',#3125,10.);
#926=VECTOR('',#3126,10.);
#927=VECTOR('',#3127,10.);
#928=VECTOR('',#3128,10.);
#929=VECTOR('',#3129,10.);
#930=VECTOR('',#3130,10.);
#931=VECTOR('',#3133,10.);
#932=VECTOR('',#3134,10.);
#933=VECTOR('',#3135,10.);
#934=VECTOR('',#3138,10.);
#935=VECTOR('',#3139,10.);
#936=VECTOR('',#3140,10.);
#937=VECTOR('',#3143,10.);
#938=VECTOR('',#3144,10.);
#939=VECTOR('',#3145,10.);
#940=VECTOR('',#3148,10.);
#941=VECTOR('',#3149,10.);
#942=VECTOR('',#3154,10.);
#943=VECTOR('',#3155,10.);
#944=VECTOR('',#3156,10.);
#945=VECTOR('',#3157,10.);
#946=VECTOR('',#3160,10.);
#947=VECTOR('',#3161,10.);
#948=VECTOR('',#3162,10.);
#949=VECTOR('',#3165,10.);
#950=VECTOR('',#3166,10.);
#951=VECTOR('',#3167,10.);
#952=VECTOR('',#3170,10.);
#953=VECTOR('',#3171,10.);
#954=VECTOR('',#3172,10.);
#955=VECTOR('',#3175,10.);
#956=VECTOR('',#3176,10.);
#957=VECTOR('',#3177,10.);
#958=VECTOR('',#3180,10.);
#959=VECTOR('',#3181,10.);
#960=VECTOR('',#3182,10.);
#961=VECTOR('',#3185,10.);
#962=VECTOR('',#3186,10.);
#963=VECTOR('',#3187,10.);
#964=VECTOR('',#3190,10.);
#965=VECTOR('',#3191,10.);
#966=VECTOR('',#3192,10.);
#967=VECTOR('',#3195,10.);
#968=VECTOR('',#3196,10.);
#969=VECTOR('',#3197,10.);
#970=VECTOR('',#3200,10.);
#971=VECTOR('',#3201,10.);
#972=VECTOR('',#3202,10.);
#973=VECTOR('',#3205,10.);
#974=VECTOR('',#3206,10.);
#975=VECTOR('',#3207,10.);
#976=VECTOR('',#3210,10.);
#977=VECTOR('',#3211,10.);
#978=VECTOR('',#3216,10.);
#979=VECTOR('',#3217,10.);
#980=VECTOR('',#3218,10.);
#981=VECTOR('',#3219,10.);
#982=VECTOR('',#3222,10.);
#983=VECTOR('',#3223,10.);
#984=VECTOR('',#3224,10.);
#985=VECTOR('',#3227,10.);
#986=VECTOR('',#3228,10.);
#987=VECTOR('',#3229,10.);
#988=VECTOR('',#3232,10.);
#989=VECTOR('',#3233,10.);
#990=VECTOR('',#3234,10.);
#991=VECTOR('',#3237,10.);
#992=VECTOR('',#3238,10.);
#993=VECTOR('',#3239,10.);
#994=VECTOR('',#3242,10.);
#995=VECTOR('',#3243,10.);
#996=VECTOR('',#3244,10.);
#997=VECTOR('',#3247,10.);
#998=VECTOR('',#3248,10.);
#999=VECTOR('',#3249,10.);
#1000=VECTOR('',#3252,10.);
#1001=VECTOR('',#3253,10.);
#1002=VECTOR('',#3254,10.);
#1003=VECTOR('',#3255,10.);
#1004=VECTOR('',#3256,10.);
#1005=VECTOR('',#3259,10.);
#1006=VECTOR('',#3260,10.);
#1007=VECTOR('',#3261,10.);
#1008=VECTOR('',#3264,10.);
#1009=VECTOR('',#3265,10.);
#1010=VECTOR('',#3266,10.);
#1011=VECTOR('',#3269,10.);
#1012=VECTOR('',#3270,10.);
#1013=VECTOR('',#3271,10.);
#1014=VECTOR('',#3274,10.);
#1015=VECTOR('',#3275,10.);
#1016=VECTOR('',#3276,10.);
#1017=VECTOR('',#3279,10.);
#1018=VECTOR('',#3280,10.);
#1019=VECTOR('',#3285,10.);
#1020=VECTOR('',#3286,10.);
#1021=VECTOR('',#3287,10.);
#1022=VECTOR('',#3288,10.);
#1023=VECTOR('',#3291,10.);
#1024=VECTOR('',#3292,10.);
#1025=VECTOR('',#3293,10.);
#1026=VECTOR('',#3296,10.);
#1027=VECTOR('',#3297,10.);
#1028=VECTOR('',#3298,10.);
#1029=VECTOR('',#3301,10.);
#1030=VECTOR('',#3302,10.);
#1031=VECTOR('',#3303,10.);
#1032=VECTOR('',#3306,10.);
#1033=VECTOR('',#3307,10.);
#1034=VECTOR('',#3308,10.);
#1035=VECTOR('',#3311,10.);
#1036=VECTOR('',#3312,10.);
#1037=VECTOR('',#3313,10.);
#1038=VECTOR('',#3316,10.);
#1039=VECTOR('',#3317,10.);
#1040=VECTOR('',#3318,10.);
#1041=VECTOR('',#3321,10.);
#1042=VECTOR('',#3322,10.);
#1043=VECTOR('',#3323,10.);
#1044=VECTOR('',#3326,10.);
#1045=VECTOR('',#3327,10.);
#1046=VECTOR('',#3328,10.);
#1047=VECTOR('',#3331,10.);
#1048=VECTOR('',#3332,10.);
#1049=VECTOR('',#3333,10.);
#1050=VECTOR('',#3336,10.);
#1051=VECTOR('',#3337,10.);
#1052=VECTOR('',#3338,10.);
#1053=VECTOR('',#3341,10.);
#1054=VECTOR('',#3342,10.);
#1055=VECTOR('',#3347,10.);
#1056=VECTOR('',#3348,10.);
#1057=VECTOR('',#3349,10.);
#1058=VECTOR('',#3350,10.);
#1059=VECTOR('',#3353,10.);
#1060=VECTOR('',#3354,10.);
#1061=VECTOR('',#3355,10.);
#1062=VECTOR('',#3358,10.);
#1063=VECTOR('',#3359,10.);
#1064=VECTOR('',#3362,10.);
#1065=VECTOR('',#3363,10.);
#1066=VECTOR('',#3364,10.);
#1067=VECTOR('',#3365,10.);
#1068=VECTOR('',#3368,10.);
#1069=VECTOR('',#3369,10.);
#1070=VECTOR('',#3370,10.);
#1071=VECTOR('',#3373,10.);
#1072=VECTOR('',#3374,10.);
#1073=VECTOR('',#3375,10.);
#1074=VECTOR('',#3378,10.);
#1075=VECTOR('',#3379,10.);
#1076=VECTOR('',#3380,10.);
#1077=VECTOR('',#3383,10.);
#1078=VECTOR('',#3384,10.);
#1079=VECTOR('',#3385,10.);
#1080=VECTOR('',#3388,10.);
#1081=VECTOR('',#3389,10.);
#1082=VECTOR('',#3390,10.);
#1083=VECTOR('',#3393,10.);
#1084=VECTOR('',#3394,10.);
#1085=VECTOR('',#3395,10.);
#1086=VECTOR('',#3398,10.);
#1087=VECTOR('',#3399,10.);
#1088=VECTOR('',#3404,10.);
#1089=VECTOR('',#3405,10.);
#1090=VECTOR('',#3406,10.);
#1091=VECTOR('',#3407,10.);
#1092=VECTOR('',#3408,10.);
#1093=VECTOR('',#3409,10.);
#1094=VECTOR('',#3414,10.);
#1095=VECTOR('',#3415,10.);
#1096=VECTOR('',#3424,3.);
#1097=VECTOR('',#3431,4.);
#1098=VECTOR('',#3432,4.);
#1099=VECTOR('',#3435,10.);
#1100=VECTOR('',#3436,10.);
#1101=VECTOR('',#3437,10.);
#1102=VECTOR('',#3438,10.);
#1103=VECTOR('',#3441,10.);
#1104=VECTOR('',#3442,10.);
#1105=VECTOR('',#3443,10.);
#1106=VECTOR('',#3446,10.);
#1107=VECTOR('',#3447,10.);
#1108=VECTOR('',#3448,10.);
#1109=VECTOR('',#3451,10.);
#1110=VECTOR('',#3454,10.);
#1111=VECTOR('',#3469,10.);
#1112=VECTOR('',#3470,10.);
#1113=VECTOR('',#3475,2.6);
#1114=VECTOR('',#3478,2.5);
#1115=VECTOR('',#3483,1.75);
#1116=VECTOR('',#3488,1.75);
#1117=VECTOR('',#3495,1.75);
#1118=VECTOR('',#3500,1.75);
#1119=VECTOR('',#3503,10.);
#1120=VECTOR('',#3506,10.);
#1121=CIRCLE('',#2728,3.75);
#1122=CIRCLE('',#2729,3.75);
#1123=CIRCLE('',#2731,1.6);
#1124=CIRCLE('',#2733,3.75);
#1125=CIRCLE('',#2734,3.75);
#1126=CIRCLE('',#2736,1.6);
#1127=CIRCLE('',#2738,3.75);
#1128=CIRCLE('',#2739,3.75);
#1129=CIRCLE('',#2741,1.6);
#1130=CIRCLE('',#2743,3.75);
#1131=CIRCLE('',#2744,3.75);
#1132=CIRCLE('',#2746,1.6);
#1133=CIRCLE('',#2750,1.8);
#1134=CIRCLE('',#2751,1.8);
#1135=CIRCLE('',#2752,1.8);
#1136=CIRCLE('',#2753,1.8);
#1137=CIRCLE('',#2754,1.6);
#1138=CIRCLE('',#2755,1.6);
#1139=CIRCLE('',#2756,1.6);
#1140=CIRCLE('',#2757,1.6);
#1141=CIRCLE('',#2760,1.8);
#1142=CIRCLE('',#2761,1.8);
#1143=CIRCLE('',#2763,1.75);
#1144=CIRCLE('',#2764,1.75);
#1145=CIRCLE('',#2766,1.8);
#1146=CIRCLE('',#2767,1.8);
#1147=CIRCLE('',#2852,4.);
#1148=CIRCLE('',#2854,1.75);
#1149=CIRCLE('',#2855,1.75);
#1150=CIRCLE('',#2857,2.);
#1151=CIRCLE('',#2858,4.);
#1152=CIRCLE('',#2859,2.);
#1153=CIRCLE('',#2867,2.5);
#1154=CIRCLE('',#2869,2.5);
#1155=CIRCLE('',#2871,2.6);
#1156=CIRCLE('',#2873,1.75);
#1157=CIRCLE('',#2877,1.75);
#1158=CIRCLE('',#2878,1.75);
#1159=CIRCLE('',#2880,1.75);
#1160=CIRCLE('',#2882,1.75);
#1161=CIRCLE('',#2884,1.75);
#1162=VERTEX_POINT('',#3515);
#1163=VERTEX_POINT('',#3517);
#1164=VERTEX_POINT('',#3521);
#1165=VERTEX_POINT('',#3524);
#1166=VERTEX_POINT('',#3526);
#1167=VERTEX_POINT('',#3530);
#1168=VERTEX_POINT('',#3533);
#1169=VERTEX_POINT('',#3535);
#1170=VERTEX_POINT('',#3539);
#1171=VERTEX_POINT('',#3542);
#1172=VERTEX_POINT('',#3544);
#1173=VERTEX_POINT('',#3548);
#1174=VERTEX_POINT('',#3551);
#1175=VERTEX_POINT('',#3552);
#1176=VERTEX_POINT('',#3554);
#1177=VERTEX_POINT('',#3556);
#1178=VERTEX_POINT('',#3560);
#1179=VERTEX_POINT('',#3561);
#1180=VERTEX_POINT('',#3563);
#1181=VERTEX_POINT('',#3565);
#1182=VERTEX_POINT('',#3570);
#1183=VERTEX_POINT('',#3572);
#1184=VERTEX_POINT('',#3574);
#1185=VERTEX_POINT('',#3576);
#1186=VERTEX_POINT('',#3578);
#1187=VERTEX_POINT('',#3580);
#1188=VERTEX_POINT('',#3582);
#1189=VERTEX_POINT('',#3584);
#1190=VERTEX_POINT('',#3587);
#1191=VERTEX_POINT('',#3589);
#1192=VERTEX_POINT('',#3591);
#1193=VERTEX_POINT('',#3593);
#1194=VERTEX_POINT('',#3596);
#1195=VERTEX_POINT('',#3600);
#1196=VERTEX_POINT('',#3602);
#1197=VERTEX_POINT('',#3604);
#1198=VERTEX_POINT('',#3606);
#1199=VERTEX_POINT('',#3610);
#1200=VERTEX_POINT('',#3612);
#1201=VERTEX_POINT('',#3616);
#1202=VERTEX_POINT('',#3618);
#1203=VERTEX_POINT('',#3620);
#1204=VERTEX_POINT('',#3622);
#1205=VERTEX_POINT('',#3624);
#1206=VERTEX_POINT('',#3626);
#1207=VERTEX_POINT('',#3628);
#1208=VERTEX_POINT('',#3630);
#1209=VERTEX_POINT('',#3656);
#1210=VERTEX_POINT('',#3657);
#1211=VERTEX_POINT('',#3659);
#1212=VERTEX_POINT('',#3661);
#1213=VERTEX_POINT('',#3665);
#1214=VERTEX_POINT('',#3667);
#1215=VERTEX_POINT('',#3671);
#1216=VERTEX_POINT('',#3673);
#1217=VERTEX_POINT('',#3680);
#1218=VERTEX_POINT('',#3681);
#1219=VERTEX_POINT('',#3683);
#1220=VERTEX_POINT('',#3685);
#1221=VERTEX_POINT('',#3689);
#1222=VERTEX_POINT('',#3691);
#1223=VERTEX_POINT('',#3695);
#1224=VERTEX_POINT('',#3697);
#1225=VERTEX_POINT('',#3704);
#1226=VERTEX_POINT('',#3705);
#1227=VERTEX_POINT('',#3707);
#1228=VERTEX_POINT('',#3709);
#1229=VERTEX_POINT('',#3722);
#1230=VERTEX_POINT('',#3728);
#1231=VERTEX_POINT('',#3745);
#1232=VERTEX_POINT('',#3751);
#1233=VERTEX_POINT('',#3768);
#1234=VERTEX_POINT('',#3774);
#1235=VERTEX_POINT('',#3791);
#1236=VERTEX_POINT('',#3797);
#1237=VERTEX_POINT('',#3814);
#1238=VERTEX_POINT('',#3820);
#1239=VERTEX_POINT('',#3828);
#1240=VERTEX_POINT('',#3830);
#1241=VERTEX_POINT('',#3834);
#1242=VERTEX_POINT('',#3836);
#1243=VERTEX_POINT('',#3840);
#1244=VERTEX_POINT('',#3842);
#1245=VERTEX_POINT('',#3855);
#1246=VERTEX_POINT('',#3861);
#1247=VERTEX_POINT('',#3878);
#1248=VERTEX_POINT('',#3884);
#1249=VERTEX_POINT('',#3901);
#1250=VERTEX_POINT('',#3907);
#1251=VERTEX_POINT('',#3924);
#1252=VERTEX_POINT('',#3930);
#1253=VERTEX_POINT('',#3947);
#1254=VERTEX_POINT('',#3953);
#1255=VERTEX_POINT('',#3961);
#1256=VERTEX_POINT('',#3963);
#1257=VERTEX_POINT('',#3967);
#1258=VERTEX_POINT('',#3969);
#1259=VERTEX_POINT('',#3973);
#1260=VERTEX_POINT('',#3975);
#1261=VERTEX_POINT('',#3988);
#1262=VERTEX_POINT('',#3994);
#1263=VERTEX_POINT('',#4011);
#1264=VERTEX_POINT('',#4017);
#1265=VERTEX_POINT('',#4034);
#1266=VERTEX_POINT('',#4040);
#1267=VERTEX_POINT('',#4057);
#1268=VERTEX_POINT('',#4063);
#1269=VERTEX_POINT('',#4080);
#1270=VERTEX_POINT('',#4086);
#1271=VERTEX_POINT('',#4103);
#1272=VERTEX_POINT('',#4109);
#1273=VERTEX_POINT('',#4126);
#1274=VERTEX_POINT('',#4132);
#1275=VERTEX_POINT('',#4140);
#1276=VERTEX_POINT('',#4142);
#1277=VERTEX_POINT('',#4146);
#1278=VERTEX_POINT('',#4148);
#1279=VERTEX_POINT('',#4152);
#1280=VERTEX_POINT('',#4154);
#1281=VERTEX_POINT('',#4162);
#1282=VERTEX_POINT('',#4163);
#1283=VERTEX_POINT('',#4165);
#1284=VERTEX_POINT('',#4167);
#1285=VERTEX_POINT('',#4171);
#1286=VERTEX_POINT('',#4173);
#1287=VERTEX_POINT('',#4177);
#1288=VERTEX_POINT('',#4179);
#1289=VERTEX_POINT('',#4183);
#1290=VERTEX_POINT('',#4185);
#1291=VERTEX_POINT('',#4189);
#1292=VERTEX_POINT('',#4191);
#1293=VERTEX_POINT('',#4195);
#1294=VERTEX_POINT('',#4197);
#1295=VERTEX_POINT('',#4201);
#1296=VERTEX_POINT('',#4203);
#1297=VERTEX_POINT('',#4207);
#1298=VERTEX_POINT('',#4209);
#1299=VERTEX_POINT('',#4213);
#1300=VERTEX_POINT('',#4215);
#1301=VERTEX_POINT('',#4219);
#1302=VERTEX_POINT('',#4221);
#1303=VERTEX_POINT('',#4225);
#1304=VERTEX_POINT('',#4227);
#1305=VERTEX_POINT('',#4235);
#1306=VERTEX_POINT('',#4236);
#1307=VERTEX_POINT('',#4238);
#1308=VERTEX_POINT('',#4240);
#1309=VERTEX_POINT('',#4244);
#1310=VERTEX_POINT('',#4246);
#1311=VERTEX_POINT('',#4250);
#1312=VERTEX_POINT('',#4252);
#1313=VERTEX_POINT('',#4256);
#1314=VERTEX_POINT('',#4258);
#1315=VERTEX_POINT('',#4262);
#1316=VERTEX_POINT('',#4264);
#1317=VERTEX_POINT('',#4268);
#1318=VERTEX_POINT('',#4270);
#1319=VERTEX_POINT('',#4274);
#1320=VERTEX_POINT('',#4276);
#1321=VERTEX_POINT('',#4280);
#1322=VERTEX_POINT('',#4282);
#1323=VERTEX_POINT('',#4295);
#1324=VERTEX_POINT('',#4301);
#1325=VERTEX_POINT('',#4318);
#1326=VERTEX_POINT('',#4324);
#1327=VERTEX_POINT('',#4332);
#1328=VERTEX_POINT('',#4334);
#1329=VERTEX_POINT('',#4338);
#1330=VERTEX_POINT('',#4340);
#1331=VERTEX_POINT('',#4344);
#1332=VERTEX_POINT('',#4346);
#1333=VERTEX_POINT('',#4350);
#1334=VERTEX_POINT('',#4352);
#1335=VERTEX_POINT('',#4360);
#1336=VERTEX_POINT('',#4361);
#1337=VERTEX_POINT('',#4363);
#1338=VERTEX_POINT('',#4365);
#1339=VERTEX_POINT('',#4369);
#1340=VERTEX_POINT('',#4371);
#1341=VERTEX_POINT('',#4375);
#1342=VERTEX_POINT('',#4377);
#1343=VERTEX_POINT('',#4381);
#1344=VERTEX_POINT('',#4383);
#1345=VERTEX_POINT('',#4387);
#1346=VERTEX_POINT('',#4389);
#1347=VERTEX_POINT('',#4393);
#1348=VERTEX_POINT('',#4395);
#1349=VERTEX_POINT('',#4399);
#1350=VERTEX_POINT('',#4401);
#1351=VERTEX_POINT('',#4405);
#1352=VERTEX_POINT('',#4407);
#1353=VERTEX_POINT('',#4411);
#1354=VERTEX_POINT('',#4413);
#1355=VERTEX_POINT('',#4417);
#1356=VERTEX_POINT('',#4419);
#1357=VERTEX_POINT('',#4423);
#1358=VERTEX_POINT('',#4425);
#1359=VERTEX_POINT('',#4433);
#1360=VERTEX_POINT('',#4434);
#1361=VERTEX_POINT('',#4436);
#1362=VERTEX_POINT('',#4438);
#1363=VERTEX_POINT('',#4442);
#1364=VERTEX_POINT('',#4444);
#1365=VERTEX_POINT('',#4451);
#1366=VERTEX_POINT('',#4452);
#1367=VERTEX_POINT('',#4454);
#1368=VERTEX_POINT('',#4456);
#1369=VERTEX_POINT('',#4460);
#1370=VERTEX_POINT('',#4462);
#1371=VERTEX_POINT('',#4466);
#1372=VERTEX_POINT('',#4468);
#1373=VERTEX_POINT('',#4472);
#1374=VERTEX_POINT('',#4474);
#1375=VERTEX_POINT('',#4478);
#1376=VERTEX_POINT('',#4480);
#1377=VERTEX_POINT('',#4484);
#1378=VERTEX_POINT('',#4486);
#1379=VERTEX_POINT('',#4490);
#1380=VERTEX_POINT('',#4492);
#1381=VERTEX_POINT('',#4500);
#1382=VERTEX_POINT('',#4501);
#1383=VERTEX_POINT('',#4503);
#1384=VERTEX_POINT('',#4505);
#1385=VERTEX_POINT('',#4507);
#1386=VERTEX_POINT('',#4509);
#1387=VERTEX_POINT('',#4512);
#1388=VERTEX_POINT('',#4517);
#1389=VERTEX_POINT('',#4519);
#1390=VERTEX_POINT('',#4522);
#1391=VERTEX_POINT('',#4523);
#1392=VERTEX_POINT('',#4525);
#1393=VERTEX_POINT('',#4530);
#1394=VERTEX_POINT('',#4532);
#1395=VERTEX_POINT('',#4543);
#1396=VERTEX_POINT('',#4574);
#1397=VERTEX_POINT('',#4575);
#1398=VERTEX_POINT('',#4613);
#1399=VERTEX_POINT('',#4614);
#1400=VERTEX_POINT('',#4616);
#1401=VERTEX_POINT('',#4618);
#1402=VERTEX_POINT('',#4622);
#1403=VERTEX_POINT('',#4624);
#1404=VERTEX_POINT('',#4628);
#1405=VERTEX_POINT('',#4629);
#1406=VERTEX_POINT('',#4638);
#1407=VERTEX_POINT('',#4641);
#1408=VERTEX_POINT('',#4644);
#1409=VERTEX_POINT('',#4649);
#1410=VERTEX_POINT('',#4656);
#1411=VERTEX_POINT('',#4658);
#1412=VERTEX_POINT('',#4662);
#1413=VERTEX_POINT('',#4666);
#1414=VERTEX_POINT('',#4670);
#1415=EDGE_CURVE('',#1162,#1162,#1121,.T.);
#1416=EDGE_CURVE('',#1162,#1163,#531,.T.);
#1417=EDGE_CURVE('',#1163,#1163,#1122,.T.);
#1418=EDGE_CURVE('',#1164,#1164,#1123,.T.);
#1419=EDGE_CURVE('',#1165,#1165,#1124,.T.);
#1420=EDGE_CURVE('',#1165,#1166,#532,.T.);
#1421=EDGE_CURVE('',#1166,#1166,#1125,.T.);
#1422=EDGE_CURVE('',#1167,#1167,#1126,.T.);
#1423=EDGE_CURVE('',#1168,#1168,#1127,.T.);
#1424=EDGE_CURVE('',#1168,#1169,#533,.T.);
#1425=EDGE_CURVE('',#1169,#1169,#1128,.T.);
#1426=EDGE_CURVE('',#1170,#1170,#1129,.T.);
#1427=EDGE_CURVE('',#1171,#1171,#1130,.T.);
#1428=EDGE_CURVE('',#1171,#1172,#534,.T.);
#1429=EDGE_CURVE('',#1172,#1172,#1131,.T.);
#1430=EDGE_CURVE('',#1173,#1173,#1132,.T.);
#1431=EDGE_CURVE('',#1174,#1175,#535,.T.);
#1432=EDGE_CURVE('',#1174,#1176,#536,.T.);
#1433=EDGE_CURVE('',#1177,#1176,#537,.T.);
#1434=EDGE_CURVE('',#1175,#1177,#538,.T.);
#1435=EDGE_CURVE('',#1178,#1179,#539,.T.);
#1436=EDGE_CURVE('',#1180,#1178,#540,.T.);
#1437=EDGE_CURVE('',#1181,#1180,#541,.T.);
#1438=EDGE_CURVE('',#1179,#1181,#542,.T.);
#1439=EDGE_CURVE('',#1176,#1181,#543,.T.);
#1440=EDGE_CURVE('',#1182,#1180,#544,.T.);
#1441=EDGE_CURVE('',#1183,#1182,#1133,.T.);
#1442=EDGE_CURVE('',#1184,#1183,#545,.T.);
#1443=EDGE_CURVE('',#1185,#1184,#1134,.T.);
#1444=EDGE_CURVE('',#1186,#1185,#546,.T.);
#1445=EDGE_CURVE('',#1187,#1186,#1135,.T.);
#1446=EDGE_CURVE('',#1188,#1187,#547,.T.);
#1447=EDGE_CURVE('',#1189,#1188,#1136,.T.);
#1448=EDGE_CURVE('',#1177,#1189,#548,.T.);
#1449=EDGE_CURVE('',#1190,#1190,#1137,.T.);
#1450=EDGE_CURVE('',#1191,#1191,#1138,.T.);
#1451=EDGE_CURVE('',#1192,#1192,#1139,.T.);
#1452=EDGE_CURVE('',#1193,#1193,#1140,.T.);
#1453=EDGE_CURVE('',#1178,#1194,#549,.T.);
#1454=EDGE_CURVE('',#1182,#1194,#550,.T.);
#1455=EDGE_CURVE('',#1179,#1195,#551,.T.);
#1456=EDGE_CURVE('',#1196,#1195,#552,.T.);
#1457=EDGE_CURVE('',#1197,#1196,#1141,.T.);
#1458=EDGE_CURVE('',#1198,#1197,#553,.T.);
#1459=EDGE_CURVE('',#1194,#1198,#1142,.T.);
#1460=EDGE_CURVE('',#1199,#1199,#1143,.T.);
#1461=EDGE_CURVE('',#1199,#1200,#554,.T.);
#1462=EDGE_CURVE('',#1200,#1200,#1144,.T.);
#1463=EDGE_CURVE('',#1201,#1175,#555,.T.);
#1464=EDGE_CURVE('',#1202,#1201,#1145,.T.);
#1465=EDGE_CURVE('',#1203,#1202,#556,.T.);
#1466=EDGE_CURVE('',#1204,#1203,#1146,.T.);
#1467=EDGE_CURVE('',#1205,#1204,#557,.T.);
#1468=EDGE_CURVE('',#1205,#1206,#558,.T.);
#1469=EDGE_CURVE('',#1206,#1207,#559,.T.);
#1470=EDGE_CURVE('',#1207,#1208,#560,.T.);
#1471=EDGE_CURVE('',#1208,#1174,#561,.T.);
#1472=EDGE_CURVE('',#1183,#1198,#562,.T.);
#1473=EDGE_CURVE('',#1184,#1197,#563,.T.);
#1474=EDGE_CURVE('',#1185,#1196,#564,.T.);
#1475=EDGE_CURVE('',#1190,#1173,#565,.T.);
#1476=EDGE_CURVE('',#1191,#1167,#566,.T.);
#1477=EDGE_CURVE('',#1192,#1164,#567,.T.);
#1478=EDGE_CURVE('',#1193,#1170,#568,.T.);
#1479=EDGE_CURVE('',#1187,#1203,#569,.T.);
#1480=EDGE_CURVE('',#1186,#1204,#570,.T.);
#1481=EDGE_CURVE('',#1188,#1202,#571,.T.);
#1482=EDGE_CURVE('',#1189,#1201,#572,.T.);
#1483=EDGE_CURVE('',#1209,#1210,#573,.T.);
#1484=EDGE_CURVE('',#1211,#1210,#574,.T.);
#1485=EDGE_CURVE('',#1212,#1211,#575,.T.);
#1486=EDGE_CURVE('',#1212,#1209,#576,.T.);
#1487=EDGE_CURVE('',#1210,#1213,#577,.T.);
#1488=EDGE_CURVE('',#1214,#1213,#578,.T.);
#1489=EDGE_CURVE('',#1211,#1214,#579,.T.);
#1490=EDGE_CURVE('',#1213,#1215,#580,.T.);
#1491=EDGE_CURVE('',#1216,#1215,#581,.T.);
#1492=EDGE_CURVE('',#1214,#1216,#582,.T.);
#1493=EDGE_CURVE('',#1215,#1209,#583,.T.);
#1494=EDGE_CURVE('',#1216,#1212,#584,.T.);
#1495=EDGE_CURVE('',#1217,#1218,#585,.T.);
#1496=EDGE_CURVE('',#1219,#1218,#586,.T.);
#1497=EDGE_CURVE('',#1220,#1219,#587,.T.);
#1498=EDGE_CURVE('',#1220,#1217,#588,.T.);
#1499=EDGE_CURVE('',#1218,#1221,#589,.T.);
#1500=EDGE_CURVE('',#1222,#1221,#590,.T.);
#1501=EDGE_CURVE('',#1219,#1222,#591,.T.);
#1502=EDGE_CURVE('',#1221,#1223,#592,.T.);
#1503=EDGE_CURVE('',#1224,#1223,#593,.T.);
#1504=EDGE_CURVE('',#1222,#1224,#594,.T.);
#1505=EDGE_CURVE('',#1223,#1217,#595,.T.);
#1506=EDGE_CURVE('',#1224,#1220,#596,.T.);
#1507=EDGE_CURVE('',#1225,#1226,#597,.T.);
#1508=EDGE_CURVE('',#1225,#1227,#598,.T.);
#1509=EDGE_CURVE('',#1227,#1228,#599,.T.);
#1510=EDGE_CURVE('',#1226,#1228,#600,.T.);
#1511=EDGE_CURVE('',#1229,#1225,#17,.T.);
#1512=EDGE_CURVE('',#1229,#1230,#601,.T.);
#1513=EDGE_CURVE('',#1230,#1227,#18,.T.);
#1514=EDGE_CURVE('',#1231,#1229,#19,.T.);
#1515=EDGE_CURVE('',#1231,#1232,#602,.T.);
#1516=EDGE_CURVE('',#1232,#1230,#20,.T.);
#1517=EDGE_CURVE('',#1233,#1231,#21,.T.);
#1518=EDGE_CURVE('',#1233,#1234,#603,.T.);
#1519=EDGE_CURVE('',#1234,#1232,#22,.T.);
#1520=EDGE_CURVE('',#1235,#1233,#23,.T.);
#1521=EDGE_CURVE('',#1235,#1236,#604,.T.);
#1522=EDGE_CURVE('',#1236,#1234,#24,.T.);
#1523=EDGE_CURVE('',#1237,#1235,#25,.T.);
#1524=EDGE_CURVE('',#1237,#1238,#605,.T.);
#1525=EDGE_CURVE('',#1238,#1236,#26,.T.);
#1526=EDGE_CURVE('',#1239,#1237,#606,.T.);
#1527=EDGE_CURVE('',#1239,#1240,#607,.T.);
#1528=EDGE_CURVE('',#1240,#1238,#608,.T.);
#1529=EDGE_CURVE('',#1241,#1239,#609,.T.);
#1530=EDGE_CURVE('',#1241,#1242,#610,.T.);
#1531=EDGE_CURVE('',#1242,#1240,#611,.T.);
#1532=EDGE_CURVE('',#1243,#1241,#612,.T.);
#1533=EDGE_CURVE('',#1243,#1244,#613,.T.);
#1534=EDGE_CURVE('',#1244,#1242,#614,.T.);
#1535=EDGE_CURVE('',#1245,#1243,#27,.T.);
#1536=EDGE_CURVE('',#1245,#1246,#615,.T.);
#1537=EDGE_CURVE('',#1246,#1244,#28,.T.);
#1538=EDGE_CURVE('',#1247,#1245,#29,.T.);
#1539=EDGE_CURVE('',#1247,#1248,#616,.T.);
#1540=EDGE_CURVE('',#1248,#1246,#30,.T.);
#1541=EDGE_CURVE('',#1249,#1247,#31,.T.);
#1542=EDGE_CURVE('',#1249,#1250,#617,.T.);
#1543=EDGE_CURVE('',#1250,#1248,#32,.T.);
#1544=EDGE_CURVE('',#1251,#1249,#33,.T.);
#1545=EDGE_CURVE('',#1251,#1252,#618,.T.);
#1546=EDGE_CURVE('',#1252,#1250,#34,.T.);
#1547=EDGE_CURVE('',#1253,#1251,#35,.T.);
#1548=EDGE_CURVE('',#1253,#1254,#619,.T.);
#1549=EDGE_CURVE('',#1254,#1252,#36,.T.);
#1550=EDGE_CURVE('',#1255,#1253,#620,.T.);
#1551=EDGE_CURVE('',#1255,#1256,#621,.T.);
#1552=EDGE_CURVE('',#1256,#1254,#622,.T.);
#1553=EDGE_CURVE('',#1257,#1255,#623,.T.);
#1554=EDGE_CURVE('',#1257,#1258,#624,.T.);
#1555=EDGE_CURVE('',#1258,#1256,#625,.T.);
#1556=EDGE_CURVE('',#1259,#1257,#626,.T.);
#1557=EDGE_CURVE('',#1259,#1260,#627,.T.);
#1558=EDGE_CURVE('',#1260,#1258,#628,.T.);
#1559=EDGE_CURVE('',#1261,#1259,#37,.T.);
#1560=EDGE_CURVE('',#1261,#1262,#629,.T.);
#1561=EDGE_CURVE('',#1262,#1260,#38,.T.);
#1562=EDGE_CURVE('',#1263,#1261,#39,.T.);
#1563=EDGE_CURVE('',#1263,#1264,#630,.T.);
#1564=EDGE_CURVE('',#1264,#1262,#40,.T.);
#1565=EDGE_CURVE('',#1265,#1263,#41,.T.);
#1566=EDGE_CURVE('',#1265,#1266,#631,.T.);
#1567=EDGE_CURVE('',#1266,#1264,#42,.T.);
#1568=EDGE_CURVE('',#1267,#1265,#43,.T.);
#1569=EDGE_CURVE('',#1267,#1268,#632,.T.);
#1570=EDGE_CURVE('',#1268,#1266,#44,.T.);
#1571=EDGE_CURVE('',#1269,#1267,#45,.T.);
#1572=EDGE_CURVE('',#1269,#1270,#633,.T.);
#1573=EDGE_CURVE('',#1270,#1268,#46,.T.);
#1574=EDGE_CURVE('',#1271,#1269,#47,.T.);
#1575=EDGE_CURVE('',#1271,#1272,#634,.T.);
#1576=EDGE_CURVE('',#1272,#1270,#48,.T.);
#1577=EDGE_CURVE('',#1273,#1271,#49,.T.);
#1578=EDGE_CURVE('',#1273,#1274,#635,.T.);
#1579=EDGE_CURVE('',#1274,#1272,#50,.T.);
#1580=EDGE_CURVE('',#1275,#1273,#636,.T.);
#1581=EDGE_CURVE('',#1275,#1276,#637,.T.);
#1582=EDGE_CURVE('',#1276,#1274,#638,.T.);
#1583=EDGE_CURVE('',#1277,#1275,#639,.T.);
#1584=EDGE_CURVE('',#1277,#1278,#640,.T.);
#1585=EDGE_CURVE('',#1278,#1276,#641,.T.);
#1586=EDGE_CURVE('',#1279,#1277,#642,.T.);
#1587=EDGE_CURVE('',#1279,#1280,#643,.T.);
#1588=EDGE_CURVE('',#1280,#1278,#644,.T.);
#1589=EDGE_CURVE('',#1226,#1279,#645,.T.);
#1590=EDGE_CURVE('',#1228,#1280,#646,.T.);
#1591=EDGE_CURVE('',#1281,#1282,#647,.T.);
#1592=EDGE_CURVE('',#1281,#1283,#648,.T.);
#1593=EDGE_CURVE('',#1283,#1284,#649,.T.);
#1594=EDGE_CURVE('',#1282,#1284,#650,.T.);
#1595=EDGE_CURVE('',#1285,#1281,#651,.T.);
#1596=EDGE_CURVE('',#1285,#1286,#652,.T.);
#1597=EDGE_CURVE('',#1286,#1283,#653,.T.);
#1598=EDGE_CURVE('',#1287,#1285,#654,.T.);
#1599=EDGE_CURVE('',#1287,#1288,#655,.T.);
#1600=EDGE_CURVE('',#1288,#1286,#656,.T.);
#1601=EDGE_CURVE('',#1289,#1287,#657,.T.);
#1602=EDGE_CURVE('',#1289,#1290,#658,.T.);
#1603=EDGE_CURVE('',#1290,#1288,#659,.T.);
#1604=EDGE_CURVE('',#1291,#1289,#660,.T.);
#1605=EDGE_CURVE('',#1291,#1292,#661,.T.);
#1606=EDGE_CURVE('',#1292,#1290,#662,.T.);
#1607=EDGE_CURVE('',#1293,#1291,#663,.T.);
#1608=EDGE_CURVE('',#1293,#1294,#664,.T.);
#1609=EDGE_CURVE('',#1294,#1292,#665,.T.);
#1610=EDGE_CURVE('',#1295,#1293,#666,.T.);
#1611=EDGE_CURVE('',#1295,#1296,#667,.T.);
#1612=EDGE_CURVE('',#1296,#1294,#668,.T.);
#1613=EDGE_CURVE('',#1297,#1295,#669,.T.);
#1614=EDGE_CURVE('',#1297,#1298,#670,.T.);
#1615=EDGE_CURVE('',#1298,#1296,#671,.T.);
#1616=EDGE_CURVE('',#1299,#1297,#672,.T.);
#1617=EDGE_CURVE('',#1299,#1300,#673,.T.);
#1618=EDGE_CURVE('',#1300,#1298,#674,.T.);
#1619=EDGE_CURVE('',#1301,#1299,#675,.T.);
#1620=EDGE_CURVE('',#1301,#1302,#676,.T.);
#1621=EDGE_CURVE('',#1302,#1300,#677,.T.);
#1622=EDGE_CURVE('',#1303,#1301,#678,.T.);
#1623=EDGE_CURVE('',#1303,#1304,#679,.T.);
#1624=EDGE_CURVE('',#1304,#1302,#680,.T.);
#1625=EDGE_CURVE('',#1282,#1303,#681,.T.);
#1626=EDGE_CURVE('',#1284,#1304,#682,.T.);
#1627=EDGE_CURVE('',#1305,#1306,#683,.T.);
#1628=EDGE_CURVE('',#1305,#1307,#684,.T.);
#1629=EDGE_CURVE('',#1307,#1308,#685,.T.);
#1630=EDGE_CURVE('',#1306,#1308,#686,.T.);
#1631=EDGE_CURVE('',#1309,#1305,#687,.T.);
#1632=EDGE_CURVE('',#1309,#1310,#688,.T.);
#1633=EDGE_CURVE('',#1310,#1307,#689,.T.);
#1634=EDGE_CURVE('',#1311,#1309,#690,.T.);
#1635=EDGE_CURVE('',#1311,#1312,#691,.T.);
#1636=EDGE_CURVE('',#1312,#1310,#692,.T.);
#1637=EDGE_CURVE('',#1313,#1311,#693,.T.);
#1638=EDGE_CURVE('',#1313,#1314,#694,.T.);
#1639=EDGE_CURVE('',#1314,#1312,#695,.T.);
#1640=EDGE_CURVE('',#1315,#1313,#696,.T.);
#1641=EDGE_CURVE('',#1315,#1316,#697,.T.);
#1642=EDGE_CURVE('',#1316,#1314,#698,.T.);
#1643=EDGE_CURVE('',#1317,#1315,#699,.T.);
#1644=EDGE_CURVE('',#1317,#1318,#700,.T.);
#1645=EDGE_CURVE('',#1318,#1316,#701,.T.);
#1646=EDGE_CURVE('',#1319,#1317,#702,.T.);
#1647=EDGE_CURVE('',#1319,#1320,#703,.T.);
#1648=EDGE_CURVE('',#1320,#1318,#704,.T.);
#1649=EDGE_CURVE('',#1321,#1319,#705,.T.);
#1650=EDGE_CURVE('',#1321,#1322,#706,.T.);
#1651=EDGE_CURVE('',#1322,#1320,#707,.T.);
#1652=EDGE_CURVE('',#1323,#1321,#51,.T.);
#1653=EDGE_CURVE('',#1323,#1324,#708,.T.);
#1654=EDGE_CURVE('',#1324,#1322,#52,.T.);
#1655=EDGE_CURVE('',#1325,#1323,#53,.T.);
#1656=EDGE_CURVE('',#1325,#1326,#709,.T.);
#1657=EDGE_CURVE('',#1326,#1324,#54,.T.);
#1658=EDGE_CURVE('',#1327,#1325,#710,.T.);
#1659=EDGE_CURVE('',#1327,#1328,#711,.T.);
#1660=EDGE_CURVE('',#1328,#1326,#712,.T.);
#1661=EDGE_CURVE('',#1329,#1327,#713,.T.);
#1662=EDGE_CURVE('',#1329,#1330,#714,.T.);
#1663=EDGE_CURVE('',#1330,#1328,#715,.T.);
#1664=EDGE_CURVE('',#1331,#1329,#716,.T.);
#1665=EDGE_CURVE('',#1331,#1332,#717,.T.);
#1666=EDGE_CURVE('',#1332,#1330,#718,.T.);
#1667=EDGE_CURVE('',#1333,#1331,#719,.T.);
#1668=EDGE_CURVE('',#1333,#1334,#720,.T.);
#1669=EDGE_CURVE('',#1334,#1332,#721,.T.);
#1670=EDGE_CURVE('',#1306,#1333,#722,.T.);
#1671=EDGE_CURVE('',#1308,#1334,#723,.T.);
#1672=EDGE_CURVE('',#1335,#1336,#724,.T.);
#1673=EDGE_CURVE('',#1335,#1337,#725,.T.);
#1674=EDGE_CURVE('',#1337,#1338,#726,.T.);
#1675=EDGE_CURVE('',#1336,#1338,#727,.T.);
#1676=EDGE_CURVE('',#1339,#1335,#728,.T.);
#1677=EDGE_CURVE('',#1339,#1340,#729,.T.);
#1678=EDGE_CURVE('',#1340,#1337,#730,.T.);
#1679=EDGE_CURVE('',#1341,#1339,#731,.T.);
#1680=EDGE_CURVE('',#1341,#1342,#732,.T.);
#1681=EDGE_CURVE('',#1342,#1340,#733,.T.);
#1682=EDGE_CURVE('',#1343,#1341,#734,.T.);
#1683=EDGE_CURVE('',#1343,#1344,#735,.T.);
#1684=EDGE_CURVE('',#1344,#1342,#736,.T.);
#1685=EDGE_CURVE('',#1345,#1343,#737,.T.);
#1686=EDGE_CURVE('',#1345,#1346,#738,.T.);
#1687=EDGE_CURVE('',#1346,#1344,#739,.T.);
#1688=EDGE_CURVE('',#1347,#1345,#740,.T.);
#1689=EDGE_CURVE('',#1347,#1348,#741,.T.);
#1690=EDGE_CURVE('',#1348,#1346,#742,.T.);
#1691=EDGE_CURVE('',#1349,#1347,#743,.T.);
#1692=EDGE_CURVE('',#1349,#1350,#744,.T.);
#1693=EDGE_CURVE('',#1350,#1348,#745,.T.);
#1694=EDGE_CURVE('',#1351,#1349,#746,.T.);
#1695=EDGE_CURVE('',#1351,#1352,#747,.T.);
#1696=EDGE_CURVE('',#1352,#1350,#748,.T.);
#1697=EDGE_CURVE('',#1353,#1351,#749,.T.);
#1698=EDGE_CURVE('',#1353,#1354,#750,.T.);
#1699=EDGE_CURVE('',#1354,#1352,#751,.T.);
#1700=EDGE_CURVE('',#1355,#1353,#752,.T.);
#1701=EDGE_CURVE('',#1355,#1356,#753,.T.);
#1702=EDGE_CURVE('',#1356,#1354,#754,.T.);
#1703=EDGE_CURVE('',#1357,#1355,#755,.T.);
#1704=EDGE_CURVE('',#1357,#1358,#756,.T.);
#1705=EDGE_CURVE('',#1358,#1356,#757,.T.);
#1706=EDGE_CURVE('',#1336,#1357,#758,.T.);
#1707=EDGE_CURVE('',#1338,#1358,#759,.T.);
#1708=EDGE_CURVE('',#1359,#1360,#760,.T.);
#1709=EDGE_CURVE('',#1359,#1361,#761,.T.);
#1710=EDGE_CURVE('',#1361,#1362,#762,.T.);
#1711=EDGE_CURVE('',#1360,#1362,#763,.T.);
#1712=EDGE_CURVE('',#1363,#1359,#764,.T.);
#1713=EDGE_CURVE('',#1363,#1364,#765,.T.);
#1714=EDGE_CURVE('',#1364,#1361,#766,.T.);
#1715=EDGE_CURVE('',#1360,#1363,#767,.T.);
#1716=EDGE_CURVE('',#1362,#1364,#768,.T.);
#1717=EDGE_CURVE('',#1365,#1366,#769,.T.);
#1718=EDGE_CURVE('',#1365,#1367,#770,.T.);
#1719=EDGE_CURVE('',#1367,#1368,#771,.T.);
#1720=EDGE_CURVE('',#1366,#1368,#772,.T.);
#1721=EDGE_CURVE('',#1369,#1365,#773,.T.);
#1722=EDGE_CURVE('',#1369,#1370,#774,.T.);
#1723=EDGE_CURVE('',#1370,#1367,#775,.T.);
#1724=EDGE_CURVE('',#1371,#1369,#776,.T.);
#1725=EDGE_CURVE('',#1371,#1372,#777,.T.);
#1726=EDGE_CURVE('',#1372,#1370,#778,.T.);
#1727=EDGE_CURVE('',#1373,#1371,#779,.T.);
#1728=EDGE_CURVE('',#1373,#1374,#780,.T.);
#1729=EDGE_CURVE('',#1374,#1372,#781,.T.);
#1730=EDGE_CURVE('',#1375,#1373,#782,.T.);
#1731=EDGE_CURVE('',#1375,#1376,#783,.T.);
#1732=EDGE_CURVE('',#1376,#1374,#784,.T.);
#1733=EDGE_CURVE('',#1377,#1375,#785,.T.);
#1734=EDGE_CURVE('',#1377,#1378,#786,.T.);
#1735=EDGE_CURVE('',#1378,#1376,#787,.T.);
#1736=EDGE_CURVE('',#1379,#1377,#788,.T.);
#1737=EDGE_CURVE('',#1379,#1380,#789,.T.);
#1738=EDGE_CURVE('',#1380,#1378,#790,.T.);
#1739=EDGE_CURVE('',#1366,#1379,#791,.T.);
#1740=EDGE_CURVE('',#1368,#1380,#792,.T.);
#1741=EDGE_CURVE('',#1381,#1382,#793,.T.);
#1742=EDGE_CURVE('',#1383,#1382,#794,.T.);
#1743=EDGE_CURVE('',#1384,#1383,#795,.T.);
#1744=EDGE_CURVE('',#1385,#1384,#796,.T.);
#1745=EDGE_CURVE('',#1386,#1385,#797,.T.);
#1746=EDGE_CURVE('',#1381,#1386,#798,.T.);
#1747=EDGE_CURVE('',#1387,#1387,#1147,.T.);
#1748=EDGE_CURVE('',#1384,#1195,#799,.T.);
#1749=EDGE_CURVE('',#1383,#1205,#800,.T.);
#1750=EDGE_CURVE('',#1388,#1388,#1148,.T.);
#1751=EDGE_CURVE('',#1389,#1389,#1149,.T.);
#1752=EDGE_CURVE('',#1390,#1391,#1150,.T.);
#1753=EDGE_CURVE('',#1391,#1392,#801,.T.);
#1754=EDGE_CURVE('',#1392,#1392,#1151,.T.);
#1755=EDGE_CURVE('',#1391,#1390,#1152,.T.);
#1756=EDGE_CURVE('',#1387,#1393,#802,.T.);
#1757=EDGE_CURVE('',#1394,#1393,#55,.F.);
#1758=EDGE_CURVE('',#1395,#1394,#56,.F.);
#1759=EDGE_CURVE('',#1395,#1392,#803,.T.);
#1760=EDGE_CURVE('',#1393,#1395,#57,.F.);
#1761=EDGE_CURVE('',#1396,#1397,#58,.T.);
#1762=EDGE_CURVE('',#1397,#1396,#59,.T.);
#1763=EDGE_CURVE('',#1398,#1399,#804,.T.);
#1764=EDGE_CURVE('',#1398,#1400,#805,.T.);
#1765=EDGE_CURVE('',#1401,#1400,#806,.T.);
#1766=EDGE_CURVE('',#1399,#1401,#807,.T.);
#1767=EDGE_CURVE('',#1400,#1402,#808,.T.);
#1768=EDGE_CURVE('',#1402,#1403,#809,.T.);
#1769=EDGE_CURVE('',#1401,#1403,#810,.T.);
#1770=EDGE_CURVE('',#1404,#1405,#811,.T.);
#1771=EDGE_CURVE('',#1403,#1404,#812,.T.);
#1772=EDGE_CURVE('',#1402,#1405,#813,.T.);
#1773=EDGE_CURVE('',#1404,#1399,#814,.T.);
#1774=EDGE_CURVE('',#1405,#1398,#815,.T.);
#1775=EDGE_CURVE('',#1406,#1406,#1153,.T.);
#1776=EDGE_CURVE('',#1407,#1390,#1154,.T.);
#1777=EDGE_CURVE('',#1408,#1408,#1155,.T.);
#1778=EDGE_CURVE('',#1207,#1381,#816,.T.);
#1779=EDGE_CURVE('',#1386,#1208,#817,.T.);
#1780=EDGE_CURVE('',#1409,#1409,#1156,.T.);
#1781=EDGE_CURVE('',#1408,#1394,#818,.T.);
#1782=EDGE_CURVE('',#1406,#1397,#819,.T.);
#1783=EDGE_CURVE('',#1410,#1410,#1157,.T.);
#1784=EDGE_CURVE('',#1410,#1411,#820,.T.);
#1785=EDGE_CURVE('',#1411,#1411,#1158,.T.);
#1786=EDGE_CURVE('',#1409,#1412,#821,.T.);
#1787=EDGE_CURVE('',#1412,#1412,#1159,.T.);
#1788=EDGE_CURVE('',#1413,#1413,#1160,.T.);
#1789=EDGE_CURVE('',#1413,#1389,#822,.T.);
#1790=EDGE_CURVE('',#1414,#1414,#1161,.T.);
#1791=EDGE_CURVE('',#1414,#1388,#823,.T.);
#1792=EDGE_CURVE('',#1382,#1206,#824,.T.);
#1793=EDGE_CURVE('',#1385,#1179,#825,.T.);
#1794=ORIENTED_EDGE('',*,*,#1415,.F.);
#1795=ORIENTED_EDGE('',*,*,#1416,.T.);
#1796=ORIENTED_EDGE('',*,*,#1417,.T.);
#1797=ORIENTED_EDGE('',*,*,#1416,.F.);
#1798=ORIENTED_EDGE('',*,*,#1417,.F.);
#1799=ORIENTED_EDGE('',*,*,#1418,.F.);
#1800=ORIENTED_EDGE('',*,*,#1419,.F.);
#1801=ORIENTED_EDGE('',*,*,#1420,.T.);
#1802=ORIENTED_EDGE('',*,*,#1421,.T.);
#1803=ORIENTED_EDGE('',*,*,#1420,.F.);
#1804=ORIENTED_EDGE('',*,*,#1421,.F.);
#1805=ORIENTED_EDGE('',*,*,#1422,.F.);
#1806=ORIENTED_EDGE('',*,*,#1423,.F.);
#1807=ORIENTED_EDGE('',*,*,#1424,.T.);
#1808=ORIENTED_EDGE('',*,*,#1425,.T.);
#1809=ORIENTED_EDGE('',*,*,#1424,.F.);
#1810=ORIENTED_EDGE('',*,*,#1425,.F.);
#1811=ORIENTED_EDGE('',*,*,#1426,.F.);
#1812=ORIENTED_EDGE('',*,*,#1427,.F.);
#1813=ORIENTED_EDGE('',*,*,#1428,.T.);
#1814=ORIENTED_EDGE('',*,*,#1429,.T.);
#1815=ORIENTED_EDGE('',*,*,#1428,.F.);
#1816=ORIENTED_EDGE('',*,*,#1429,.F.);
#1817=ORIENTED_EDGE('',*,*,#1430,.F.);
#1818=ORIENTED_EDGE('',*,*,#1431,.F.);
#1819=ORIENTED_EDGE('',*,*,#1432,.T.);
#1820=ORIENTED_EDGE('',*,*,#1433,.F.);
#1821=ORIENTED_EDGE('',*,*,#1434,.F.);
#1822=ORIENTED_EDGE('',*,*,#1435,.F.);
#1823=ORIENTED_EDGE('',*,*,#1436,.F.);
#1824=ORIENTED_EDGE('',*,*,#1437,.F.);
#1825=ORIENTED_EDGE('',*,*,#1438,.F.);
#1826=ORIENTED_EDGE('',*,*,#1433,.T.);
#1827=ORIENTED_EDGE('',*,*,#1439,.T.);
#1828=ORIENTED_EDGE('',*,*,#1437,.T.);
#1829=ORIENTED_EDGE('',*,*,#1440,.F.);
#1830=ORIENTED_EDGE('',*,*,#1441,.F.);
#1831=ORIENTED_EDGE('',*,*,#1442,.F.);
#1832=ORIENTED_EDGE('',*,*,#1443,.F.);
#1833=ORIENTED_EDGE('',*,*,#1444,.F.);
#1834=ORIENTED_EDGE('',*,*,#1445,.F.);
#1835=ORIENTED_EDGE('',*,*,#1446,.F.);
#1836=ORIENTED_EDGE('',*,*,#1447,.F.);
#1837=ORIENTED_EDGE('',*,*,#1448,.F.);
#1838=ORIENTED_EDGE('',*,*,#1449,.F.);
#1839=ORIENTED_EDGE('',*,*,#1450,.F.);
#1840=ORIENTED_EDGE('',*,*,#1451,.F.);
#1841=ORIENTED_EDGE('',*,*,#1452,.F.);
#1842=ORIENTED_EDGE('',*,*,#1436,.T.);
#1843=ORIENTED_EDGE('',*,*,#1453,.T.);
#1844=ORIENTED_EDGE('',*,*,#1454,.F.);
#1845=ORIENTED_EDGE('',*,*,#1440,.T.);
#1846=ORIENTED_EDGE('',*,*,#1435,.T.);
#1847=ORIENTED_EDGE('',*,*,#1455,.T.);
#1848=ORIENTED_EDGE('',*,*,#1456,.F.);
#1849=ORIENTED_EDGE('',*,*,#1457,.F.);
#1850=ORIENTED_EDGE('',*,*,#1458,.F.);
#1851=ORIENTED_EDGE('',*,*,#1459,.F.);
#1852=ORIENTED_EDGE('',*,*,#1453,.F.);
#1853=ORIENTED_EDGE('',*,*,#1415,.T.);
#1854=ORIENTED_EDGE('',*,*,#1423,.T.);
#1855=ORIENTED_EDGE('',*,*,#1460,.F.);
#1856=ORIENTED_EDGE('',*,*,#1461,.T.);
#1857=ORIENTED_EDGE('',*,*,#1462,.F.);
#1858=ORIENTED_EDGE('',*,*,#1461,.F.);
#1859=ORIENTED_EDGE('',*,*,#1431,.T.);
#1860=ORIENTED_EDGE('',*,*,#1463,.F.);
#1861=ORIENTED_EDGE('',*,*,#1464,.F.);
#1862=ORIENTED_EDGE('',*,*,#1465,.F.);
#1863=ORIENTED_EDGE('',*,*,#1466,.F.);
#1864=ORIENTED_EDGE('',*,*,#1467,.F.);
#1865=ORIENTED_EDGE('',*,*,#1468,.T.);
#1866=ORIENTED_EDGE('',*,*,#1469,.T.);
#1867=ORIENTED_EDGE('',*,*,#1470,.T.);
#1868=ORIENTED_EDGE('',*,*,#1471,.T.);
#1869=ORIENTED_EDGE('',*,*,#1419,.T.);
#1870=ORIENTED_EDGE('',*,*,#1427,.T.);
#1871=ORIENTED_EDGE('',*,*,#1459,.T.);
#1872=ORIENTED_EDGE('',*,*,#1472,.F.);
#1873=ORIENTED_EDGE('',*,*,#1441,.T.);
#1874=ORIENTED_EDGE('',*,*,#1454,.T.);
#1875=ORIENTED_EDGE('',*,*,#1458,.T.);
#1876=ORIENTED_EDGE('',*,*,#1473,.F.);
#1877=ORIENTED_EDGE('',*,*,#1442,.T.);
#1878=ORIENTED_EDGE('',*,*,#1472,.T.);
#1879=ORIENTED_EDGE('',*,*,#1457,.T.);
#1880=ORIENTED_EDGE('',*,*,#1474,.F.);
#1881=ORIENTED_EDGE('',*,*,#1443,.T.);
#1882=ORIENTED_EDGE('',*,*,#1473,.T.);
#1883=ORIENTED_EDGE('',*,*,#1449,.T.);
#1884=ORIENTED_EDGE('',*,*,#1475,.T.);
#1885=ORIENTED_EDGE('',*,*,#1430,.T.);
#1886=ORIENTED_EDGE('',*,*,#1475,.F.);
#1887=ORIENTED_EDGE('',*,*,#1450,.T.);
#1888=ORIENTED_EDGE('',*,*,#1476,.T.);
#1889=ORIENTED_EDGE('',*,*,#1422,.T.);
#1890=ORIENTED_EDGE('',*,*,#1476,.F.);
#1891=ORIENTED_EDGE('',*,*,#1451,.T.);
#1892=ORIENTED_EDGE('',*,*,#1477,.T.);
#1893=ORIENTED_EDGE('',*,*,#1418,.T.);
#1894=ORIENTED_EDGE('',*,*,#1477,.F.);
#1895=ORIENTED_EDGE('',*,*,#1452,.T.);
#1896=ORIENTED_EDGE('',*,*,#1478,.T.);
#1897=ORIENTED_EDGE('',*,*,#1426,.T.);
#1898=ORIENTED_EDGE('',*,*,#1478,.F.);
#1899=ORIENTED_EDGE('',*,*,#1466,.T.);
#1900=ORIENTED_EDGE('',*,*,#1479,.F.);
#1901=ORIENTED_EDGE('',*,*,#1445,.T.);
#1902=ORIENTED_EDGE('',*,*,#1480,.T.);
#1903=ORIENTED_EDGE('',*,*,#1465,.T.);
#1904=ORIENTED_EDGE('',*,*,#1481,.F.);
#1905=ORIENTED_EDGE('',*,*,#1446,.T.);
#1906=ORIENTED_EDGE('',*,*,#1479,.T.);
#1907=ORIENTED_EDGE('',*,*,#1464,.T.);
#1908=ORIENTED_EDGE('',*,*,#1482,.F.);
#1909=ORIENTED_EDGE('',*,*,#1447,.T.);
#1910=ORIENTED_EDGE('',*,*,#1481,.T.);
#1911=ORIENTED_EDGE('',*,*,#1434,.T.);
#1912=ORIENTED_EDGE('',*,*,#1448,.T.);
#1913=ORIENTED_EDGE('',*,*,#1482,.T.);
#1914=ORIENTED_EDGE('',*,*,#1463,.T.);
#1915=ORIENTED_EDGE('',*,*,#1483,.T.);
#1916=ORIENTED_EDGE('',*,*,#1484,.F.);
#1917=ORIENTED_EDGE('',*,*,#1485,.F.);
#1918=ORIENTED_EDGE('',*,*,#1486,.T.);
#1919=ORIENTED_EDGE('',*,*,#1487,.T.);
#1920=ORIENTED_EDGE('',*,*,#1488,.F.);
#1921=ORIENTED_EDGE('',*,*,#1489,.F.);
#1922=ORIENTED_EDGE('',*,*,#1484,.T.);
#1923=ORIENTED_EDGE('',*,*,#1490,.T.);
#1924=ORIENTED_EDGE('',*,*,#1491,.F.);
#1925=ORIENTED_EDGE('',*,*,#1492,.F.);
#1926=ORIENTED_EDGE('',*,*,#1488,.T.);
#1927=ORIENTED_EDGE('',*,*,#1493,.T.);
#1928=ORIENTED_EDGE('',*,*,#1486,.F.);
#1929=ORIENTED_EDGE('',*,*,#1494,.F.);
#1930=ORIENTED_EDGE('',*,*,#1491,.T.);
#1931=ORIENTED_EDGE('',*,*,#1495,.T.);
#1932=ORIENTED_EDGE('',*,*,#1496,.F.);
#1933=ORIENTED_EDGE('',*,*,#1497,.F.);
#1934=ORIENTED_EDGE('',*,*,#1498,.T.);
#1935=ORIENTED_EDGE('',*,*,#1499,.T.);
#1936=ORIENTED_EDGE('',*,*,#1500,.F.);
#1937=ORIENTED_EDGE('',*,*,#1501,.F.);
#1938=ORIENTED_EDGE('',*,*,#1496,.T.);
#1939=ORIENTED_EDGE('',*,*,#1502,.T.);
#1940=ORIENTED_EDGE('',*,*,#1503,.F.);
#1941=ORIENTED_EDGE('',*,*,#1504,.F.);
#1942=ORIENTED_EDGE('',*,*,#1500,.T.);
#1943=ORIENTED_EDGE('',*,*,#1505,.T.);
#1944=ORIENTED_EDGE('',*,*,#1498,.F.);
#1945=ORIENTED_EDGE('',*,*,#1506,.F.);
#1946=ORIENTED_EDGE('',*,*,#1503,.T.);
#1947=ORIENTED_EDGE('',*,*,#1507,.F.);
#1948=ORIENTED_EDGE('',*,*,#1508,.T.);
#1949=ORIENTED_EDGE('',*,*,#1509,.T.);
#1950=ORIENTED_EDGE('',*,*,#1510,.F.);
#1951=ORIENTED_EDGE('',*,*,#1511,.F.);
#1952=ORIENTED_EDGE('',*,*,#1512,.T.);
#1953=ORIENTED_EDGE('',*,*,#1513,.T.);
#1954=ORIENTED_EDGE('',*,*,#1508,.F.);
#1955=ORIENTED_EDGE('',*,*,#1514,.F.);
#1956=ORIENTED_EDGE('',*,*,#1515,.T.);
#1957=ORIENTED_EDGE('',*,*,#1516,.T.);
#1958=ORIENTED_EDGE('',*,*,#1512,.F.);
#1959=ORIENTED_EDGE('',*,*,#1517,.F.);
#1960=ORIENTED_EDGE('',*,*,#1518,.T.);
#1961=ORIENTED_EDGE('',*,*,#1519,.T.);
#1962=ORIENTED_EDGE('',*,*,#1515,.F.);
#1963=ORIENTED_EDGE('',*,*,#1520,.F.);
#1964=ORIENTED_EDGE('',*,*,#1521,.T.);
#1965=ORIENTED_EDGE('',*,*,#1522,.T.);
#1966=ORIENTED_EDGE('',*,*,#1518,.F.);
#1967=ORIENTED_EDGE('',*,*,#1523,.F.);
#1968=ORIENTED_EDGE('',*,*,#1524,.T.);
#1969=ORIENTED_EDGE('',*,*,#1525,.T.);
#1970=ORIENTED_EDGE('',*,*,#1521,.F.);
#1971=ORIENTED_EDGE('',*,*,#1526,.F.);
#1972=ORIENTED_EDGE('',*,*,#1527,.T.);
#1973=ORIENTED_EDGE('',*,*,#1528,.T.);
#1974=ORIENTED_EDGE('',*,*,#1524,.F.);
#1975=ORIENTED_EDGE('',*,*,#1529,.F.);
#1976=ORIENTED_EDGE('',*,*,#1530,.T.);
#1977=ORIENTED_EDGE('',*,*,#1531,.T.);
#1978=ORIENTED_EDGE('',*,*,#1527,.F.);
#1979=ORIENTED_EDGE('',*,*,#1532,.F.);
#1980=ORIENTED_EDGE('',*,*,#1533,.T.);
#1981=ORIENTED_EDGE('',*,*,#1534,.T.);
#1982=ORIENTED_EDGE('',*,*,#1530,.F.);
#1983=ORIENTED_EDGE('',*,*,#1535,.F.);
#1984=ORIENTED_EDGE('',*,*,#1536,.T.);
#1985=ORIENTED_EDGE('',*,*,#1537,.T.);
#1986=ORIENTED_EDGE('',*,*,#1533,.F.);
#1987=ORIENTED_EDGE('',*,*,#1538,.F.);
#1988=ORIENTED_EDGE('',*,*,#1539,.T.);
#1989=ORIENTED_EDGE('',*,*,#1540,.T.);
#1990=ORIENTED_EDGE('',*,*,#1536,.F.);
#1991=ORIENTED_EDGE('',*,*,#1541,.F.);
#1992=ORIENTED_EDGE('',*,*,#1542,.T.);
#1993=ORIENTED_EDGE('',*,*,#1543,.T.);
#1994=ORIENTED_EDGE('',*,*,#1539,.F.);
#1995=ORIENTED_EDGE('',*,*,#1544,.F.);
#1996=ORIENTED_EDGE('',*,*,#1545,.T.);
#1997=ORIENTED_EDGE('',*,*,#1546,.T.);
#1998=ORIENTED_EDGE('',*,*,#1542,.F.);
#1999=ORIENTED_EDGE('',*,*,#1547,.F.);
#2000=ORIENTED_EDGE('',*,*,#1548,.T.);
#2001=ORIENTED_EDGE('',*,*,#1549,.T.);
#2002=ORIENTED_EDGE('',*,*,#1545,.F.);
#2003=ORIENTED_EDGE('',*,*,#1550,.F.);
#2004=ORIENTED_EDGE('',*,*,#1551,.T.);
#2005=ORIENTED_EDGE('',*,*,#1552,.T.);
#2006=ORIENTED_EDGE('',*,*,#1548,.F.);
#2007=ORIENTED_EDGE('',*,*,#1553,.F.);
#2008=ORIENTED_EDGE('',*,*,#1554,.T.);
#2009=ORIENTED_EDGE('',*,*,#1555,.T.);
#2010=ORIENTED_EDGE('',*,*,#1551,.F.);
#2011=ORIENTED_EDGE('',*,*,#1556,.F.);
#2012=ORIENTED_EDGE('',*,*,#1557,.T.);
#2013=ORIENTED_EDGE('',*,*,#1558,.T.);
#2014=ORIENTED_EDGE('',*,*,#1554,.F.);
#2015=ORIENTED_EDGE('',*,*,#1559,.F.);
#2016=ORIENTED_EDGE('',*,*,#1560,.T.);
#2017=ORIENTED_EDGE('',*,*,#1561,.T.);
#2018=ORIENTED_EDGE('',*,*,#1557,.F.);
#2019=ORIENTED_EDGE('',*,*,#1562,.F.);
#2020=ORIENTED_EDGE('',*,*,#1563,.T.);
#2021=ORIENTED_EDGE('',*,*,#1564,.T.);
#2022=ORIENTED_EDGE('',*,*,#1560,.F.);
#2023=ORIENTED_EDGE('',*,*,#1565,.F.);
#2024=ORIENTED_EDGE('',*,*,#1566,.T.);
#2025=ORIENTED_EDGE('',*,*,#1567,.T.);
#2026=ORIENTED_EDGE('',*,*,#1563,.F.);
#2027=ORIENTED_EDGE('',*,*,#1568,.F.);
#2028=ORIENTED_EDGE('',*,*,#1569,.T.);
#2029=ORIENTED_EDGE('',*,*,#1570,.T.);
#2030=ORIENTED_EDGE('',*,*,#1566,.F.);
#2031=ORIENTED_EDGE('',*,*,#1571,.F.);
#2032=ORIENTED_EDGE('',*,*,#1572,.T.);
#2033=ORIENTED_EDGE('',*,*,#1573,.T.);
#2034=ORIENTED_EDGE('',*,*,#1569,.F.);
#2035=ORIENTED_EDGE('',*,*,#1574,.F.);
#2036=ORIENTED_EDGE('',*,*,#1575,.T.);
#2037=ORIENTED_EDGE('',*,*,#1576,.T.);
#2038=ORIENTED_EDGE('',*,*,#1572,.F.);
#2039=ORIENTED_EDGE('',*,*,#1577,.F.);
#2040=ORIENTED_EDGE('',*,*,#1578,.T.);
#2041=ORIENTED_EDGE('',*,*,#1579,.T.);
#2042=ORIENTED_EDGE('',*,*,#1575,.F.);
#2043=ORIENTED_EDGE('',*,*,#1580,.F.);
#2044=ORIENTED_EDGE('',*,*,#1581,.T.);
#2045=ORIENTED_EDGE('',*,*,#1582,.T.);
#2046=ORIENTED_EDGE('',*,*,#1578,.F.);
#2047=ORIENTED_EDGE('',*,*,#1583,.F.);
#2048=ORIENTED_EDGE('',*,*,#1584,.T.);
#2049=ORIENTED_EDGE('',*,*,#1585,.T.);
#2050=ORIENTED_EDGE('',*,*,#1581,.F.);
#2051=ORIENTED_EDGE('',*,*,#1586,.F.);
#2052=ORIENTED_EDGE('',*,*,#1587,.T.);
#2053=ORIENTED_EDGE('',*,*,#1588,.T.);
#2054=ORIENTED_EDGE('',*,*,#1584,.F.);
#2055=ORIENTED_EDGE('',*,*,#1589,.F.);
#2056=ORIENTED_EDGE('',*,*,#1510,.T.);
#2057=ORIENTED_EDGE('',*,*,#1590,.T.);
#2058=ORIENTED_EDGE('',*,*,#1587,.F.);
#2059=ORIENTED_EDGE('',*,*,#1590,.F.);
#2060=ORIENTED_EDGE('',*,*,#1509,.F.);
#2061=ORIENTED_EDGE('',*,*,#1513,.F.);
#2062=ORIENTED_EDGE('',*,*,#1516,.F.);
#2063=ORIENTED_EDGE('',*,*,#1519,.F.);
#2064=ORIENTED_EDGE('',*,*,#1522,.F.);
#2065=ORIENTED_EDGE('',*,*,#1525,.F.);
#2066=ORIENTED_EDGE('',*,*,#1528,.F.);
#2067=ORIENTED_EDGE('',*,*,#1531,.F.);
#2068=ORIENTED_EDGE('',*,*,#1534,.F.);
#2069=ORIENTED_EDGE('',*,*,#1537,.F.);
#2070=ORIENTED_EDGE('',*,*,#1540,.F.);
#2071=ORIENTED_EDGE('',*,*,#1543,.F.);
#2072=ORIENTED_EDGE('',*,*,#1546,.F.);
#2073=ORIENTED_EDGE('',*,*,#1549,.F.);
#2074=ORIENTED_EDGE('',*,*,#1552,.F.);
#2075=ORIENTED_EDGE('',*,*,#1555,.F.);
#2076=ORIENTED_EDGE('',*,*,#1558,.F.);
#2077=ORIENTED_EDGE('',*,*,#1561,.F.);
#2078=ORIENTED_EDGE('',*,*,#1564,.F.);
#2079=ORIENTED_EDGE('',*,*,#1567,.F.);
#2080=ORIENTED_EDGE('',*,*,#1570,.F.);
#2081=ORIENTED_EDGE('',*,*,#1573,.F.);
#2082=ORIENTED_EDGE('',*,*,#1576,.F.);
#2083=ORIENTED_EDGE('',*,*,#1579,.F.);
#2084=ORIENTED_EDGE('',*,*,#1582,.F.);
#2085=ORIENTED_EDGE('',*,*,#1585,.F.);
#2086=ORIENTED_EDGE('',*,*,#1588,.F.);
#2087=ORIENTED_EDGE('',*,*,#1591,.F.);
#2088=ORIENTED_EDGE('',*,*,#1592,.T.);
#2089=ORIENTED_EDGE('',*,*,#1593,.T.);
#2090=ORIENTED_EDGE('',*,*,#1594,.F.);
#2091=ORIENTED_EDGE('',*,*,#1595,.F.);
#2092=ORIENTED_EDGE('',*,*,#1596,.T.);
#2093=ORIENTED_EDGE('',*,*,#1597,.T.);
#2094=ORIENTED_EDGE('',*,*,#1592,.F.);
#2095=ORIENTED_EDGE('',*,*,#1598,.F.);
#2096=ORIENTED_EDGE('',*,*,#1599,.T.);
#2097=ORIENTED_EDGE('',*,*,#1600,.T.);
#2098=ORIENTED_EDGE('',*,*,#1596,.F.);
#2099=ORIENTED_EDGE('',*,*,#1601,.F.);
#2100=ORIENTED_EDGE('',*,*,#1602,.T.);
#2101=ORIENTED_EDGE('',*,*,#1603,.T.);
#2102=ORIENTED_EDGE('',*,*,#1599,.F.);
#2103=ORIENTED_EDGE('',*,*,#1604,.F.);
#2104=ORIENTED_EDGE('',*,*,#1605,.T.);
#2105=ORIENTED_EDGE('',*,*,#1606,.T.);
#2106=ORIENTED_EDGE('',*,*,#1602,.F.);
#2107=ORIENTED_EDGE('',*,*,#1607,.F.);
#2108=ORIENTED_EDGE('',*,*,#1608,.T.);
#2109=ORIENTED_EDGE('',*,*,#1609,.T.);
#2110=ORIENTED_EDGE('',*,*,#1605,.F.);
#2111=ORIENTED_EDGE('',*,*,#1610,.F.);
#2112=ORIENTED_EDGE('',*,*,#1611,.T.);
#2113=ORIENTED_EDGE('',*,*,#1612,.T.);
#2114=ORIENTED_EDGE('',*,*,#1608,.F.);
#2115=ORIENTED_EDGE('',*,*,#1613,.F.);
#2116=ORIENTED_EDGE('',*,*,#1614,.T.);
#2117=ORIENTED_EDGE('',*,*,#1615,.T.);
#2118=ORIENTED_EDGE('',*,*,#1611,.F.);
#2119=ORIENTED_EDGE('',*,*,#1616,.F.);
#2120=ORIENTED_EDGE('',*,*,#1617,.T.);
#2121=ORIENTED_EDGE('',*,*,#1618,.T.);
#2122=ORIENTED_EDGE('',*,*,#1614,.F.);
#2123=ORIENTED_EDGE('',*,*,#1619,.F.);
#2124=ORIENTED_EDGE('',*,*,#1620,.T.);
#2125=ORIENTED_EDGE('',*,*,#1621,.T.);
#2126=ORIENTED_EDGE('',*,*,#1617,.F.);
#2127=ORIENTED_EDGE('',*,*,#1622,.F.);
#2128=ORIENTED_EDGE('',*,*,#1623,.T.);
#2129=ORIENTED_EDGE('',*,*,#1624,.T.);
#2130=ORIENTED_EDGE('',*,*,#1620,.F.);
#2131=ORIENTED_EDGE('',*,*,#1625,.F.);
#2132=ORIENTED_EDGE('',*,*,#1594,.T.);
#2133=ORIENTED_EDGE('',*,*,#1626,.T.);
#2134=ORIENTED_EDGE('',*,*,#1623,.F.);
#2135=ORIENTED_EDGE('',*,*,#1626,.F.);
#2136=ORIENTED_EDGE('',*,*,#1593,.F.);
#2137=ORIENTED_EDGE('',*,*,#1597,.F.);
#2138=ORIENTED_EDGE('',*,*,#1600,.F.);
#2139=ORIENTED_EDGE('',*,*,#1603,.F.);
#2140=ORIENTED_EDGE('',*,*,#1606,.F.);
#2141=ORIENTED_EDGE('',*,*,#1609,.F.);
#2142=ORIENTED_EDGE('',*,*,#1612,.F.);
#2143=ORIENTED_EDGE('',*,*,#1615,.F.);
#2144=ORIENTED_EDGE('',*,*,#1618,.F.);
#2145=ORIENTED_EDGE('',*,*,#1621,.F.);
#2146=ORIENTED_EDGE('',*,*,#1624,.F.);
#2147=ORIENTED_EDGE('',*,*,#1627,.F.);
#2148=ORIENTED_EDGE('',*,*,#1628,.T.);
#2149=ORIENTED_EDGE('',*,*,#1629,.T.);
#2150=ORIENTED_EDGE('',*,*,#1630,.F.);
#2151=ORIENTED_EDGE('',*,*,#1631,.F.);
#2152=ORIENTED_EDGE('',*,*,#1632,.T.);
#2153=ORIENTED_EDGE('',*,*,#1633,.T.);
#2154=ORIENTED_EDGE('',*,*,#1628,.F.);
#2155=ORIENTED_EDGE('',*,*,#1634,.F.);
#2156=ORIENTED_EDGE('',*,*,#1635,.T.);
#2157=ORIENTED_EDGE('',*,*,#1636,.T.);
#2158=ORIENTED_EDGE('',*,*,#1632,.F.);
#2159=ORIENTED_EDGE('',*,*,#1637,.F.);
#2160=ORIENTED_EDGE('',*,*,#1638,.T.);
#2161=ORIENTED_EDGE('',*,*,#1639,.T.);
#2162=ORIENTED_EDGE('',*,*,#1635,.F.);
#2163=ORIENTED_EDGE('',*,*,#1640,.F.);
#2164=ORIENTED_EDGE('',*,*,#1641,.T.);
#2165=ORIENTED_EDGE('',*,*,#1642,.T.);
#2166=ORIENTED_EDGE('',*,*,#1638,.F.);
#2167=ORIENTED_EDGE('',*,*,#1643,.F.);
#2168=ORIENTED_EDGE('',*,*,#1644,.T.);
#2169=ORIENTED_EDGE('',*,*,#1645,.T.);
#2170=ORIENTED_EDGE('',*,*,#1641,.F.);
#2171=ORIENTED_EDGE('',*,*,#1646,.F.);
#2172=ORIENTED_EDGE('',*,*,#1647,.T.);
#2173=ORIENTED_EDGE('',*,*,#1648,.T.);
#2174=ORIENTED_EDGE('',*,*,#1644,.F.);
#2175=ORIENTED_EDGE('',*,*,#1649,.F.);
#2176=ORIENTED_EDGE('',*,*,#1650,.T.);
#2177=ORIENTED_EDGE('',*,*,#1651,.T.);
#2178=ORIENTED_EDGE('',*,*,#1647,.F.);
#2179=ORIENTED_EDGE('',*,*,#1652,.F.);
#2180=ORIENTED_EDGE('',*,*,#1653,.T.);
#2181=ORIENTED_EDGE('',*,*,#1654,.T.);
#2182=ORIENTED_EDGE('',*,*,#1650,.F.);
#2183=ORIENTED_EDGE('',*,*,#1655,.F.);
#2184=ORIENTED_EDGE('',*,*,#1656,.T.);
#2185=ORIENTED_EDGE('',*,*,#1657,.T.);
#2186=ORIENTED_EDGE('',*,*,#1653,.F.);
#2187=ORIENTED_EDGE('',*,*,#1658,.F.);
#2188=ORIENTED_EDGE('',*,*,#1659,.T.);
#2189=ORIENTED_EDGE('',*,*,#1660,.T.);
#2190=ORIENTED_EDGE('',*,*,#1656,.F.);
#2191=ORIENTED_EDGE('',*,*,#1661,.F.);
#2192=ORIENTED_EDGE('',*,*,#1662,.T.);
#2193=ORIENTED_EDGE('',*,*,#1663,.T.);
#2194=ORIENTED_EDGE('',*,*,#1659,.F.);
#2195=ORIENTED_EDGE('',*,*,#1664,.F.);
#2196=ORIENTED_EDGE('',*,*,#1665,.T.);
#2197=ORIENTED_EDGE('',*,*,#1666,.T.);
#2198=ORIENTED_EDGE('',*,*,#1662,.F.);
#2199=ORIENTED_EDGE('',*,*,#1667,.F.);
#2200=ORIENTED_EDGE('',*,*,#1668,.T.);
#2201=ORIENTED_EDGE('',*,*,#1669,.T.);
#2202=ORIENTED_EDGE('',*,*,#1665,.F.);
#2203=ORIENTED_EDGE('',*,*,#1670,.F.);
#2204=ORIENTED_EDGE('',*,*,#1630,.T.);
#2205=ORIENTED_EDGE('',*,*,#1671,.T.);
#2206=ORIENTED_EDGE('',*,*,#1668,.F.);
#2207=ORIENTED_EDGE('',*,*,#1671,.F.);
#2208=ORIENTED_EDGE('',*,*,#1629,.F.);
#2209=ORIENTED_EDGE('',*,*,#1633,.F.);
#2210=ORIENTED_EDGE('',*,*,#1636,.F.);
#2211=ORIENTED_EDGE('',*,*,#1639,.F.);
#2212=ORIENTED_EDGE('',*,*,#1642,.F.);
#2213=ORIENTED_EDGE('',*,*,#1645,.F.);
#2214=ORIENTED_EDGE('',*,*,#1648,.F.);
#2215=ORIENTED_EDGE('',*,*,#1651,.F.);
#2216=ORIENTED_EDGE('',*,*,#1654,.F.);
#2217=ORIENTED_EDGE('',*,*,#1657,.F.);
#2218=ORIENTED_EDGE('',*,*,#1660,.F.);
#2219=ORIENTED_EDGE('',*,*,#1663,.F.);
#2220=ORIENTED_EDGE('',*,*,#1666,.F.);
#2221=ORIENTED_EDGE('',*,*,#1669,.F.);
#2222=ORIENTED_EDGE('',*,*,#1672,.F.);
#2223=ORIENTED_EDGE('',*,*,#1673,.T.);
#2224=ORIENTED_EDGE('',*,*,#1674,.T.);
#2225=ORIENTED_EDGE('',*,*,#1675,.F.);
#2226=ORIENTED_EDGE('',*,*,#1676,.F.);
#2227=ORIENTED_EDGE('',*,*,#1677,.T.);
#2228=ORIENTED_EDGE('',*,*,#1678,.T.);
#2229=ORIENTED_EDGE('',*,*,#1673,.F.);
#2230=ORIENTED_EDGE('',*,*,#1679,.F.);
#2231=ORIENTED_EDGE('',*,*,#1680,.T.);
#2232=ORIENTED_EDGE('',*,*,#1681,.T.);
#2233=ORIENTED_EDGE('',*,*,#1677,.F.);
#2234=ORIENTED_EDGE('',*,*,#1682,.F.);
#2235=ORIENTED_EDGE('',*,*,#1683,.T.);
#2236=ORIENTED_EDGE('',*,*,#1684,.T.);
#2237=ORIENTED_EDGE('',*,*,#1680,.F.);
#2238=ORIENTED_EDGE('',*,*,#1685,.F.);
#2239=ORIENTED_EDGE('',*,*,#1686,.T.);
#2240=ORIENTED_EDGE('',*,*,#1687,.T.);
#2241=ORIENTED_EDGE('',*,*,#1683,.F.);
#2242=ORIENTED_EDGE('',*,*,#1688,.F.);
#2243=ORIENTED_EDGE('',*,*,#1689,.T.);
#2244=ORIENTED_EDGE('',*,*,#1690,.T.);
#2245=ORIENTED_EDGE('',*,*,#1686,.F.);
#2246=ORIENTED_EDGE('',*,*,#1691,.F.);
#2247=ORIENTED_EDGE('',*,*,#1692,.T.);
#2248=ORIENTED_EDGE('',*,*,#1693,.T.);
#2249=ORIENTED_EDGE('',*,*,#1689,.F.);
#2250=ORIENTED_EDGE('',*,*,#1694,.F.);
#2251=ORIENTED_EDGE('',*,*,#1695,.T.);
#2252=ORIENTED_EDGE('',*,*,#1696,.T.);
#2253=ORIENTED_EDGE('',*,*,#1692,.F.);
#2254=ORIENTED_EDGE('',*,*,#1697,.F.);
#2255=ORIENTED_EDGE('',*,*,#1698,.T.);
#2256=ORIENTED_EDGE('',*,*,#1699,.T.);
#2257=ORIENTED_EDGE('',*,*,#1695,.F.);
#2258=ORIENTED_EDGE('',*,*,#1700,.F.);
#2259=ORIENTED_EDGE('',*,*,#1701,.T.);
#2260=ORIENTED_EDGE('',*,*,#1702,.T.);
#2261=ORIENTED_EDGE('',*,*,#1698,.F.);
#2262=ORIENTED_EDGE('',*,*,#1703,.F.);
#2263=ORIENTED_EDGE('',*,*,#1704,.T.);
#2264=ORIENTED_EDGE('',*,*,#1705,.T.);
#2265=ORIENTED_EDGE('',*,*,#1701,.F.);
#2266=ORIENTED_EDGE('',*,*,#1706,.F.);
#2267=ORIENTED_EDGE('',*,*,#1675,.T.);
#2268=ORIENTED_EDGE('',*,*,#1707,.T.);
#2269=ORIENTED_EDGE('',*,*,#1704,.F.);
#2270=ORIENTED_EDGE('',*,*,#1707,.F.);
#2271=ORIENTED_EDGE('',*,*,#1674,.F.);
#2272=ORIENTED_EDGE('',*,*,#1678,.F.);
#2273=ORIENTED_EDGE('',*,*,#1681,.F.);
#2274=ORIENTED_EDGE('',*,*,#1684,.F.);
#2275=ORIENTED_EDGE('',*,*,#1687,.F.);
#2276=ORIENTED_EDGE('',*,*,#1690,.F.);
#2277=ORIENTED_EDGE('',*,*,#1693,.F.);
#2278=ORIENTED_EDGE('',*,*,#1696,.F.);
#2279=ORIENTED_EDGE('',*,*,#1699,.F.);
#2280=ORIENTED_EDGE('',*,*,#1702,.F.);
#2281=ORIENTED_EDGE('',*,*,#1705,.F.);
#2282=ORIENTED_EDGE('',*,*,#1708,.F.);
#2283=ORIENTED_EDGE('',*,*,#1709,.T.);
#2284=ORIENTED_EDGE('',*,*,#1710,.T.);
#2285=ORIENTED_EDGE('',*,*,#1711,.F.);
#2286=ORIENTED_EDGE('',*,*,#1712,.F.);
#2287=ORIENTED_EDGE('',*,*,#1713,.T.);
#2288=ORIENTED_EDGE('',*,*,#1714,.T.);
#2289=ORIENTED_EDGE('',*,*,#1709,.F.);
#2290=ORIENTED_EDGE('',*,*,#1715,.F.);
#2291=ORIENTED_EDGE('',*,*,#1711,.T.);
#2292=ORIENTED_EDGE('',*,*,#1716,.T.);
#2293=ORIENTED_EDGE('',*,*,#1713,.F.);
#2294=ORIENTED_EDGE('',*,*,#1717,.F.);
#2295=ORIENTED_EDGE('',*,*,#1718,.T.);
#2296=ORIENTED_EDGE('',*,*,#1719,.T.);
#2297=ORIENTED_EDGE('',*,*,#1720,.F.);
#2298=ORIENTED_EDGE('',*,*,#1721,.F.);
#2299=ORIENTED_EDGE('',*,*,#1722,.T.);
#2300=ORIENTED_EDGE('',*,*,#1723,.T.);
#2301=ORIENTED_EDGE('',*,*,#1718,.F.);
#2302=ORIENTED_EDGE('',*,*,#1724,.F.);
#2303=ORIENTED_EDGE('',*,*,#1725,.T.);
#2304=ORIENTED_EDGE('',*,*,#1726,.T.);
#2305=ORIENTED_EDGE('',*,*,#1722,.F.);
#2306=ORIENTED_EDGE('',*,*,#1727,.F.);
#2307=ORIENTED_EDGE('',*,*,#1728,.T.);
#2308=ORIENTED_EDGE('',*,*,#1729,.T.);
#2309=ORIENTED_EDGE('',*,*,#1725,.F.);
#2310=ORIENTED_EDGE('',*,*,#1730,.F.);
#2311=ORIENTED_EDGE('',*,*,#1731,.T.);
#2312=ORIENTED_EDGE('',*,*,#1732,.T.);
#2313=ORIENTED_EDGE('',*,*,#1728,.F.);
#2314=ORIENTED_EDGE('',*,*,#1733,.F.);
#2315=ORIENTED_EDGE('',*,*,#1734,.T.);
#2316=ORIENTED_EDGE('',*,*,#1735,.T.);
#2317=ORIENTED_EDGE('',*,*,#1731,.F.);
#2318=ORIENTED_EDGE('',*,*,#1736,.F.);
#2319=ORIENTED_EDGE('',*,*,#1737,.T.);
#2320=ORIENTED_EDGE('',*,*,#1738,.T.);
#2321=ORIENTED_EDGE('',*,*,#1734,.F.);
#2322=ORIENTED_EDGE('',*,*,#1739,.F.);
#2323=ORIENTED_EDGE('',*,*,#1720,.T.);
#2324=ORIENTED_EDGE('',*,*,#1740,.T.);
#2325=ORIENTED_EDGE('',*,*,#1737,.F.);
#2326=ORIENTED_EDGE('',*,*,#1740,.F.);
#2327=ORIENTED_EDGE('',*,*,#1719,.F.);
#2328=ORIENTED_EDGE('',*,*,#1723,.F.);
#2329=ORIENTED_EDGE('',*,*,#1726,.F.);
#2330=ORIENTED_EDGE('',*,*,#1729,.F.);
#2331=ORIENTED_EDGE('',*,*,#1732,.F.);
#2332=ORIENTED_EDGE('',*,*,#1735,.F.);
#2333=ORIENTED_EDGE('',*,*,#1738,.F.);
#2334=ORIENTED_EDGE('',*,*,#1716,.F.);
#2335=ORIENTED_EDGE('',*,*,#1710,.F.);
#2336=ORIENTED_EDGE('',*,*,#1714,.F.);
#2337=ORIENTED_EDGE('',*,*,#1741,.T.);
#2338=ORIENTED_EDGE('',*,*,#1742,.F.);
#2339=ORIENTED_EDGE('',*,*,#1743,.F.);
#2340=ORIENTED_EDGE('',*,*,#1744,.F.);
#2341=ORIENTED_EDGE('',*,*,#1745,.F.);
#2342=ORIENTED_EDGE('',*,*,#1746,.F.);
#2343=ORIENTED_EDGE('',*,*,#1747,.T.);
#2344=ORIENTED_EDGE('',*,*,#1717,.T.);
#2345=ORIENTED_EDGE('',*,*,#1739,.T.);
#2346=ORIENTED_EDGE('',*,*,#1736,.T.);
#2347=ORIENTED_EDGE('',*,*,#1733,.T.);
#2348=ORIENTED_EDGE('',*,*,#1730,.T.);
#2349=ORIENTED_EDGE('',*,*,#1727,.T.);
#2350=ORIENTED_EDGE('',*,*,#1724,.T.);
#2351=ORIENTED_EDGE('',*,*,#1721,.T.);
#2352=ORIENTED_EDGE('',*,*,#1748,.F.);
#2353=ORIENTED_EDGE('',*,*,#1743,.T.);
#2354=ORIENTED_EDGE('',*,*,#1749,.T.);
#2355=ORIENTED_EDGE('',*,*,#1467,.T.);
#2356=ORIENTED_EDGE('',*,*,#1480,.F.);
#2357=ORIENTED_EDGE('',*,*,#1444,.T.);
#2358=ORIENTED_EDGE('',*,*,#1474,.T.);
#2359=ORIENTED_EDGE('',*,*,#1456,.T.);
#2360=ORIENTED_EDGE('',*,*,#1750,.T.);
#2361=ORIENTED_EDGE('',*,*,#1751,.T.);
#2362=ORIENTED_EDGE('',*,*,#1752,.T.);
#2363=ORIENTED_EDGE('',*,*,#1753,.T.);
#2364=ORIENTED_EDGE('',*,*,#1754,.T.);
#2365=ORIENTED_EDGE('',*,*,#1753,.F.);
#2366=ORIENTED_EDGE('',*,*,#1755,.T.);
#2367=ORIENTED_EDGE('',*,*,#1747,.F.);
#2368=ORIENTED_EDGE('',*,*,#1756,.T.);
#2369=ORIENTED_EDGE('',*,*,#1757,.F.);
#2370=ORIENTED_EDGE('',*,*,#1758,.F.);
#2371=ORIENTED_EDGE('',*,*,#1759,.T.);
#2372=ORIENTED_EDGE('',*,*,#1754,.F.);
#2373=ORIENTED_EDGE('',*,*,#1759,.F.);
#2374=ORIENTED_EDGE('',*,*,#1760,.F.);
#2375=ORIENTED_EDGE('',*,*,#1756,.F.);
#2376=ORIENTED_EDGE('',*,*,#1761,.F.);
#2377=ORIENTED_EDGE('',*,*,#1762,.F.);
#2378=ORIENTED_EDGE('',*,*,#1763,.F.);
#2379=ORIENTED_EDGE('',*,*,#1764,.T.);
#2380=ORIENTED_EDGE('',*,*,#1765,.F.);
#2381=ORIENTED_EDGE('',*,*,#1766,.F.);
#2382=ORIENTED_EDGE('',*,*,#1765,.T.);
#2383=ORIENTED_EDGE('',*,*,#1767,.T.);
#2384=ORIENTED_EDGE('',*,*,#1768,.T.);
#2385=ORIENTED_EDGE('',*,*,#1769,.F.);
#2386=ORIENTED_EDGE('',*,*,#1770,.F.);
#2387=ORIENTED_EDGE('',*,*,#1771,.F.);
#2388=ORIENTED_EDGE('',*,*,#1768,.F.);
#2389=ORIENTED_EDGE('',*,*,#1772,.T.);
#2390=ORIENTED_EDGE('',*,*,#1766,.T.);
#2391=ORIENTED_EDGE('',*,*,#1769,.T.);
#2392=ORIENTED_EDGE('',*,*,#1771,.T.);
#2393=ORIENTED_EDGE('',*,*,#1773,.T.);
#2394=ORIENTED_EDGE('',*,*,#1502,.F.);
#2395=ORIENTED_EDGE('',*,*,#1499,.F.);
#2396=ORIENTED_EDGE('',*,*,#1495,.F.);
#2397=ORIENTED_EDGE('',*,*,#1505,.F.);
#2398=ORIENTED_EDGE('',*,*,#1763,.T.);
#2399=ORIENTED_EDGE('',*,*,#1773,.F.);
#2400=ORIENTED_EDGE('',*,*,#1770,.T.);
#2401=ORIENTED_EDGE('',*,*,#1774,.T.);
#2402=ORIENTED_EDGE('',*,*,#1497,.T.);
#2403=ORIENTED_EDGE('',*,*,#1501,.T.);
#2404=ORIENTED_EDGE('',*,*,#1504,.T.);
#2405=ORIENTED_EDGE('',*,*,#1506,.T.);
#2406=ORIENTED_EDGE('',*,*,#1775,.F.);
#2407=ORIENTED_EDGE('',*,*,#1752,.F.);
#2408=ORIENTED_EDGE('',*,*,#1776,.F.);
#2409=ORIENTED_EDGE('',*,*,#1776,.T.);
#2410=ORIENTED_EDGE('',*,*,#1755,.F.);
#2411=ORIENTED_EDGE('',*,*,#1485,.T.);
#2412=ORIENTED_EDGE('',*,*,#1489,.T.);
#2413=ORIENTED_EDGE('',*,*,#1492,.T.);
#2414=ORIENTED_EDGE('',*,*,#1494,.T.);
#2415=ORIENTED_EDGE('',*,*,#1777,.T.);
#2416=ORIENTED_EDGE('',*,*,#1778,.T.);
#2417=ORIENTED_EDGE('',*,*,#1746,.T.);
#2418=ORIENTED_EDGE('',*,*,#1779,.T.);
#2419=ORIENTED_EDGE('',*,*,#1470,.F.);
#2420=ORIENTED_EDGE('',*,*,#1462,.T.);
#2421=ORIENTED_EDGE('',*,*,#1780,.T.);
#2422=ORIENTED_EDGE('',*,*,#1777,.F.);
#2423=ORIENTED_EDGE('',*,*,#1781,.T.);
#2424=ORIENTED_EDGE('',*,*,#1757,.T.);
#2425=ORIENTED_EDGE('',*,*,#1760,.T.);
#2426=ORIENTED_EDGE('',*,*,#1758,.T.);
#2427=ORIENTED_EDGE('',*,*,#1781,.F.);
#2428=ORIENTED_EDGE('',*,*,#1775,.T.);
#2429=ORIENTED_EDGE('',*,*,#1782,.T.);
#2430=ORIENTED_EDGE('',*,*,#1762,.T.);
#2431=ORIENTED_EDGE('',*,*,#1761,.T.);
#2432=ORIENTED_EDGE('',*,*,#1782,.F.);
#2433=ORIENTED_EDGE('',*,*,#1783,.F.);
#2434=ORIENTED_EDGE('',*,*,#1784,.T.);
#2435=ORIENTED_EDGE('',*,*,#1785,.F.);
#2436=ORIENTED_EDGE('',*,*,#1784,.F.);
#2437=ORIENTED_EDGE('',*,*,#1780,.F.);
#2438=ORIENTED_EDGE('',*,*,#1786,.T.);
#2439=ORIENTED_EDGE('',*,*,#1787,.F.);
#2440=ORIENTED_EDGE('',*,*,#1786,.F.);
#2441=ORIENTED_EDGE('',*,*,#1788,.F.);
#2442=ORIENTED_EDGE('',*,*,#1789,.T.);
#2443=ORIENTED_EDGE('',*,*,#1751,.F.);
#2444=ORIENTED_EDGE('',*,*,#1789,.F.);
#2445=ORIENTED_EDGE('',*,*,#1790,.F.);
#2446=ORIENTED_EDGE('',*,*,#1791,.T.);
#2447=ORIENTED_EDGE('',*,*,#1750,.F.);
#2448=ORIENTED_EDGE('',*,*,#1791,.F.);
#2449=ORIENTED_EDGE('',*,*,#1749,.F.);
#2450=ORIENTED_EDGE('',*,*,#1742,.T.);
#2451=ORIENTED_EDGE('',*,*,#1792,.T.);
#2452=ORIENTED_EDGE('',*,*,#1468,.F.);
#2453=ORIENTED_EDGE('',*,*,#1783,.T.);
#2454=ORIENTED_EDGE('',*,*,#1793,.T.);
#2455=ORIENTED_EDGE('',*,*,#1438,.T.);
#2456=ORIENTED_EDGE('',*,*,#1439,.F.);
#2457=ORIENTED_EDGE('',*,*,#1432,.F.);
#2458=ORIENTED_EDGE('',*,*,#1471,.F.);
#2459=ORIENTED_EDGE('',*,*,#1779,.F.);
#2460=ORIENTED_EDGE('',*,*,#1745,.T.);
#2461=ORIENTED_EDGE('',*,*,#1778,.F.);
#2462=ORIENTED_EDGE('',*,*,#1469,.F.);
#2463=ORIENTED_EDGE('',*,*,#1792,.F.);
#2464=ORIENTED_EDGE('',*,*,#1741,.F.);
#2465=ORIENTED_EDGE('',*,*,#1490,.F.);
#2466=ORIENTED_EDGE('',*,*,#1487,.F.);
#2467=ORIENTED_EDGE('',*,*,#1483,.F.);
#2468=ORIENTED_EDGE('',*,*,#1493,.F.);
#2469=ORIENTED_EDGE('',*,*,#1627,.T.);
#2470=ORIENTED_EDGE('',*,*,#1670,.T.);
#2471=ORIENTED_EDGE('',*,*,#1667,.T.);
#2472=ORIENTED_EDGE('',*,*,#1664,.T.);
#2473=ORIENTED_EDGE('',*,*,#1661,.T.);
#2474=ORIENTED_EDGE('',*,*,#1658,.T.);
#2475=ORIENTED_EDGE('',*,*,#1655,.T.);
#2476=ORIENTED_EDGE('',*,*,#1652,.T.);
#2477=ORIENTED_EDGE('',*,*,#1649,.T.);
#2478=ORIENTED_EDGE('',*,*,#1646,.T.);
#2479=ORIENTED_EDGE('',*,*,#1643,.T.);
#2480=ORIENTED_EDGE('',*,*,#1640,.T.);
#2481=ORIENTED_EDGE('',*,*,#1637,.T.);
#2482=ORIENTED_EDGE('',*,*,#1634,.T.);
#2483=ORIENTED_EDGE('',*,*,#1631,.T.);
#2484=ORIENTED_EDGE('',*,*,#1672,.T.);
#2485=ORIENTED_EDGE('',*,*,#1706,.T.);
#2486=ORIENTED_EDGE('',*,*,#1703,.T.);
#2487=ORIENTED_EDGE('',*,*,#1700,.T.);
#2488=ORIENTED_EDGE('',*,*,#1697,.T.);
#2489=ORIENTED_EDGE('',*,*,#1694,.T.);
#2490=ORIENTED_EDGE('',*,*,#1691,.T.);
#2491=ORIENTED_EDGE('',*,*,#1688,.T.);
#2492=ORIENTED_EDGE('',*,*,#1685,.T.);
#2493=ORIENTED_EDGE('',*,*,#1682,.T.);
#2494=ORIENTED_EDGE('',*,*,#1679,.T.);
#2495=ORIENTED_EDGE('',*,*,#1676,.T.);
#2496=ORIENTED_EDGE('',*,*,#1788,.T.);
#2497=ORIENTED_EDGE('',*,*,#1790,.T.);
#2498=ORIENTED_EDGE('',*,*,#1744,.T.);
#2499=ORIENTED_EDGE('',*,*,#1748,.T.);
#2500=ORIENTED_EDGE('',*,*,#1455,.F.);
#2501=ORIENTED_EDGE('',*,*,#1793,.F.);
#2502=ORIENTED_EDGE('',*,*,#1460,.T.);
#2503=ORIENTED_EDGE('',*,*,#1507,.T.);
#2504=ORIENTED_EDGE('',*,*,#1589,.T.);
#2505=ORIENTED_EDGE('',*,*,#1586,.T.);
#2506=ORIENTED_EDGE('',*,*,#1583,.T.);
#2507=ORIENTED_EDGE('',*,*,#1580,.T.);
#2508=ORIENTED_EDGE('',*,*,#1577,.T.);
#2509=ORIENTED_EDGE('',*,*,#1574,.T.);
#2510=ORIENTED_EDGE('',*,*,#1571,.T.);
#2511=ORIENTED_EDGE('',*,*,#1568,.T.);
#2512=ORIENTED_EDGE('',*,*,#1565,.T.);
#2513=ORIENTED_EDGE('',*,*,#1562,.T.);
#2514=ORIENTED_EDGE('',*,*,#1559,.T.);
#2515=ORIENTED_EDGE('',*,*,#1556,.T.);
#2516=ORIENTED_EDGE('',*,*,#1553,.T.);
#2517=ORIENTED_EDGE('',*,*,#1550,.T.);
#2518=ORIENTED_EDGE('',*,*,#1547,.T.);
#2519=ORIENTED_EDGE('',*,*,#1544,.T.);
#2520=ORIENTED_EDGE('',*,*,#1541,.T.);
#2521=ORIENTED_EDGE('',*,*,#1538,.T.);
#2522=ORIENTED_EDGE('',*,*,#1535,.T.);
#2523=ORIENTED_EDGE('',*,*,#1532,.T.);
#2524=ORIENTED_EDGE('',*,*,#1529,.T.);
#2525=ORIENTED_EDGE('',*,*,#1526,.T.);
#2526=ORIENTED_EDGE('',*,*,#1523,.T.);
#2527=ORIENTED_EDGE('',*,*,#1520,.T.);
#2528=ORIENTED_EDGE('',*,*,#1517,.T.);
#2529=ORIENTED_EDGE('',*,*,#1514,.T.);
#2530=ORIENTED_EDGE('',*,*,#1511,.T.);
#2531=ORIENTED_EDGE('',*,*,#1591,.T.);
#2532=ORIENTED_EDGE('',*,*,#1625,.T.);
#2533=ORIENTED_EDGE('',*,*,#1622,.T.);
#2534=ORIENTED_EDGE('',*,*,#1619,.T.);
#2535=ORIENTED_EDGE('',*,*,#1616,.T.);
#2536=ORIENTED_EDGE('',*,*,#1613,.T.);
#2537=ORIENTED_EDGE('',*,*,#1610,.T.);
#2538=ORIENTED_EDGE('',*,*,#1607,.T.);
#2539=ORIENTED_EDGE('',*,*,#1604,.T.);
#2540=ORIENTED_EDGE('',*,*,#1601,.T.);
#2541=ORIENTED_EDGE('',*,*,#1598,.T.);
#2542=ORIENTED_EDGE('',*,*,#1595,.T.);
#2543=ORIENTED_EDGE('',*,*,#1764,.F.);
#2544=ORIENTED_EDGE('',*,*,#1774,.F.);
#2545=ORIENTED_EDGE('',*,*,#1772,.F.);
#2546=ORIENTED_EDGE('',*,*,#1767,.F.);
#2547=ORIENTED_EDGE('',*,*,#1785,.T.);
#2548=ORIENTED_EDGE('',*,*,#1787,.T.);
#2549=ORIENTED_EDGE('',*,*,#1708,.T.);
#2550=ORIENTED_EDGE('',*,*,#1715,.T.);
#2551=ORIENTED_EDGE('',*,*,#1712,.T.);
#2552=CYLINDRICAL_SURFACE('',#2727,3.75);
#2553=CYLINDRICAL_SURFACE('',#2732,3.75);
#2554=CYLINDRICAL_SURFACE('',#2737,3.75);
#2555=CYLINDRICAL_SURFACE('',#2742,3.75);
#2556=CYLINDRICAL_SURFACE('',#2762,1.75);
#2557=CYLINDRICAL_SURFACE('',#2768,1.8);
#2558=CYLINDRICAL_SURFACE('',#2770,1.8);
#2559=CYLINDRICAL_SURFACE('',#2771,1.6);
#2560=CYLINDRICAL_SURFACE('',#2772,1.6);
#2561=CYLINDRICAL_SURFACE('',#2773,1.6);
#2562=CYLINDRICAL_SURFACE('',#2774,1.6);
#2563=CYLINDRICAL_SURFACE('',#2775,1.8);
#2564=CYLINDRICAL_SURFACE('',#2777,1.8);
#2565=CYLINDRICAL_SURFACE('',#2860,4.);
#2566=CYLINDRICAL_SURFACE('',#2874,2.6);
#2567=CYLINDRICAL_SURFACE('',#2875,2.5);
#2568=CYLINDRICAL_SURFACE('',#2876,1.75);
#2569=CYLINDRICAL_SURFACE('',#2879,1.75);
#2570=CYLINDRICAL_SURFACE('',#2881,1.75);
#2571=CYLINDRICAL_SURFACE('',#2883,1.75);
#2572=ADVANCED_FACE('',(#214),#2552,.F.);
#2573=ADVANCED_FACE('',(#215,#79),#114,.T.);
#2574=ADVANCED_FACE('',(#216),#2553,.F.);
#2575=ADVANCED_FACE('',(#217,#80),#115,.T.);
#2576=ADVANCED_FACE('',(#218),#2554,.F.);
#2577=ADVANCED_FACE('',(#219,#81),#116,.T.);
#2578=ADVANCED_FACE('',(#220),#2555,.F.);
#2579=ADVANCED_FACE('',(#221,#82),#117,.T.);
#2580=ADVANCED_FACE('',(#222),#118,.F.);
#2581=ADVANCED_FACE('',(#223),#119,.F.);
#2582=ADVANCED_FACE('',(#224,#83,#84,#85,#86),#120,.F.);
#2583=ADVANCED_FACE('',(#225),#121,.T.);
#2584=ADVANCED_FACE('',(#226,#87,#88),#122,.T.);
#2585=ADVANCED_FACE('',(#227),#2556,.F.);
#2586=ADVANCED_FACE('',(#228,#89,#90),#123,.T.);
#2587=ADVANCED_FACE('',(#229),#2557,.T.);
#2588=ADVANCED_FACE('',(#230),#124,.T.);
#2589=ADVANCED_FACE('',(#231),#2558,.T.);
#2590=ADVANCED_FACE('',(#232),#2559,.F.);
#2591=ADVANCED_FACE('',(#233),#2560,.F.);
#2592=ADVANCED_FACE('',(#234),#2561,.F.);
#2593=ADVANCED_FACE('',(#235),#2562,.F.);
#2594=ADVANCED_FACE('',(#236),#2563,.T.);
#2595=ADVANCED_FACE('',(#237),#125,.T.);
#2596=ADVANCED_FACE('',(#238),#2564,.T.);
#2597=ADVANCED_FACE('',(#239),#126,.T.);
#2598=ADVANCED_FACE('',(#240),#127,.T.);
#2599=ADVANCED_FACE('',(#241),#128,.T.);
#2600=ADVANCED_FACE('',(#242),#129,.T.);
#2601=ADVANCED_FACE('',(#243),#130,.T.);
#2602=ADVANCED_FACE('',(#244),#131,.T.);
#2603=ADVANCED_FACE('',(#245),#132,.T.);
#2604=ADVANCED_FACE('',(#246),#133,.T.);
#2605=ADVANCED_FACE('',(#247),#134,.T.);
#2606=ADVANCED_FACE('',(#248),#135,.F.);
#2607=ADVANCED_FACE('',(#249),#60,.F.);
#2608=ADVANCED_FACE('',(#250),#61,.F.);
#2609=ADVANCED_FACE('',(#251),#62,.F.);
#2610=ADVANCED_FACE('',(#252),#63,.F.);
#2611=ADVANCED_FACE('',(#253),#64,.F.);
#2612=ADVANCED_FACE('',(#254),#136,.F.);
#2613=ADVANCED_FACE('',(#255),#137,.F.);
#2614=ADVANCED_FACE('',(#256),#138,.F.);
#2615=ADVANCED_FACE('',(#257),#65,.F.);
#2616=ADVANCED_FACE('',(#258),#66,.F.);
#2617=ADVANCED_FACE('',(#259),#67,.F.);
#2618=ADVANCED_FACE('',(#260),#68,.F.);
#2619=ADVANCED_FACE('',(#261),#69,.F.);
#2620=ADVANCED_FACE('',(#262),#139,.F.);
#2621=ADVANCED_FACE('',(#263),#140,.F.);
#2622=ADVANCED_FACE('',(#264),#141,.F.);
#2623=ADVANCED_FACE('',(#265),#70,.F.);
#2624=ADVANCED_FACE('',(#266),#71,.F.);
#2625=ADVANCED_FACE('',(#267),#72,.F.);
#2626=ADVANCED_FACE('',(#268),#73,.F.);
#2627=ADVANCED_FACE('',(#269),#74,.F.);
#2628=ADVANCED_FACE('',(#270),#75,.F.);
#2629=ADVANCED_FACE('',(#271),#76,.F.);
#2630=ADVANCED_FACE('',(#272),#142,.F.);
#2631=ADVANCED_FACE('',(#273),#143,.F.);
#2632=ADVANCED_FACE('',(#274),#144,.F.);
#2633=ADVANCED_FACE('',(#275),#145,.F.);
#2634=ADVANCED_FACE('',(#276),#146,.T.);
#2635=ADVANCED_FACE('',(#277),#147,.F.);
#2636=ADVANCED_FACE('',(#278),#148,.F.);
#2637=ADVANCED_FACE('',(#279),#149,.F.);
#2638=ADVANCED_FACE('',(#280),#150,.F.);
#2639=ADVANCED_FACE('',(#281),#151,.F.);
#2640=ADVANCED_FACE('',(#282),#152,.F.);
#2641=ADVANCED_FACE('',(#283),#153,.F.);
#2642=ADVANCED_FACE('',(#284),#154,.F.);
#2643=ADVANCED_FACE('',(#285),#155,.F.);
#2644=ADVANCED_FACE('',(#286),#156,.F.);
#2645=ADVANCED_FACE('',(#287),#157,.F.);
#2646=ADVANCED_FACE('',(#288),#158,.F.);
#2647=ADVANCED_FACE('',(#289),#159,.F.);
#2648=ADVANCED_FACE('',(#290),#160,.F.);
#2649=ADVANCED_FACE('',(#291),#161,.F.);
#2650=ADVANCED_FACE('',(#292),#162,.F.);
#2651=ADVANCED_FACE('',(#293),#163,.F.);
#2652=ADVANCED_FACE('',(#294),#164,.F.);
#2653=ADVANCED_FACE('',(#295),#165,.F.);
#2654=ADVANCED_FACE('',(#296),#166,.F.);
#2655=ADVANCED_FACE('',(#297),#167,.F.);
#2656=ADVANCED_FACE('',(#298),#77,.F.);
#2657=ADVANCED_FACE('',(#299),#78,.F.);
#2658=ADVANCED_FACE('',(#300),#168,.F.);
#2659=ADVANCED_FACE('',(#301),#169,.F.);
#2660=ADVANCED_FACE('',(#302),#170,.F.);
#2661=ADVANCED_FACE('',(#303),#171,.F.);
#2662=ADVANCED_FACE('',(#304),#172,.F.);
#2663=ADVANCED_FACE('',(#305),#173,.T.);
#2664=ADVANCED_FACE('',(#306),#174,.F.);
#2665=ADVANCED_FACE('',(#307),#175,.F.);
#2666=ADVANCED_FACE('',(#308),#176,.F.);
#2667=ADVANCED_FACE('',(#309),#177,.F.);
#2668=ADVANCED_FACE('',(#310),#178,.F.);
#2669=ADVANCED_FACE('',(#311),#179,.F.);
#2670=ADVANCED_FACE('',(#312),#180,.F.);
#2671=ADVANCED_FACE('',(#313),#181,.F.);
#2672=ADVANCED_FACE('',(#314),#182,.F.);
#2673=ADVANCED_FACE('',(#315),#183,.F.);
#2674=ADVANCED_FACE('',(#316),#184,.F.);
#2675=ADVANCED_FACE('',(#317),#185,.F.);
#2676=ADVANCED_FACE('',(#318),#186,.F.);
#2677=ADVANCED_FACE('',(#319),#187,.F.);
#2678=ADVANCED_FACE('',(#320),#188,.F.);
#2679=ADVANCED_FACE('',(#321),#189,.F.);
#2680=ADVANCED_FACE('',(#322),#190,.F.);
#2681=ADVANCED_FACE('',(#323),#191,.F.);
#2682=ADVANCED_FACE('',(#324),#192,.F.);
#2683=ADVANCED_FACE('',(#325),#193,.F.);
#2684=ADVANCED_FACE('',(#326),#194,.F.);
#2685=ADVANCED_FACE('',(#327),#195,.F.);
#2686=ADVANCED_FACE('',(#328),#196,.F.);
#2687=ADVANCED_FACE('',(#329),#197,.F.);
#2688=ADVANCED_FACE('',(#330,#91),#198,.F.);
#2689=ADVANCED_FACE('',(#331,#92,#93),#199,.T.);
#2690=ADVANCED_FACE('',(#332,#94,#95),#200,.T.);
#2691=ADVANCED_FACE('',(#333),#16,.F.);
#2692=ADVANCED_FACE('',(#334,#96),#2565,.F.);
#2693=ADVANCED_FACE('',(#335),#201,.T.);
#2694=ADVANCED_FACE('',(#336),#202,.T.);
#2695=ADVANCED_FACE('',(#337),#203,.T.);
#2696=ADVANCED_FACE('',(#338,#97),#204,.F.);
#2697=ADVANCED_FACE('',(#339),#205,.T.);
#2698=ADVANCED_FACE('',(#340,#98),#206,.T.);
#2699=ADVANCED_FACE('',(#341),#15,.F.);
#2700=ADVANCED_FACE('',(#342,#99),#207,.T.);
#2701=ADVANCED_FACE('',(#343,#100,#101),#208,.F.);
#2702=ADVANCED_FACE('',(#344),#2566,.F.);
#2703=ADVANCED_FACE('',(#345),#2567,.F.);
#2704=ADVANCED_FACE('',(#346),#2568,.F.);
#2705=ADVANCED_FACE('',(#347),#2569,.F.);
#2706=ADVANCED_FACE('',(#348),#2570,.F.);
#2707=ADVANCED_FACE('',(#349),#2571,.F.);
#2708=ADVANCED_FACE('',(#350,#102),#209,.T.);
#2709=ADVANCED_FACE('',(#351),#210,.T.);
#2710=ADVANCED_FACE('',(#352,#103,#104,#105,#106,#107),#211,.F.);
#2711=ADVANCED_FACE('',(#353,#108,#109,#110,#111,#112,#113),#212,.T.);
#2712=ADVANCED_FACE('',(#354),#213,.T.);
#2713=CLOSED_SHELL('',(#2572,#2573,#2574,#2575,#2576,#2577,#2578,#2579,
#2580,#2581,#2582,#2583,#2584,#2585,#2586,#2587,#2588,#2589,#2590,#2591,
#2592,#2593,#2594,#2595,#2596,#2597,#2598,#2599,#2600,#2601,#2602,#2603,
#2604,#2605,#2606,#2607,#2608,#2609,#2610,#2611,#2612,#2613,#2614,#2615,
#2616,#2617,#2618,#2619,#2620,#2621,#2622,#2623,#2624,#2625,#2626,#2627,
#2628,#2629,#2630,#2631,#2632,#2633,#2634,#2635,#2636,#2637,#2638,#2639,
#2640,#2641,#2642,#2643,#2644,#2645,#2646,#2647,#2648,#2649,#2650,#2651,
#2652,#2653,#2654,#2655,#2656,#2657,#2658,#2659,#2660,#2661,#2662,#2663,
#2664,#2665,#2666,#2667,#2668,#2669,#2670,#2671,#2672,#2673,#2674,#2675,
#2676,#2677,#2678,#2679,#2680,#2681,#2682,#2683,#2684,#2685,#2686,#2687,
#2688,#2689,#2690,#2691,#2692,#2693,#2694,#2695,#2696,#2697,#2698,#2699,
#2700,#2701,#2702,#2703,#2704,#2705,#2706,#2707,#2708,#2709,#2710,#2711,
#2712));
#2714=DERIVED_UNIT_ELEMENT(#2716,1.);
#2715=DERIVED_UNIT_ELEMENT(#4685,-3.);
#2716=(
MASS_UNIT()
NAMED_UNIT(*)
SI_UNIT(.KILO.,.GRAM.)
);
#2717=DERIVED_UNIT((#2714,#2715));
#2718=MEASURE_REPRESENTATION_ITEM('density measure',
POSITIVE_RATIO_MEASURE(7850.),#2717);
#2719=PROPERTY_DEFINITION_REPRESENTATION(#2724,#2721);
#2720=PROPERTY_DEFINITION_REPRESENTATION(#2725,#2722);
#2721=REPRESENTATION('material name',(#2723),#4682);
#2722=REPRESENTATION('density',(#2718),#4682);
#2723=DESCRIPTIVE_REPRESENTATION_ITEM('Stahl','Stahl');
#2724=PROPERTY_DEFINITION('material property','material name',#4692);
#2725=PROPERTY_DEFINITION('material property','density of part',#4692);
#2726=AXIS2_PLACEMENT_3D('',#3513,#2890,#2891);
#2727=AXIS2_PLACEMENT_3D('',#3514,#2892,#2893);
#2728=AXIS2_PLACEMENT_3D('',#3516,#2894,#2895);
#2729=AXIS2_PLACEMENT_3D('',#3519,#2897,#2898);
#2730=AXIS2_PLACEMENT_3D('',#3520,#2899,#2900);
#2731=AXIS2_PLACEMENT_3D('',#3522,#2901,#2902);
#2732=AXIS2_PLACEMENT_3D('',#3523,#2903,#2904);
#2733=AXIS2_PLACEMENT_3D('',#3525,#2905,#2906);
#2734=AXIS2_PLACEMENT_3D('',#3528,#2908,#2909);
#2735=AXIS2_PLACEMENT_3D('',#3529,#2910,#2911);
#2736=AXIS2_PLACEMENT_3D('',#3531,#2912,#2913);
#2737=AXIS2_PLACEMENT_3D('',#3532,#2914,#2915);
#2738=AXIS2_PLACEMENT_3D('',#3534,#2916,#2917);
#2739=AXIS2_PLACEMENT_3D('',#3537,#2919,#2920);
#2740=AXIS2_PLACEMENT_3D('',#3538,#2921,#2922);
#2741=AXIS2_PLACEMENT_3D('',#3540,#2923,#2924);
#2742=AXIS2_PLACEMENT_3D('',#3541,#2925,#2926);
#2743=AXIS2_PLACEMENT_3D('',#3543,#2927,#2928);
#2744=AXIS2_PLACEMENT_3D('',#3546,#2930,#2931);
#2745=AXIS2_PLACEMENT_3D('',#3547,#2932,#2933);
#2746=AXIS2_PLACEMENT_3D('',#3549,#2934,#2935);
#2747=AXIS2_PLACEMENT_3D('',#3550,#2936,#2937);
#2748=AXIS2_PLACEMENT_3D('',#3559,#2942,#2943);
#2749=AXIS2_PLACEMENT_3D('',#3568,#2948,#2949);
#2750=AXIS2_PLACEMENT_3D('',#3573,#2952,#2953);
#2751=AXIS2_PLACEMENT_3D('',#3577,#2955,#2956);
#2752=AXIS2_PLACEMENT_3D('',#3581,#2958,#2959);
#2753=AXIS2_PLACEMENT_3D('',#3585,#2961,#2962);
#2754=AXIS2_PLACEMENT_3D('',#3588,#2964,#2965);
#2755=AXIS2_PLACEMENT_3D('',#3590,#2966,#2967);
#2756=AXIS2_PLACEMENT_3D('',#3592,#2968,#2969);
#2757=AXIS2_PLACEMENT_3D('',#3594,#2970,#2971);
#2758=AXIS2_PLACEMENT_3D('',#3595,#2972,#2973);
#2759=AXIS2_PLACEMENT_3D('',#3599,#2976,#2977);
#2760=AXIS2_PLACEMENT_3D('',#3605,#2980,#2981);
#2761=AXIS2_PLACEMENT_3D('',#3608,#2983,#2984);
#2762=AXIS2_PLACEMENT_3D('',#3609,#2985,#2986);
#2763=AXIS2_PLACEMENT_3D('',#3611,#2987,#2988);
#2764=AXIS2_PLACEMENT_3D('',#3614,#2990,#2991);
#2765=AXIS2_PLACEMENT_3D('',#3615,#2992,#2993);
#2766=AXIS2_PLACEMENT_3D('',#3619,#2995,#2996);
#2767=AXIS2_PLACEMENT_3D('',#3623,#2998,#2999);
#2768=AXIS2_PLACEMENT_3D('',#3633,#3005,#3006);
#2769=AXIS2_PLACEMENT_3D('',#3635,#3008,#3009);
#2770=AXIS2_PLACEMENT_3D('',#3637,#3011,#3012);
#2771=AXIS2_PLACEMENT_3D('',#3639,#3014,#3015);
#2772=AXIS2_PLACEMENT_3D('',#3641,#3017,#3018);
#2773=AXIS2_PLACEMENT_3D('',#3643,#3020,#3021);
#2774=AXIS2_PLACEMENT_3D('',#3645,#3023,#3024);
#2775=AXIS2_PLACEMENT_3D('',#3647,#3026,#3027);
#2776=AXIS2_PLACEMENT_3D('',#3650,#3030,#3031);
#2777=AXIS2_PLACEMENT_3D('',#3652,#3033,#3034);
#2778=AXIS2_PLACEMENT_3D('',#3654,#3036,#3037);
#2779=AXIS2_PLACEMENT_3D('',#3655,#3038,#3039);
#2780=AXIS2_PLACEMENT_3D('',#3664,#3044,#3045);
#2781=AXIS2_PLACEMENT_3D('',#3670,#3049,#3050);
#2782=AXIS2_PLACEMENT_3D('',#3676,#3054,#3055);
#2783=AXIS2_PLACEMENT_3D('',#3679,#3058,#3059);
#2784=AXIS2_PLACEMENT_3D('',#3688,#3064,#3065);
#2785=AXIS2_PLACEMENT_3D('',#3694,#3069,#3070);
#2786=AXIS2_PLACEMENT_3D('',#3700,#3074,#3075);
#2787=AXIS2_PLACEMENT_3D('',#3703,#3078,#3079);
#2788=AXIS2_PLACEMENT_3D('',#3827,#3089,#3090);
#2789=AXIS2_PLACEMENT_3D('',#3833,#3094,#3095);
#2790=AXIS2_PLACEMENT_3D('',#3839,#3099,#3100);
#2791=AXIS2_PLACEMENT_3D('',#3960,#3109,#3110);
#2792=AXIS2_PLACEMENT_3D('',#3966,#3114,#3115);
#2793=AXIS2_PLACEMENT_3D('',#3972,#3119,#3120);
#2794=AXIS2_PLACEMENT_3D('',#4139,#3131,#3132);
#2795=AXIS2_PLACEMENT_3D('',#4145,#3136,#3137);
#2796=AXIS2_PLACEMENT_3D('',#4151,#3141,#3142);
#2797=AXIS2_PLACEMENT_3D('',#4157,#3146,#3147);
#2798=AXIS2_PLACEMENT_3D('',#4160,#3150,#3151);
#2799=AXIS2_PLACEMENT_3D('',#4161,#3152,#3153);
#2800=AXIS2_PLACEMENT_3D('',#4170,#3158,#3159);
#2801=AXIS2_PLACEMENT_3D('',#4176,#3163,#3164);
#2802=AXIS2_PLACEMENT_3D('',#4182,#3168,#3169);
#2803=AXIS2_PLACEMENT_3D('',#4188,#3173,#3174);
#2804=AXIS2_PLACEMENT_3D('',#4194,#3178,#3179);
#2805=AXIS2_PLACEMENT_3D('',#4200,#3183,#3184);
#2806=AXIS2_PLACEMENT_3D('',#4206,#3188,#3189);
#2807=AXIS2_PLACEMENT_3D('',#4212,#3193,#3194);
#2808=AXIS2_PLACEMENT_3D('',#4218,#3198,#3199);
#2809=AXIS2_PLACEMENT_3D('',#4224,#3203,#3204);
#2810=AXIS2_PLACEMENT_3D('',#4230,#3208,#3209);
#2811=AXIS2_PLACEMENT_3D('',#4233,#3212,#3213);
#2812=AXIS2_PLACEMENT_3D('',#4234,#3214,#3215);
#2813=AXIS2_PLACEMENT_3D('',#4243,#3220,#3221);
#2814=AXIS2_PLACEMENT_3D('',#4249,#3225,#3226);
#2815=AXIS2_PLACEMENT_3D('',#4255,#3230,#3231);
#2816=AXIS2_PLACEMENT_3D('',#4261,#3235,#3236);
#2817=AXIS2_PLACEMENT_3D('',#4267,#3240,#3241);
#2818=AXIS2_PLACEMENT_3D('',#4273,#3245,#3246);
#2819=AXIS2_PLACEMENT_3D('',#4279,#3250,#3251);
#2820=AXIS2_PLACEMENT_3D('',#4331,#3257,#3258);
#2821=AXIS2_PLACEMENT_3D('',#4337,#3262,#3263);
#2822=AXIS2_PLACEMENT_3D('',#4343,#3267,#3268);
#2823=AXIS2_PLACEMENT_3D('',#4349,#3272,#3273);
#2824=AXIS2_PLACEMENT_3D('',#4355,#3277,#3278);
#2825=AXIS2_PLACEMENT_3D('',#4358,#3281,#3282);
#2826=AXIS2_PLACEMENT_3D('',#4359,#3283,#3284);
#2827=AXIS2_PLACEMENT_3D('',#4368,#3289,#3290);
#2828=AXIS2_PLACEMENT_3D('',#4374,#3294,#3295);
#2829=AXIS2_PLACEMENT_3D('',#4380,#3299,#3300);
#2830=AXIS2_PLACEMENT_3D('',#4386,#3304,#3305);
#2831=AXIS2_PLACEMENT_3D('',#4392,#3309,#3310);
#2832=AXIS2_PLACEMENT_3D('',#4398,#3314,#3315);
#2833=AXIS2_PLACEMENT_3D('',#4404,#3319,#3320);
#2834=AXIS2_PLACEMENT_3D('',#4410,#3324,#3325);
#2835=AXIS2_PLACEMENT_3D('',#4416,#3329,#3330);
#2836=AXIS2_PLACEMENT_3D('',#4422,#3334,#3335);
#2837=AXIS2_PLACEMENT_3D('',#4428,#3339,#3340);
#2838=AXIS2_PLACEMENT_3D('',#4431,#3343,#3344);
#2839=AXIS2_PLACEMENT_3D('',#4432,#3345,#3346);
#2840=AXIS2_PLACEMENT_3D('',#4441,#3351,#3352);
#2841=AXIS2_PLACEMENT_3D('',#4447,#3356,#3357);
#2842=AXIS2_PLACEMENT_3D('',#4450,#3360,#3361);
#2843=AXIS2_PLACEMENT_3D('',#4459,#3366,#3367);
#2844=AXIS2_PLACEMENT_3D('',#4465,#3371,#3372);
#2845=AXIS2_PLACEMENT_3D('',#4471,#3376,#3377);
#2846=AXIS2_PLACEMENT_3D('',#4477,#3381,#3382);
#2847=AXIS2_PLACEMENT_3D('',#4483,#3386,#3387);
#2848=AXIS2_PLACEMENT_3D('',#4489,#3391,#3392);
#2849=AXIS2_PLACEMENT_3D('',#4495,#3396,#3397);
#2850=AXIS2_PLACEMENT_3D('',#4498,#3400,#3401);
#2851=AXIS2_PLACEMENT_3D('',#4499,#3402,#3403);
#2852=AXIS2_PLACEMENT_3D('',#4513,#3410,#3411);
#2853=AXIS2_PLACEMENT_3D('',#4514,#3412,#3413);
#2854=AXIS2_PLACEMENT_3D('',#4518,#3416,#3417);
#2855=AXIS2_PLACEMENT_3D('',#4520,#3418,#3419);
#2856=AXIS2_PLACEMENT_3D('',#4521,#3420,#3421);
#2857=AXIS2_PLACEMENT_3D('',#4524,#3422,#3423);
#2858=AXIS2_PLACEMENT_3D('',#4527,#3425,#3426);
#2859=AXIS2_PLACEMENT_3D('',#4528,#3427,#3428);
#2860=AXIS2_PLACEMENT_3D('',#4529,#3429,#3430);
#2861=AXIS2_PLACEMENT_3D('',#4612,#3433,#3434);
#2862=AXIS2_PLACEMENT_3D('',#4621,#3439,#3440);
#2863=AXIS2_PLACEMENT_3D('',#4627,#3444,#3445);
#2864=AXIS2_PLACEMENT_3D('',#4633,#3449,#3450);
#2865=AXIS2_PLACEMENT_3D('',#4635,#3452,#3453);
#2866=AXIS2_PLACEMENT_3D('',#4637,#3455,#3456);
#2867=AXIS2_PLACEMENT_3D('',#4639,#3457,#3458);
#2868=AXIS2_PLACEMENT_3D('',#4640,#3459,#3460);
#2869=AXIS2_PLACEMENT_3D('',#4642,#3461,#3462);
#2870=AXIS2_PLACEMENT_3D('',#4643,#3463,#3464);
#2871=AXIS2_PLACEMENT_3D('',#4645,#3465,#3466);
#2872=AXIS2_PLACEMENT_3D('',#4646,#3467,#3468);
#2873=AXIS2_PLACEMENT_3D('',#4650,#3471,#3472);
#2874=AXIS2_PLACEMENT_3D('',#4651,#3473,#3474);
#2875=AXIS2_PLACEMENT_3D('',#4653,#3476,#3477);
#2876=AXIS2_PLACEMENT_3D('',#4655,#3479,#3480);
#2877=AXIS2_PLACEMENT_3D('',#4657,#3481,#3482);
#2878=AXIS2_PLACEMENT_3D('',#4660,#3484,#3485);
#2879=AXIS2_PLACEMENT_3D('',#4661,#3486,#3487);
#2880=AXIS2_PLACEMENT_3D('',#4664,#3489,#3490);
#2881=AXIS2_PLACEMENT_3D('',#4665,#3491,#3492);
#2882=AXIS2_PLACEMENT_3D('',#4667,#3493,#3494);
#2883=AXIS2_PLACEMENT_3D('',#4669,#3496,#3497);
#2884=AXIS2_PLACEMENT_3D('',#4671,#3498,#3499);
#2885=AXIS2_PLACEMENT_3D('',#4673,#3501,#3502);
#2886=AXIS2_PLACEMENT_3D('',#4675,#3504,#3505);
#2887=AXIS2_PLACEMENT_3D('',#4677,#3507,#3508);
#2888=AXIS2_PLACEMENT_3D('',#4678,#3509,#3510);
#2889=AXIS2_PLACEMENT_3D('',#4679,#3511,#3512);
#2890=DIRECTION('axis',(0.,0.,1.));
#2891=DIRECTION('refdir',(1.,0.,0.));
#2892=DIRECTION('center_axis',(0.,0.,-1.));
#2893=DIRECTION('ref_axis',(-1.,0.,0.));
#2894=DIRECTION('center_axis',(0.,0.,-1.));
#2895=DIRECTION('ref_axis',(-1.,0.,0.));
#2896=DIRECTION('',(0.,0.,-1.));
#2897=DIRECTION('center_axis',(0.,0.,-1.));
#2898=DIRECTION('ref_axis',(-1.,0.,0.));
#2899=DIRECTION('center_axis',(0.,0.,1.));
#2900=DIRECTION('ref_axis',(-1.,0.,0.));
#2901=DIRECTION('center_axis',(0.,0.,1.));
#2902=DIRECTION('ref_axis',(-1.,0.,0.));
#2903=DIRECTION('center_axis',(0.,0.,-1.));
#2904=DIRECTION('ref_axis',(-1.,0.,0.));
#2905=DIRECTION('center_axis',(0.,0.,-1.));
#2906=DIRECTION('ref_axis',(-1.,0.,0.));
#2907=DIRECTION('',(0.,0.,-1.));
#2908=DIRECTION('center_axis',(0.,0.,-1.));
#2909=DIRECTION('ref_axis',(-1.,0.,0.));
#2910=DIRECTION('center_axis',(0.,0.,1.));
#2911=DIRECTION('ref_axis',(-1.,0.,0.));
#2912=DIRECTION('center_axis',(0.,0.,1.));
#2913=DIRECTION('ref_axis',(-1.,0.,0.));
#2914=DIRECTION('center_axis',(0.,0.,-1.));
#2915=DIRECTION('ref_axis',(-1.,0.,0.));
#2916=DIRECTION('center_axis',(0.,0.,-1.));
#2917=DIRECTION('ref_axis',(-1.,0.,0.));
#2918=DIRECTION('',(0.,0.,-1.));
#2919=DIRECTION('center_axis',(0.,0.,-1.));
#2920=DIRECTION('ref_axis',(-1.,0.,0.));
#2921=DIRECTION('center_axis',(0.,0.,1.));
#2922=DIRECTION('ref_axis',(-1.,0.,0.));
#2923=DIRECTION('center_axis',(0.,0.,1.));
#2924=DIRECTION('ref_axis',(-1.,0.,0.));
#2925=DIRECTION('center_axis',(0.,0.,-1.));
#2926=DIRECTION('ref_axis',(-1.,0.,0.));
#2927=DIRECTION('center_axis',(0.,0.,-1.));
#2928=DIRECTION('ref_axis',(-1.,0.,0.));
#2929=DIRECTION('',(0.,0.,-1.));
#2930=DIRECTION('center_axis',(0.,0.,-1.));
#2931=DIRECTION('ref_axis',(-1.,0.,0.));
#2932=DIRECTION('center_axis',(0.,0.,1.));
#2933=DIRECTION('ref_axis',(-1.,0.,0.));
#2934=DIRECTION('center_axis',(0.,0.,1.));
#2935=DIRECTION('ref_axis',(-1.,0.,0.));
#2936=DIRECTION('center_axis',(1.,0.,0.));
#2937=DIRECTION('ref_axis',(0.,-1.,0.));
#2938=DIRECTION('',(0.,-1.,0.));
#2939=DIRECTION('',(0.,0.,-1.));
#2940=DIRECTION('',(0.,1.,0.));
#2941=DIRECTION('',(0.,0.,-1.));
#2942=DIRECTION('center_axis',(-1.,0.,0.));
#2943=DIRECTION('ref_axis',(0.,1.,0.));
#2944=DIRECTION('',(0.,1.,0.));
#2945=DIRECTION('',(0.,0.,1.));
#2946=DIRECTION('',(0.,-1.,0.));
#2947=DIRECTION('',(0.,0.,-1.));
#2948=DIRECTION('center_axis',(0.,0.,1.));
#2949=DIRECTION('ref_axis',(-1.,0.,0.));
#2950=DIRECTION('',(-1.,0.,0.));
#2951=DIRECTION('',(1.,0.,0.));
#2952=DIRECTION('center_axis',(0.,0.,1.));
#2953=DIRECTION('ref_axis',(-1.,0.,0.));
#2954=DIRECTION('',(1.55820775385987E-16,-1.,0.));
#2955=DIRECTION('center_axis',(0.,0.,1.));
#2956=DIRECTION('ref_axis',(0.,1.,0.));
#2957=DIRECTION('',(-1.,2.17690789142187E-16,0.));
#2958=DIRECTION('center_axis',(0.,0.,1.));
#2959=DIRECTION('ref_axis',(1.,-9.25185853854299E-16,0.));
#2960=DIRECTION('',(0.,1.,0.));
#2961=DIRECTION('center_axis',(0.,0.,1.));
#2962=DIRECTION('ref_axis',(0.,-1.,0.));
#2963=DIRECTION('',(1.,0.,0.));
#2964=DIRECTION('center_axis',(0.,0.,-1.));
#2965=DIRECTION('ref_axis',(-1.,0.,0.));
#2966=DIRECTION('center_axis',(0.,0.,-1.));
#2967=DIRECTION('ref_axis',(-1.,0.,0.));
#2968=DIRECTION('center_axis',(0.,0.,-1.));
#2969=DIRECTION('ref_axis',(-1.,0.,0.));
#2970=DIRECTION('center_axis',(0.,0.,-1.));
#2971=DIRECTION('ref_axis',(-1.,0.,0.));
#2972=DIRECTION('center_axis',(0.,-1.,0.));
#2973=DIRECTION('ref_axis',(1.,0.,0.));
#2974=DIRECTION('',(-1.,0.,0.));
#2975=DIRECTION('',(0.,0.,1.));
#2976=DIRECTION('center_axis',(0.,0.,1.));
#2977=DIRECTION('ref_axis',(1.,0.,0.));
#2978=DIRECTION('',(2.22044604925031E-16,1.,0.));
#2979=DIRECTION('',(1.,-2.17690789142187E-16,0.));
#2980=DIRECTION('center_axis',(0.,0.,-1.));
#2981=DIRECTION('ref_axis',(0.,1.,0.));
#2982=DIRECTION('',(-1.55820775385987E-16,1.,0.));
#2983=DIRECTION('center_axis',(0.,0.,-1.));
#2984=DIRECTION('ref_axis',(-1.,0.,0.));
#2985=DIRECTION('center_axis',(1.,0.,0.));
#2986=DIRECTION('ref_axis',(0.,-1.,0.));
#2987=DIRECTION('center_axis',(1.,-2.22044604925031E-16,0.));
#2988=DIRECTION('ref_axis',(-2.22044604925031E-16,-1.,0.));
#2989=DIRECTION('',(1.,0.,0.));
#2990=DIRECTION('center_axis',(-1.,8.32667268468862E-17,0.));
#2991=DIRECTION('ref_axis',(-8.32667268468862E-17,-1.,0.));
#2992=DIRECTION('center_axis',(0.,0.,1.));
#2993=DIRECTION('ref_axis',(1.,0.,0.));
#2994=DIRECTION('',(-1.,0.,0.));
#2995=DIRECTION('center_axis',(0.,0.,-1.));
#2996=DIRECTION('ref_axis',(0.,-1.,0.));
#2997=DIRECTION('',(0.,-1.,0.));
#2998=DIRECTION('center_axis',(0.,0.,-1.));
#2999=DIRECTION('ref_axis',(1.,-9.25185853854299E-16,0.));
#3000=DIRECTION('',(1.,-2.17690789142187E-16,0.));
#3001=DIRECTION('',(-2.22044604925031E-16,-1.,0.));
#3002=DIRECTION('',(-1.,2.22044604925031E-16,0.));
#3003=DIRECTION('',(-2.22044604925031E-16,-1.,0.));
#3004=DIRECTION('',(1.,0.,0.));
#3005=DIRECTION('center_axis',(0.,0.,1.));
#3006=DIRECTION('ref_axis',(-1.,0.,0.));
#3007=DIRECTION('',(0.,0.,1.));
#3008=DIRECTION('center_axis',(-1.,-1.55820775385987E-16,0.));
#3009=DIRECTION('ref_axis',(1.55820775385987E-16,-1.,0.));
#3010=DIRECTION('',(0.,0.,1.));
#3011=DIRECTION('center_axis',(0.,0.,1.));
#3012=DIRECTION('ref_axis',(0.,1.,0.));
#3013=DIRECTION('',(0.,0.,1.));
#3014=DIRECTION('center_axis',(0.,0.,1.));
#3015=DIRECTION('ref_axis',(-1.,0.,0.));
#3016=DIRECTION('',(0.,0.,1.));
#3017=DIRECTION('center_axis',(0.,0.,1.));
#3018=DIRECTION('ref_axis',(-1.,0.,0.));
#3019=DIRECTION('',(0.,0.,1.));
#3020=DIRECTION('center_axis',(0.,0.,1.));
#3021=DIRECTION('ref_axis',(-1.,0.,0.));
#3022=DIRECTION('',(0.,0.,1.));
#3023=DIRECTION('center_axis',(0.,0.,1.));
#3024=DIRECTION('ref_axis',(-1.,0.,0.));
#3025=DIRECTION('',(0.,0.,1.));
#3026=DIRECTION('center_axis',(0.,0.,1.));
#3027=DIRECTION('ref_axis',(1.,-9.25185853854299E-16,0.));
#3028=DIRECTION('',(0.,0.,1.));
#3029=DIRECTION('',(0.,0.,1.));
#3030=DIRECTION('center_axis',(1.,0.,0.));
#3031=DIRECTION('ref_axis',(0.,1.,0.));
#3032=DIRECTION('',(0.,0.,1.));
#3033=DIRECTION('center_axis',(0.,0.,1.));
#3034=DIRECTION('ref_axis',(0.,-1.,0.));
#3035=DIRECTION('',(0.,0.,1.));
#3036=DIRECTION('center_axis',(0.,-1.,0.));
#3037=DIRECTION('ref_axis',(1.,0.,0.));
#3038=DIRECTION('center_axis',(-1.,2.22044604925031E-16,0.));
#3039=DIRECTION('ref_axis',(0.,0.,-1.));
#3040=DIRECTION('',(0.,0.,1.));
#3041=DIRECTION('',(-2.22044604925031E-16,-1.,0.));
#3042=DIRECTION('',(0.,0.,1.));
#3043=DIRECTION('',(-2.22044604925031E-16,-1.,0.));
#3044=DIRECTION('center_axis',(0.,0.,-1.));
#3045=DIRECTION('ref_axis',(1.,-2.22044604925031E-16,0.));
#3046=DIRECTION('',(-1.,2.22044604925031E-16,0.));
#3047=DIRECTION('',(-2.22044604925031E-16,-1.,0.));
#3048=DIRECTION('',(-1.,1.11022302462515E-16,0.));
#3049=DIRECTION('center_axis',(1.,-2.22044604925031E-16,0.));
#3050=DIRECTION('ref_axis',(0.,0.,1.));
#3051=DIRECTION('',(0.,0.,-1.));
#3052=DIRECTION('',(-2.22044604925031E-16,-1.,0.));
#3053=DIRECTION('',(0.,0.,-1.));
#3054=DIRECTION('center_axis',(0.,0.,1.));
#3055=DIRECTION('ref_axis',(-1.,2.22044604925031E-16,0.));
#3056=DIRECTION('',(1.,-2.22044604925031E-16,0.));
#3057=DIRECTION('',(1.,-1.11022302462515E-16,0.));
#3058=DIRECTION('center_axis',(0.,0.,1.));
#3059=DIRECTION('ref_axis',(2.22044604925031E-16,1.,0.));
#3060=DIRECTION('',(-2.22044604925031E-16,-1.,0.));
#3061=DIRECTION('',(-1.,2.22044604925031E-16,0.));
#3062=DIRECTION('',(-2.22044604925031E-16,-1.,0.));
#3063=DIRECTION('',(-1.,2.22044604925031E-16,0.));
#3064=DIRECTION('center_axis',(2.22044604925031E-16,1.,0.));
#3065=DIRECTION('ref_axis',(0.,0.,-1.));
#3066=DIRECTION('',(0.,0.,1.));
#3067=DIRECTION('',(-1.,2.22044604925031E-16,0.));
#3068=DIRECTION('',(0.,0.,1.));
#3069=DIRECTION('center_axis',(0.,0.,-1.));
#3070=DIRECTION('ref_axis',(-2.22044604925031E-16,-1.,0.));
#3071=DIRECTION('',(2.22044604925031E-16,1.,0.));
#3072=DIRECTION('',(-1.,2.22044604925031E-16,0.));
#3073=DIRECTION('',(2.22044604925031E-16,1.,0.));
#3074=DIRECTION('center_axis',(-2.22044604925031E-16,-1.,0.));
#3075=DIRECTION('ref_axis',(0.,0.,1.));
#3076=DIRECTION('',(0.,0.,-1.));
#3077=DIRECTION('',(0.,0.,-1.));
#3078=DIRECTION('center_axis',(-2.22044604925031E-16,-1.,0.));
#3079=DIRECTION('ref_axis',(0.,0.,-1.));
#3080=DIRECTION('',(0.,0.,-1.));
#3081=DIRECTION('',(1.,-2.22044604925031E-16,0.));
#3082=DIRECTION('',(0.,0.,-1.));
#3083=DIRECTION('',(1.,-2.22044604925031E-16,0.));
#3084=DIRECTION('',(1.,-2.22044604925031E-16,0.));
#3085=DIRECTION('',(1.,-2.22044604925031E-16,0.));
#3086=DIRECTION('',(1.,-2.22044604925031E-16,0.));
#3087=DIRECTION('',(1.,-2.22044604925031E-16,0.));
#3088=DIRECTION('',(1.,-2.22044604925031E-16,0.));
#3089=DIRECTION('center_axis',(2.22044604925031E-16,1.,0.));
#3090=DIRECTION('ref_axis',(0.,0.,1.));
#3091=DIRECTION('',(0.,0.,1.));
#3092=DIRECTION('',(1.,-2.22044604925031E-16,0.));
#3093=DIRECTION('',(0.,0.,1.));
#3094=DIRECTION('center_axis',(0.,0.,-1.));
#3095=DIRECTION('ref_axis',(2.22044604925031E-16,1.,0.));
#3096=DIRECTION('',(2.22044604925031E-16,1.,0.));
#3097=DIRECTION('',(1.,-2.22044604925031E-16,0.));
#3098=DIRECTION('',(2.22044604925031E-16,1.,0.));
#3099=DIRECTION('center_axis',(-2.22044604925031E-16,-1.,0.));
#3100=DIRECTION('ref_axis',(0.,0.,-1.));
#3101=DIRECTION('',(0.,0.,-1.));
#3102=DIRECTION('',(1.,-2.22044604925031E-16,0.));
#3103=DIRECTION('',(0.,0.,-1.));
#3104=DIRECTION('',(1.,-2.22044604925031E-16,0.));
#3105=DIRECTION('',(1.,-2.22044604925031E-16,0.));
#3106=DIRECTION('',(1.,-2.22044604925031E-16,0.));
#3107=DIRECTION('',(1.,-2.22044604925031E-16,0.));
#3108=DIRECTION('',(1.,-2.22044604925031E-16,0.));
#3109=DIRECTION('center_axis',(2.22044604925031E-16,1.,0.));
#3110=DIRECTION('ref_axis',(0.,0.,1.));
#3111=DIRECTION('',(0.,0.,1.));
#3112=DIRECTION('',(1.,-2.22044604925031E-16,0.));
#3113=DIRECTION('',(0.,0.,1.));
#3114=DIRECTION('center_axis',(0.,0.,-1.));
#3115=DIRECTION('ref_axis',(2.22044604925031E-16,1.,0.));
#3116=DIRECTION('',(2.22044604925031E-16,1.,0.));
#3117=DIRECTION('',(1.,-2.22044604925031E-16,0.));
#3118=DIRECTION('',(2.22044604925031E-16,1.,0.));
#3119=DIRECTION('center_axis',(-2.22044604925031E-16,-1.,0.));
#3120=DIRECTION('ref_axis',(0.,0.,-1.));
#3121=DIRECTION('',(0.,0.,-1.));
#3122=DIRECTION('',(1.,-2.22044604925031E-16,0.));
#3123=DIRECTION('',(0.,0.,-1.));
#3124=DIRECTION('',(1.,-2.22044604925031E-16,0.));
#3125=DIRECTION('',(1.,-2.22044604925031E-16,0.));
#3126=DIRECTION('',(1.,-2.22044604925031E-16,0.));
#3127=DIRECTION('',(1.,-2.22044604925031E-16,0.));
#3128=DIRECTION('',(1.,-2.22044604925031E-16,0.));
#3129=DIRECTION('',(1.,-2.22044604925031E-16,0.));
#3130=DIRECTION('',(1.,-2.22044604925031E-16,0.));
#3131=DIRECTION('center_axis',(-2.22044604925031E-16,-1.,0.));
#3132=DIRECTION('ref_axis',(0.,0.,-1.));
#3133=DIRECTION('',(0.,0.,-1.));
#3134=DIRECTION('',(1.,-2.22044604925031E-16,0.));
#3135=DIRECTION('',(0.,0.,-1.));
#3136=DIRECTION('center_axis',(0.,0.,1.));
#3137=DIRECTION('ref_axis',(-2.22044604925031E-16,-1.,0.));
#3138=DIRECTION('',(-2.22044604925031E-16,-1.,0.));
#3139=DIRECTION('',(1.,-2.22044604925031E-16,0.));
#3140=DIRECTION('',(-2.22044604925031E-16,-1.,0.));
#3141=DIRECTION('center_axis',(2.22044604925031E-16,1.,0.));
#3142=DIRECTION('ref_axis',(0.,0.,1.));
#3143=DIRECTION('',(0.,0.,1.));
#3144=DIRECTION('',(1.,-2.22044604925031E-16,0.));
#3145=DIRECTION('',(0.,0.,1.));
#3146=DIRECTION('center_axis',(0.,0.,-1.));
#3147=DIRECTION('ref_axis',(2.22044604925031E-16,1.,0.));
#3148=DIRECTION('',(2.22044604925031E-16,1.,0.));
#3149=DIRECTION('',(2.22044604925031E-16,1.,0.));
#3150=DIRECTION('center_axis',(-1.,2.22044604925031E-16,0.));
#3151=DIRECTION('ref_axis',(-2.22044604925031E-16,-1.,0.));
#3152=DIRECTION('center_axis',(-2.22044604925031E-16,-1.,0.));
#3153=DIRECTION('ref_axis',(0.,0.,-1.));
#3154=DIRECTION('',(0.,0.,-1.));
#3155=DIRECTION('',(1.,-2.22044604925031E-16,0.));
#3156=DIRECTION('',(0.,0.,-1.));
#3157=DIRECTION('',(1.,-2.22044604925031E-16,0.));
#3158=DIRECTION('center_axis',(0.,0.,1.));
#3159=DIRECTION('ref_axis',(-2.22044604925031E-16,-1.,0.));
#3160=DIRECTION('',(-2.22044604925031E-16,-1.,0.));
#3161=DIRECTION('',(1.,-2.22044604925031E-16,0.));
#3162=DIRECTION('',(-2.22044604925031E-16,-1.,0.));
#3163=DIRECTION('center_axis',(-2.22044604925031E-16,-1.,0.));
#3164=DIRECTION('ref_axis',(0.,0.,-1.));
#3165=DIRECTION('',(0.,0.,-1.));
#3166=DIRECTION('',(1.,-2.22044604925031E-16,0.));
#3167=DIRECTION('',(0.,0.,-1.));
#3168=DIRECTION('center_axis',(0.,0.,-1.));
#3169=DIRECTION('ref_axis',(2.22044604925031E-16,1.,0.));
#3170=DIRECTION('',(2.22044604925031E-16,1.,0.));
#3171=DIRECTION('',(1.,-2.22044604925031E-16,0.));
#3172=DIRECTION('',(2.22044604925031E-16,1.,0.));
#3173=DIRECTION('center_axis',(-2.22044604925031E-16,-1.,0.));
#3174=DIRECTION('ref_axis',(0.,0.,-1.));
#3175=DIRECTION('',(0.,0.,-1.));
#3176=DIRECTION('',(1.,-2.22044604925031E-16,0.));
#3177=DIRECTION('',(0.,0.,-1.));
#3178=DIRECTION('center_axis',(0.,0.,1.));
#3179=DIRECTION('ref_axis',(-2.22044604925031E-16,-1.,0.));
#3180=DIRECTION('',(-2.22044604925031E-16,-1.,0.));
#3181=DIRECTION('',(1.,-2.22044604925031E-16,0.));
#3182=DIRECTION('',(-2.22044604925031E-16,-1.,0.));
#3183=DIRECTION('center_axis',(-2.22044604925031E-16,-1.,0.));
#3184=DIRECTION('ref_axis',(0.,0.,-1.));
#3185=DIRECTION('',(0.,0.,-1.));
#3186=DIRECTION('',(1.,-2.22044604925031E-16,0.));
#3187=DIRECTION('',(0.,0.,-1.));
#3188=DIRECTION('center_axis',(0.,0.,-1.));
#3189=DIRECTION('ref_axis',(2.22044604925031E-16,1.,0.));
#3190=DIRECTION('',(2.22044604925031E-16,1.,0.));
#3191=DIRECTION('',(1.,-2.22044604925031E-16,0.));
#3192=DIRECTION('',(2.22044604925031E-16,1.,0.));
#3193=DIRECTION('center_axis',(-2.22044604925031E-16,-1.,0.));
#3194=DIRECTION('ref_axis',(0.,0.,-1.));
#3195=DIRECTION('',(0.,0.,-1.));
#3196=DIRECTION('',(1.,-2.22044604925031E-16,0.));
#3197=DIRECTION('',(0.,0.,-1.));
#3198=DIRECTION('center_axis',(0.,0.,1.));
#3199=DIRECTION('ref_axis',(-2.22044604925031E-16,-1.,0.));
#3200=DIRECTION('',(-2.22044604925031E-16,-1.,0.));
#3201=DIRECTION('',(1.,-2.22044604925031E-16,0.));
#3202=DIRECTION('',(-2.22044604925031E-16,-1.,0.));
#3203=DIRECTION('center_axis',(2.22044604925031E-16,1.,0.));
#3204=DIRECTION('ref_axis',(0.,0.,1.));
#3205=DIRECTION('',(0.,0.,1.));
#3206=DIRECTION('',(1.,-2.22044604925031E-16,0.));
#3207=DIRECTION('',(0.,0.,1.));
#3208=DIRECTION('center_axis',(0.,0.,-1.));
#3209=DIRECTION('ref_axis',(2.22044604925031E-16,1.,0.));
#3210=DIRECTION('',(2.22044604925031E-16,1.,0.));
#3211=DIRECTION('',(2.22044604925031E-16,1.,0.));
#3212=DIRECTION('center_axis',(1.,-2.22044604925031E-16,0.));
#3213=DIRECTION('ref_axis',(0.,0.,1.));
#3214=DIRECTION('center_axis',(0.83235572888939,-1.84820098978331E-16,-0.554241770877125));
#3215=DIRECTION('ref_axis',(-0.554241770877125,1.23066395047361E-16,-0.83235572888939));
#3216=DIRECTION('',(-0.554241770877125,1.23066395047361E-16,-0.832355728889391));
#3217=DIRECTION('',(2.22044604925031E-16,1.,0.));
#3218=DIRECTION('',(-0.554241770877125,1.23066395047361E-16,-0.832355728889391));
#3219=DIRECTION('',(2.22044604925031E-16,1.,0.));
#3220=DIRECTION('center_axis',(-0.837797961753024,1.86028517424447E-16,
-0.545980379942795));
#3221=DIRECTION('ref_axis',(-0.545980379942795,1.21231997761216E-16,0.837797961753024));
#3222=DIRECTION('',(-0.545980379942795,1.21231997761216E-16,0.837797961753024));
#3223=DIRECTION('',(2.22044604925031E-16,1.,0.));
#3224=DIRECTION('',(-0.545980379942795,1.21231997761216E-16,0.837797961753024));
#3225=DIRECTION('center_axis',(-0.834376671937074,1.8526883847893E-16,-0.551194674617973));
#3226=DIRECTION('ref_axis',(-0.551194674617973,1.22389803762329E-16,0.834376671937074));
#3227=DIRECTION('',(-0.551194674617973,1.22389803762329E-16,0.834376671937074));
#3228=DIRECTION('',(2.22044604925031E-16,1.,0.));
#3229=DIRECTION('',(-0.551194674617973,1.22389803762329E-16,0.834376671937074));
#3230=DIRECTION('center_axis',(7.36464986233016E-16,-1.63528076909229E-31,
-1.));
#3231=DIRECTION('ref_axis',(-1.,2.22044604925031E-16,-7.36464986233016E-16));
#3232=DIRECTION('',(-1.,2.22044604925031E-16,-7.36464986233016E-16));
#3233=DIRECTION('',(2.22044604925031E-16,1.,0.));
#3234=DIRECTION('',(-1.,2.22044604925031E-16,-7.36464986233016E-16));
#3235=DIRECTION('center_axis',(0.81813618823416,-1.81662726691325E-16,0.575024501653347));
#3236=DIRECTION('ref_axis',(0.575024501653347,-1.2768108829183E-16,-0.81813618823416));
#3237=DIRECTION('',(0.575024501653347,-1.2768108829183E-16,-0.81813618823416));
#3238=DIRECTION('',(2.22044604925031E-16,1.,0.));
#3239=DIRECTION('',(0.575024501653347,-1.2768108829183E-16,-0.81813618823416));
#3240=DIRECTION('center_axis',(0.806148616925461,-1.79000951156074E-16,
-0.591713112436396));
#3241=DIRECTION('ref_axis',(-0.591713112436396,1.313867042799E-16,-0.806148616925461));
#3242=DIRECTION('',(-0.591713112436396,1.313867042799E-16,-0.806148616925461));
#3243=DIRECTION('',(2.22044604925031E-16,1.,0.));
#3244=DIRECTION('',(-0.591713112436396,1.313867042799E-16,-0.806148616925461));
#3245=DIRECTION('center_axis',(-4.73135695775319E-16,1.0505722864436E-31,
1.));
#3246=DIRECTION('ref_axis',(1.,-2.22044604925031E-16,4.73135695775319E-16));
#3247=DIRECTION('',(1.,-2.22044604925031E-16,4.73135695775319E-16));
#3248=DIRECTION('',(2.22044604925031E-16,1.,0.));
#3249=DIRECTION('',(1.,-2.22044604925031E-16,4.73135695775319E-16));
#3250=DIRECTION('center_axis',(-0.814171551969087,1.80782400598176E-16,
0.580624391465126));
#3251=DIRECTION('ref_axis',(0.580624391465126,-1.28924513612711E-16,0.814171551969087));
#3252=DIRECTION('',(0.580624391465126,-1.28924513612711E-16,0.814171551969087));
#3253=DIRECTION('',(2.22044604925031E-16,1.,0.));
#3254=DIRECTION('',(0.580624391465126,-1.28924513612711E-16,0.814171551969087));
#3255=DIRECTION('',(2.22044604925031E-16,1.,0.));
#3256=DIRECTION('',(2.22044604925031E-16,1.,0.));
#3257=DIRECTION('center_axis',(0.836673345547098,-1.85778802463309E-16,
0.547702211836895));
#3258=DIRECTION('ref_axis',(0.547702211836895,-1.21614321243889E-16,-0.836673345547098));
#3259=DIRECTION('',(0.547702211836895,-1.21614321243889E-16,-0.836673345547098));
#3260=DIRECTION('',(2.22044604925031E-16,1.,0.));
#3261=DIRECTION('',(0.547702211836894,-1.21614321243889E-16,-0.836673345547098));
#3262=DIRECTION('center_axis',(-4.5210746712918E-16,1.00388023922355E-31,
1.));
#3263=DIRECTION('ref_axis',(1.,-2.22044604925031E-16,4.5210746712918E-16));
#3264=DIRECTION('',(1.,-2.22044604925031E-16,4.5210746712918E-16));
#3265=DIRECTION('',(2.22044604925031E-16,1.,0.));
#3266=DIRECTION('',(1.,-2.22044604925031E-16,4.5210746712918E-16));
#3267=DIRECTION('center_axis',(-0.817722565822304,1.81570884066296E-16,
-0.57561254793914));
#3268=DIRECTION('ref_axis',(-0.57561254793914,1.27811660797037E-16,0.817722565822304));
#3269=DIRECTION('',(-0.57561254793914,1.27811660797037E-16,0.817722565822304));
#3270=DIRECTION('',(2.22044604925031E-16,1.,0.));
#3271=DIRECTION('',(-0.57561254793914,1.27811660797037E-16,0.817722565822304));
#3272=DIRECTION('center_axis',(-0.818116374190173,1.81658327089756E-16,
0.575052691743918));
#3273=DIRECTION('ref_axis',(0.575052691743918,-1.27687347749354E-16,0.818116374190173));
#3274=DIRECTION('',(0.575052691743918,-1.27687347749354E-16,0.818116374190173));
#3275=DIRECTION('',(2.22044604925031E-16,1.,0.));
#3276=DIRECTION('',(0.575052691743918,-1.27687347749354E-16,0.818116374190173));
#3277=DIRECTION('center_axis',(7.46599638626218E-16,-1.6577842179593E-31,
-1.));
#3278=DIRECTION('ref_axis',(-1.,2.22044604925031E-16,-7.46599638626218E-16));
#3279=DIRECTION('',(-1.,2.22044604925031E-16,-7.46599638626218E-16));
#3280=DIRECTION('',(-1.,2.22044604925031E-16,-7.46599638626218E-16));
#3281=DIRECTION('center_axis',(-2.22044604925031E-16,-1.,0.));
#3282=DIRECTION('ref_axis',(1.,-2.22044604925031E-16,0.));
#3283=DIRECTION('center_axis',(1.,-2.22044604925031E-16,0.));
#3284=DIRECTION('ref_axis',(0.,0.,-1.));
#3285=DIRECTION('',(0.,0.,-1.));
#3286=DIRECTION('',(2.22044604925031E-16,1.,0.));
#3287=DIRECTION('',(0.,0.,-1.));
#3288=DIRECTION('',(2.22044604925031E-16,1.,0.));
#3289=DIRECTION('center_axis',(-5.42528947386572E-16,1.20465625782844E-31,
1.));
#3290=DIRECTION('ref_axis',(1.,-2.22044604925031E-16,5.42528947386572E-16));
#3291=DIRECTION('',(1.,-2.22044604925031E-16,5.42528947386572E-16));
#3292=DIRECTION('',(2.22044604925031E-16,1.,0.));
#3293=DIRECTION('',(1.,-2.22044604925031E-16,5.42528947386572E-16));
#3294=DIRECTION('center_axis',(1.,-2.22044604925031E-16,-3.26169684541174E-16));
#3295=DIRECTION('ref_axis',(-3.26169684541174E-16,7.24242187424671E-32,
-1.));
#3296=DIRECTION('',(-3.26169684541174E-16,7.24242187424671E-32,-1.));
#3297=DIRECTION('',(2.22044604925031E-16,1.,0.));
#3298=DIRECTION('',(-3.26169684541174E-16,7.24242187424671E-32,-1.));
#3299=DIRECTION('center_axis',(5.01722261259341E-16,-1.11404721283424E-31,
-1.));
#3300=DIRECTION('ref_axis',(-1.,2.22044604925031E-16,-5.01722261259341E-16));
#3301=DIRECTION('',(-1.,2.22044604925031E-16,-5.01722261259341E-16));
#3302=DIRECTION('',(2.22044604925031E-16,1.,0.));
#3303=DIRECTION('',(-1.,2.22044604925031E-16,-5.01722261259341E-16));
#3304=DIRECTION('center_axis',(1.,-2.22044604925031E-16,0.));
#3305=DIRECTION('ref_axis',(0.,0.,-1.));
#3306=DIRECTION('',(0.,0.,-1.));
#3307=DIRECTION('',(2.22044604925031E-16,1.,0.));
#3308=DIRECTION('',(0.,0.,-1.));
#3309=DIRECTION('center_axis',(-5.01722261259341E-16,1.11404721283424E-31,
1.));
#3310=DIRECTION('ref_axis',(1.,-2.22044604925031E-16,5.01722261259341E-16));
#3311=DIRECTION('',(1.,-2.22044604925031E-16,5.01722261259341E-16));
#3312=DIRECTION('',(2.22044604925031E-16,1.,0.));
#3313=DIRECTION('',(1.,-2.22044604925031E-16,5.01722261259341E-16));
#3314=DIRECTION('center_axis',(1.,-2.22044604925031E-16,-3.62491565888428E-16));
#3315=DIRECTION('ref_axis',(-3.62491565888428E-16,8.04892965363519E-32,
-1.));
#3316=DIRECTION('',(-3.62491565888428E-16,8.04892965363519E-32,-1.));
#3317=DIRECTION('',(2.22044604925031E-16,1.,0.));
#3318=DIRECTION('',(-3.62491565888428E-16,8.04892965363519E-32,-1.));
#3319=DIRECTION('center_axis',(4.93350551787487E-16,-1.09545828361199E-31,
-1.));
#3320=DIRECTION('ref_axis',(-1.,2.22044604925031E-16,-4.93350551787487E-16));
#3321=DIRECTION('',(-1.,2.22044604925031E-16,-4.93350551787487E-16));
#3322=DIRECTION('',(2.22044604925031E-16,1.,0.));
#3323=DIRECTION('',(-1.,2.22044604925031E-16,-4.93350551787487E-16));
#3324=DIRECTION('center_axis',(1.,-2.22044604925031E-16,0.));
#3325=DIRECTION('ref_axis',(0.,0.,-1.));
#3326=DIRECTION('',(0.,0.,-1.));
#3327=DIRECTION('',(2.22044604925031E-16,1.,0.));
#3328=DIRECTION('',(0.,0.,-1.));
#3329=DIRECTION('center_axis',(-4.99024305809063E-16,1.10805654831361E-31,
1.));
#3330=DIRECTION('ref_axis',(1.,-2.22044604925031E-16,4.99024305809063E-16));
#3331=DIRECTION('',(1.,-2.22044604925031E-16,4.99024305809063E-16));
#3332=DIRECTION('',(2.22044604925031E-16,1.,0.));
#3333=DIRECTION('',(1.,-2.22044604925031E-16,4.99024305809063E-16));
#3334=DIRECTION('center_axis',(-1.,2.22044604925031E-16,3.33066907387547E-16));
#3335=DIRECTION('ref_axis',(3.33066907387547E-16,-7.39557098644699E-32,
1.));
#3336=DIRECTION('',(3.33066907387547E-16,-7.39557098644698E-32,1.));
#3337=DIRECTION('',(2.22044604925031E-16,1.,0.));
#3338=DIRECTION('',(3.33066907387547E-16,-7.39557098644698E-32,1.));
#3339=DIRECTION('center_axis',(4.46321809944734E-16,-9.91033499586033E-32,
-1.));
#3340=DIRECTION('ref_axis',(-1.,2.22044604925031E-16,-4.46321809944734E-16));
#3341=DIRECTION('',(-1.,2.22044604925031E-16,-4.46321809944734E-16));
#3342=DIRECTION('',(-1.,2.22044604925031E-16,-4.46321809944734E-16));
#3343=DIRECTION('center_axis',(2.22044604925031E-16,1.,0.));
#3344=DIRECTION('ref_axis',(0.,0.,1.));
#3345=DIRECTION('center_axis',(-0.342020522789848,-0.939692482672155,0.));
#3346=DIRECTION('ref_axis',(-0.939692482672155,0.342020522789848,0.));
#3347=DIRECTION('',(-0.939692482672155,0.342020522789848,0.));
#3348=DIRECTION('',(0.,0.,-1.));
#3349=DIRECTION('',(-0.939692482672155,0.342020522789848,0.));
#3350=DIRECTION('',(0.,0.,-1.));
#3351=DIRECTION('center_axis',(-0.348100033302488,0.937457394666449,0.));
#3352=DIRECTION('ref_axis',(0.937457394666449,0.348100033302488,0.));
#3353=DIRECTION('',(0.937457394666449,0.348100033302488,0.));
#3354=DIRECTION('',(0.,0.,-1.));
#3355=DIRECTION('',(0.937457394666449,0.348100033302488,0.));
#3356=DIRECTION('center_axis',(1.,-2.22044604925031E-16,0.));
#3357=DIRECTION('ref_axis',(-2.22044604925031E-16,-1.,0.));
#3358=DIRECTION('',(-2.22044604925031E-16,-1.,0.));
#3359=DIRECTION('',(-2.22044604925031E-16,-1.,0.));
#3360=DIRECTION('center_axis',(1.,-2.22044604925031E-16,0.));
#3361=DIRECTION('ref_axis',(-2.22044604925031E-16,-1.,0.));
#3362=DIRECTION('',(-2.22044604925031E-16,-1.,0.));
#3363=DIRECTION('',(0.,0.,-1.));
#3364=DIRECTION('',(-2.22044604925031E-16,-1.,0.));
#3365=DIRECTION('',(0.,0.,-1.));
#3366=DIRECTION('center_axis',(0.362937004794919,0.931813678022861,0.));
#3367=DIRECTION('ref_axis',(0.931813678022861,-0.362937004794919,0.));
#3368=DIRECTION('',(0.931813678022861,-0.362937004794919,0.));
#3369=DIRECTION('',(0.,0.,-1.));
#3370=DIRECTION('',(0.931813678022861,-0.362937004794919,0.));
#3371=DIRECTION('center_axis',(-1.,2.22044604925031E-16,0.));
#3372=DIRECTION('ref_axis',(2.22044604925031E-16,1.,0.));
#3373=DIRECTION('',(2.22044604925031E-16,1.,0.));
#3374=DIRECTION('',(0.,0.,-1.));
#3375=DIRECTION('',(2.22044604925031E-16,1.,0.));
#3376=DIRECTION('center_axis',(-0.341516501620802,-0.939875778558363,0.));
#3377=DIRECTION('ref_axis',(-0.939875778558363,0.341516501620802,0.));
#3378=DIRECTION('',(-0.939875778558363,0.341516501620802,0.));
#3379=DIRECTION('',(0.,0.,-1.));
#3380=DIRECTION('',(-0.939875778558363,0.341516501620802,0.));
#3381=DIRECTION('center_axis',(-1.,2.22044604925031E-16,0.));
#3382=DIRECTION('ref_axis',(2.22044604925031E-16,1.,0.));
#3383=DIRECTION('',(2.22044604925031E-16,1.,0.));
#3384=DIRECTION('',(0.,0.,-1.));
#3385=DIRECTION('',(2.22044604925031E-16,1.,0.));
#3386=DIRECTION('center_axis',(-0.358791471621186,0.933417741363375,0.));
#3387=DIRECTION('ref_axis',(0.933417741363375,0.358791471621186,0.));
#3388=DIRECTION('',(0.933417741363375,0.358791471621186,0.));
#3389=DIRECTION('',(0.,0.,-1.));
#3390=DIRECTION('',(0.933417741363375,0.358791471621186,0.));
#3391=DIRECTION('center_axis',(-1.,2.22044604925031E-16,0.));
#3392=DIRECTION('ref_axis',(2.22044604925031E-16,1.,0.));
#3393=DIRECTION('',(2.22044604925031E-16,1.,0.));
#3394=DIRECTION('',(0.,0.,-1.));
#3395=DIRECTION('',(2.22044604925031E-16,1.,0.));
#3396=DIRECTION('center_axis',(0.371718200189471,-0.928345614331161,0.));
#3397=DIRECTION('ref_axis',(-0.928345614331161,-0.371718200189471,0.));
#3398=DIRECTION('',(-0.928345614331161,-0.371718200189471,0.));
#3399=DIRECTION('',(-0.928345614331161,-0.371718200189471,0.));
#3400=DIRECTION('center_axis',(0.,0.,-1.));
#3401=DIRECTION('ref_axis',(2.22044604925031E-16,1.,0.));
#3402=DIRECTION('center_axis',(0.,0.,1.));
#3403=DIRECTION('ref_axis',(2.22044604925031E-16,1.,0.));
#3404=DIRECTION('',(1.,-3.70074341541722E-17,0.));
#3405=DIRECTION('',(-2.61228946970623E-17,-1.,0.));
#3406=DIRECTION('',(1.,-1.56737368182375E-16,0.));
#3407=DIRECTION('',(2.22044604925031E-16,1.,0.));
#3408=DIRECTION('',(-1.,2.22044604925031E-16,0.));
#3409=DIRECTION('',(-2.22044604925031E-16,-1.,0.));
#3410=DIRECTION('center_axis',(0.,0.,-1.));
#3411=DIRECTION('ref_axis',(2.22044604925031E-16,1.,0.));
#3412=DIRECTION('center_axis',(2.22044604925031E-16,1.,0.));
#3413=DIRECTION('ref_axis',(0.,0.,1.));
#3414=DIRECTION('',(0.,0.,-1.));
#3415=DIRECTION('',(0.,0.,-1.));
#3416=DIRECTION('center_axis',(-2.22044604925031E-16,-1.,0.));
#3417=DIRECTION('ref_axis',(1.,-2.22044604925031E-16,0.));
#3418=DIRECTION('center_axis',(-2.22044604925031E-16,-1.,0.));
#3419=DIRECTION('ref_axis',(1.,-2.22044604925031E-16,0.));
#3420=DIRECTION('center_axis',(0.,0.,1.));
#3421=DIRECTION('ref_axis',(2.22044604925031E-16,1.,0.));
#3422=DIRECTION('center_axis',(0.,0.,-1.));
#3423=DIRECTION('ref_axis',(1.,-2.22044604925031E-16,0.));
#3424=DIRECTION('',(-7.04136402448279E-17,-0.707106781186547,0.707106781186548));
#3425=DIRECTION('center_axis',(0.,0.,1.));
#3426=DIRECTION('ref_axis',(2.22044604925031E-16,1.,0.));
#3427=DIRECTION('center_axis',(0.,0.,-1.));
#3428=DIRECTION('ref_axis',(1.,-2.22044604925031E-16,0.));
#3429=DIRECTION('center_axis',(0.,0.,-1.));
#3430=DIRECTION('ref_axis',(2.22044604925031E-16,1.,0.));
#3431=DIRECTION('',(0.,0.,-1.));
#3432=DIRECTION('',(0.,0.,-1.));
#3433=DIRECTION('center_axis',(2.22044604925031E-16,1.,0.));
#3434=DIRECTION('ref_axis',(0.,0.,1.));
#3435=DIRECTION('',(1.,-2.22044604925031E-16,0.));
#3436=DIRECTION('',(0.,0.,1.));
#3437=DIRECTION('',(-1.,2.22044604925031E-16,0.));
#3438=DIRECTION('',(0.,0.,1.));
#3439=DIRECTION('center_axis',(0.,0.,-1.));
#3440=DIRECTION('ref_axis',(2.22044604925031E-16,1.,0.));
#3441=DIRECTION('',(2.22044604925031E-16,1.,6.34413156928661E-16));
#3442=DIRECTION('',(1.,-2.22044604925031E-16,0.));
#3443=DIRECTION('',(2.22044604925031E-16,1.,0.));
#3444=DIRECTION('center_axis',(-2.22044604925031E-16,-1.,0.));
#3445=DIRECTION('ref_axis',(0.,0.,-1.));
#3446=DIRECTION('',(-1.,2.22044604925031E-16,0.));
#3447=DIRECTION('',(0.,0.,-1.));
#3448=DIRECTION('',(-4.10865054802609E-32,-1.85037170770859E-16,-1.));
#3449=DIRECTION('center_axis',(1.,-2.22044604925031E-16,0.));
#3450=DIRECTION('ref_axis',(0.,0.,1.));
#3451=DIRECTION('',(-2.22044604925031E-16,-1.,0.));
#3452=DIRECTION('center_axis',(0.,0.,1.));
#3453=DIRECTION('ref_axis',(-2.22044604925031E-16,-1.,0.));
#3454=DIRECTION('',(-2.22044604925031E-16,-1.,0.));
#3455=DIRECTION('center_axis',(-1.,2.22044604925031E-16,0.));
#3456=DIRECTION('ref_axis',(-2.22044604925031E-16,-1.,0.));
#3457=DIRECTION('center_axis',(-1.,2.22044604925031E-16,0.));
#3458=DIRECTION('ref_axis',(-2.22044604925031E-16,-1.,0.));
#3459=DIRECTION('center_axis',(0.,0.,1.));
#3460=DIRECTION('ref_axis',(-2.22044604925031E-16,-1.,0.));
#3461=DIRECTION('center_axis',(1.,-1.11022302462516E-16,0.));
#3462=DIRECTION('ref_axis',(1.11022302462516E-16,1.,0.));
#3463=DIRECTION('center_axis',(-1.11022302462515E-16,-1.,0.));
#3464=DIRECTION('ref_axis',(1.,-1.11022302462515E-16,0.));
#3465=DIRECTION('center_axis',(1.11022302462515E-16,1.,0.));
#3466=DIRECTION('ref_axis',(1.,-1.11022302462515E-16,0.));
#3467=DIRECTION('center_axis',(-1.,8.32667268468862E-17,0.));
#3468=DIRECTION('ref_axis',(0.,0.,1.));
#3469=DIRECTION('',(0.,0.,1.));
#3470=DIRECTION('',(0.,0.,-1.));
#3471=DIRECTION('center_axis',(-1.,8.32667268468862E-17,0.));
#3472=DIRECTION('ref_axis',(8.32667268468862E-17,1.,0.));
#3473=DIRECTION('center_axis',(1.29526019539602E-16,1.,0.));
#3474=DIRECTION('ref_axis',(1.,-1.29526019539602E-16,0.));
#3475=DIRECTION('',(1.29526019539602E-16,1.,0.));
#3476=DIRECTION('center_axis',(1.,-2.22044604925031E-16,0.));
#3477=DIRECTION('ref_axis',(-2.22044604925031E-16,-1.,0.));
#3478=DIRECTION('',(1.,-2.22044604925031E-16,0.));
#3479=DIRECTION('center_axis',(-1.,1.64477485129653E-17,0.));
#3480=DIRECTION('ref_axis',(1.64477485129653E-17,1.,0.));
#3481=DIRECTION('center_axis',(-1.,3.70074341541723E-17,0.));
#3482=DIRECTION('ref_axis',(3.70074341541723E-17,1.,0.));
#3483=DIRECTION('',(-1.,1.64477485129653E-17,0.));
#3484=DIRECTION('center_axis',(1.,-2.22044604925031E-16,0.));
#3485=DIRECTION('ref_axis',(2.22044604925031E-16,1.,0.));
#3486=DIRECTION('center_axis',(-1.,2.22044604925031E-16,0.));
#3487=DIRECTION('ref_axis',(2.22044604925031E-16,1.,0.));
#3488=DIRECTION('',(-1.,2.22044604925031E-16,0.));
#3489=DIRECTION('center_axis',(1.,-2.22044604925031E-16,0.));
#3490=DIRECTION('ref_axis',(2.22044604925031E-16,1.,0.));
#3491=DIRECTION('center_axis',(2.22044604925031E-16,1.,0.));
#3492=DIRECTION('ref_axis',(1.,-2.22044604925031E-16,0.));
#3493=DIRECTION('center_axis',(2.22044604925031E-16,1.,0.));
#3494=DIRECTION('ref_axis',(1.,-2.22044604925031E-16,0.));
#3495=DIRECTION('',(2.22044604925031E-16,1.,0.));
#3496=DIRECTION('center_axis',(2.22044604925031E-16,1.,0.));
#3497=DIRECTION('ref_axis',(1.,-2.22044604925031E-16,0.));
#3498=DIRECTION('center_axis',(2.22044604925031E-16,1.,0.));
#3499=DIRECTION('ref_axis',(1.,-2.22044604925031E-16,0.));
#3500=DIRECTION('',(2.22044604925031E-16,1.,0.));
#3501=DIRECTION('center_axis',(1.,-3.70074341541723E-17,0.));
#3502=DIRECTION('ref_axis',(0.,0.,1.));
#3503=DIRECTION('',(0.,0.,-1.));
#3504=DIRECTION('center_axis',(-2.22044604925031E-16,-1.,0.));
#3505=DIRECTION('ref_axis',(0.,0.,-1.));
#3506=DIRECTION('',(0.,0.,-1.));
#3507=DIRECTION('center_axis',(2.22044604925031E-16,1.,0.));
#3508=DIRECTION('ref_axis',(0.,0.,1.));
#3509=DIRECTION('center_axis',(-1.,2.22044604925031E-16,0.));
#3510=DIRECTION('ref_axis',(0.,0.,-1.));
#3511=DIRECTION('center_axis',(0.,0.,1.));
#3512=DIRECTION('ref_axis',(2.22044604925031E-16,1.,0.));
#3513=CARTESIAN_POINT('',(0.,0.,0.));
#3514=CARTESIAN_POINT('Origin',(-22.,-29.75,-15.));
#3515=CARTESIAN_POINT('',(-18.25,-29.75,-15.));
#3516=CARTESIAN_POINT('Origin',(-22.,-29.75,-15.));
#3517=CARTESIAN_POINT('',(-18.25,-29.75,-17.5));
#3518=CARTESIAN_POINT('',(-18.25,-29.75,-15.));
#3519=CARTESIAN_POINT('Origin',(-22.,-29.75,-17.5));
#3520=CARTESIAN_POINT('Origin',(-22.,-29.75,-17.5));
#3521=CARTESIAN_POINT('',(-20.4,-29.75,-17.5));
#3522=CARTESIAN_POINT('Origin',(-22.,-29.75,-17.5));
#3523=CARTESIAN_POINT('Origin',(22.,-29.75,-15.));
#3524=CARTESIAN_POINT('',(25.75,-29.75,-15.));
#3525=CARTESIAN_POINT('Origin',(22.,-29.75,-15.));
#3526=CARTESIAN_POINT('',(25.75,-29.75,-17.5));
#3527=CARTESIAN_POINT('',(25.75,-29.75,-15.));
#3528=CARTESIAN_POINT('Origin',(22.,-29.75,-17.5));
#3529=CARTESIAN_POINT('Origin',(22.,-29.75,-17.5));
#3530=CARTESIAN_POINT('',(23.6,-29.75,-17.5));
#3531=CARTESIAN_POINT('Origin',(22.,-29.75,-17.5));
#3532=CARTESIAN_POINT('Origin',(-22.,-7.75,-15.));
#3533=CARTESIAN_POINT('',(-18.25,-7.75,-15.));
#3534=CARTESIAN_POINT('Origin',(-22.,-7.75,-15.));
#3535=CARTESIAN_POINT('',(-18.25,-7.75,-17.5));
#3536=CARTESIAN_POINT('',(-18.25,-7.75,-15.));
#3537=CARTESIAN_POINT('Origin',(-22.,-7.75,-17.5));
#3538=CARTESIAN_POINT('Origin',(-22.,-7.75,-17.5));
#3539=CARTESIAN_POINT('',(-20.4,-7.75,-17.5));
#3540=CARTESIAN_POINT('Origin',(-22.,-7.75,-17.5));
#3541=CARTESIAN_POINT('Origin',(22.,-7.75,-15.));
#3542=CARTESIAN_POINT('',(25.75,-7.75,-15.));
#3543=CARTESIAN_POINT('Origin',(22.,-7.75,-15.));
#3544=CARTESIAN_POINT('',(25.75,-7.75,-17.5));
#3545=CARTESIAN_POINT('',(25.75,-7.75,-15.));
#3546=CARTESIAN_POINT('Origin',(22.,-7.75,-17.5));
#3547=CARTESIAN_POINT('Origin',(22.,-7.75,-17.5));
#3548=CARTESIAN_POINT('',(23.6,-7.75,-17.5));
#3549=CARTESIAN_POINT('Origin',(22.,-7.75,-17.5));
#3550=CARTESIAN_POINT('Origin',(7.00000000000001,-32.8,-15.));
#3551=CARTESIAN_POINT('',(7.00000000000001,-32.8,-15.));
#3552=CARTESIAN_POINT('',(7.00000000000001,-34.8,-15.));
#3553=CARTESIAN_POINT('',(7.00000000000001,-25.775,-15.));
#3554=CARTESIAN_POINT('',(7.00000000000001,-32.8,-20.));
#3555=CARTESIAN_POINT('',(7.00000000000001,-32.8,-15.));
#3556=CARTESIAN_POINT('',(7.00000000000001,-34.8,-20.));
#3557=CARTESIAN_POINT('',(7.00000000000001,-25.775,-20.));
#3558=CARTESIAN_POINT('',(7.00000000000001,-34.8,-17.5));
#3559=CARTESIAN_POINT('Origin',(-7.00000000000001,-34.8,-15.));
#3560=CARTESIAN_POINT('',(-7.00000000000001,-34.8,-15.));
#3561=CARTESIAN_POINT('',(-7.00000000000001,-32.8,-15.));
#3562=CARTESIAN_POINT('',(-7.00000000000001,-26.775,-15.));
#3563=CARTESIAN_POINT('',(-7.00000000000001,-34.8,-20.));
#3564=CARTESIAN_POINT('',(-7.00000000000001,-34.8,-17.5));
#3565=CARTESIAN_POINT('',(-7.00000000000001,-32.8,-20.));
#3566=CARTESIAN_POINT('',(-7.00000000000001,-26.775,-20.));
#3567=CARTESIAN_POINT('',(-7.00000000000001,-32.8,-15.));
#3568=CARTESIAN_POINT('Origin',(0.,-18.75,-20.));
#3569=CARTESIAN_POINT('',(-3.5,-32.8,-20.));
#3570=CARTESIAN_POINT('',(-25.25,-34.8,-20.));
#3571=CARTESIAN_POINT('',(-25.25,-34.8,-20.));
#3572=CARTESIAN_POINT('',(-27.05,-33.,-20.));
#3573=CARTESIAN_POINT('Origin',(-25.25,-33.,-20.));
#3574=CARTESIAN_POINT('',(-27.05,-4.5,-20.));
#3575=CARTESIAN_POINT('',(-27.05,-4.5,-20.));
#3576=CARTESIAN_POINT('',(-25.25,-2.7,-20.));
#3577=CARTESIAN_POINT('Origin',(-25.25,-4.5,-20.));
#3578=CARTESIAN_POINT('',(25.25,-2.7,-20.));
#3579=CARTESIAN_POINT('',(25.25,-2.7,-20.));
#3580=CARTESIAN_POINT('',(27.05,-4.5,-20.));
#3581=CARTESIAN_POINT('Origin',(25.25,-4.5,-20.));
#3582=CARTESIAN_POINT('',(27.05,-33.,-20.));
#3583=CARTESIAN_POINT('',(27.05,-33.,-20.));
#3584=CARTESIAN_POINT('',(25.25,-34.8,-20.));
#3585=CARTESIAN_POINT('Origin',(25.25,-33.,-20.));
#3586=CARTESIAN_POINT('',(-25.25,-34.8,-20.));
#3587=CARTESIAN_POINT('',(23.6,-7.75,-20.));
#3588=CARTESIAN_POINT('Origin',(22.,-7.75,-20.));
#3589=CARTESIAN_POINT('',(23.6,-29.75,-20.));
#3590=CARTESIAN_POINT('Origin',(22.,-29.75,-20.));
#3591=CARTESIAN_POINT('',(-20.4,-29.75,-20.));
#3592=CARTESIAN_POINT('Origin',(-22.,-29.75,-20.));
#3593=CARTESIAN_POINT('',(-20.4,-7.75,-20.));
#3594=CARTESIAN_POINT('Origin',(-22.,-7.75,-20.));
#3595=CARTESIAN_POINT('Origin',(-25.25,-34.8,-20.));
#3596=CARTESIAN_POINT('',(-25.25,-34.8,-15.));
#3597=CARTESIAN_POINT('',(-12.625,-34.8,-15.));
#3598=CARTESIAN_POINT('',(-25.25,-34.8,-20.));
#3599=CARTESIAN_POINT('Origin',(-2.22044604925031E-15,-18.75,-15.));
#3600=CARTESIAN_POINT('',(-7.,-2.69999999999999,-15.));
#3601=CARTESIAN_POINT('',(-6.99999999999999,-13.4499999999999,-15.));
#3602=CARTESIAN_POINT('',(-25.25,-2.7,-15.));
#3603=CARTESIAN_POINT('',(12.625,-2.7,-15.));
#3604=CARTESIAN_POINT('',(-27.05,-4.5,-15.));
#3605=CARTESIAN_POINT('Origin',(-25.25,-4.5,-15.));
#3606=CARTESIAN_POINT('',(-27.05,-33.,-15.));
#3607=CARTESIAN_POINT('',(-27.05,-11.625,-15.));
#3608=CARTESIAN_POINT('Origin',(-25.25,-33.,-15.));
#3609=CARTESIAN_POINT('Origin',(-6.99999999999999,-28.9999999999999,-11.2499995976686));
#3610=CARTESIAN_POINT('',(-6.99999999999999,-27.2499999999999,-11.2499995976686));
#3611=CARTESIAN_POINT('Origin',(-6.99999999999999,-28.9999999999999,-11.2499995976686));
#3612=CARTESIAN_POINT('',(-4.99999999999877,-27.2499999999999,-11.2499995976686));
#3613=CARTESIAN_POINT('',(-6.99999999999999,-27.2499999999999,-11.2499995976686));
#3614=CARTESIAN_POINT('Origin',(-4.99999999999877,-28.9999999999999,-11.2499995976686));
#3615=CARTESIAN_POINT('Origin',(-2.22044604925031E-15,-18.75,-15.));
#3616=CARTESIAN_POINT('',(25.25,-34.8,-15.));
#3617=CARTESIAN_POINT('',(-12.625,-34.8,-15.));
#3618=CARTESIAN_POINT('',(27.05,-33.,-15.));
#3619=CARTESIAN_POINT('Origin',(25.25,-33.,-15.));
#3620=CARTESIAN_POINT('',(27.05,-4.5,-15.));
#3621=CARTESIAN_POINT('',(27.05,-25.875,-15.));
#3622=CARTESIAN_POINT('',(25.25,-2.7,-15.));
#3623=CARTESIAN_POINT('Origin',(25.25,-4.5,-15.));
#3624=CARTESIAN_POINT('',(15.,-2.69999999999999,-15.));
#3625=CARTESIAN_POINT('',(12.625,-2.7,-15.));
#3626=CARTESIAN_POINT('',(15.,-25.1999999999999,-15.));
#3627=CARTESIAN_POINT('',(15.,-16.3249999999999,-15.));
#3628=CARTESIAN_POINT('',(-4.99999999999999,-25.2,-15.));
#3629=CARTESIAN_POINT('',(-3.74999999999999,-25.2,-15.));
#3630=CARTESIAN_POINT('',(-4.99999999999999,-32.8000000000001,-15.));
#3631=CARTESIAN_POINT('',(-4.99999999999999,-25.2,-15.));
#3632=CARTESIAN_POINT('',(-3.5,-32.8,-15.));
#3633=CARTESIAN_POINT('Origin',(-25.25,-33.,-20.));
#3634=CARTESIAN_POINT('',(-27.05,-33.,-20.));
#3635=CARTESIAN_POINT('Origin',(-27.05,-4.5,-20.));
#3636=CARTESIAN_POINT('',(-27.05,-4.5,-20.));
#3637=CARTESIAN_POINT('Origin',(-25.25,-4.5,-20.));
#3638=CARTESIAN_POINT('',(-25.25,-2.7,-20.));
#3639=CARTESIAN_POINT('Origin',(22.,-7.75,-20.));
#3640=CARTESIAN_POINT('',(23.6,-7.75,-20.));
#3641=CARTESIAN_POINT('Origin',(22.,-29.75,-20.));
#3642=CARTESIAN_POINT('',(23.6,-29.75,-20.));
#3643=CARTESIAN_POINT('Origin',(-22.,-29.75,-20.));
#3644=CARTESIAN_POINT('',(-20.4,-29.75,-20.));
#3645=CARTESIAN_POINT('Origin',(-22.,-7.75,-20.));
#3646=CARTESIAN_POINT('',(-20.4,-7.75,-20.));
#3647=CARTESIAN_POINT('Origin',(25.25,-4.5,-20.));
#3648=CARTESIAN_POINT('',(27.05,-4.5,-20.));
#3649=CARTESIAN_POINT('',(25.25,-2.7,-20.));
#3650=CARTESIAN_POINT('Origin',(27.05,-33.,-20.));
#3651=CARTESIAN_POINT('',(27.05,-33.,-20.));
#3652=CARTESIAN_POINT('Origin',(25.25,-33.,-20.));
#3653=CARTESIAN_POINT('',(25.25,-34.8,-20.));
#3654=CARTESIAN_POINT('Origin',(-25.25,-34.8,-20.));
#3655=CARTESIAN_POINT('Origin',(4.60000000000123,-24.1999999999999,9.3500002235174));
#3656=CARTESIAN_POINT('',(4.60000000000123,-25.2000000000001,1.1500002235174));
#3657=CARTESIAN_POINT('',(4.60000000000123,-25.2000000000001,9.3500002235174));
#3658=CARTESIAN_POINT('',(4.60000000000123,-25.2000000000001,7.3000002235174));
#3659=CARTESIAN_POINT('',(4.60000000000123,-24.1999999999999,9.3500002235174));
#3660=CARTESIAN_POINT('',(4.60000000000123,-24.1999999999999,9.3500002235174));
#3661=CARTESIAN_POINT('',(4.60000000000123,-24.1999999999999,1.1500002235174));
#3662=CARTESIAN_POINT('',(4.60000000000122,-24.1999999999999,7.3000001117587));
#3663=CARTESIAN_POINT('',(4.60000000000123,-24.1999999999999,1.1500002235174));
#3664=CARTESIAN_POINT('Origin',(-3.59999999999877,-24.1999999999999,9.3500002235174));
#3665=CARTESIAN_POINT('',(-3.59999999999877,-25.2,9.3500002235174));
#3666=CARTESIAN_POINT('',(-1.54999999999877,-25.2,9.3500002235174));
#3667=CARTESIAN_POINT('',(-3.59999999999877,-24.1999999999999,9.3500002235174));
#3668=CARTESIAN_POINT('',(-3.59999999999877,-24.1999999999999,9.3500002235174));
#3669=CARTESIAN_POINT('',(-1.54999999999938,-24.1999999999999,9.3500002235174));
#3670=CARTESIAN_POINT('Origin',(-3.59999999999877,-24.1999999999999,1.1500002235174));
#3671=CARTESIAN_POINT('',(-3.59999999999877,-25.2,1.1500002235174));
#3672=CARTESIAN_POINT('',(-3.59999999999877,-25.2,3.2000002235174));
#3673=CARTESIAN_POINT('',(-3.59999999999877,-24.1999999999999,1.1500002235174));
#3674=CARTESIAN_POINT('',(-3.59999999999877,-24.1999999999999,1.1500002235174));
#3675=CARTESIAN_POINT('',(-3.59999999999877,-24.1999999999999,3.2000001117587));
#3676=CARTESIAN_POINT('Origin',(4.60000000000123,-24.1999999999999,1.1500002235174));
#3677=CARTESIAN_POINT('',(2.55000000000123,-25.2000000000001,1.1500002235174));
#3678=CARTESIAN_POINT('',(2.55000000000062,-24.1999999999999,1.1500002235174));
#3679=CARTESIAN_POINT('Origin',(-5.59999999999999,-21.7999999999964,1.1500002235174));
#3680=CARTESIAN_POINT('',(-6.49999999999999,-13.5999999999964,1.1500002235174));
#3681=CARTESIAN_POINT('',(-6.49999999999999,-21.7999999999964,1.1500002235174));
#3682=CARTESIAN_POINT('',(-6.49999999999999,-19.7499999999964,1.1500002235174));
#3683=CARTESIAN_POINT('',(-5.59999999999999,-21.7999999999964,1.1500002235174));
#3684=CARTESIAN_POINT('',(-5.59999999999999,-21.7999999999964,1.1500002235174));
#3685=CARTESIAN_POINT('',(-5.59999999999999,-13.5999999999964,1.1500002235174));
#3686=CARTESIAN_POINT('',(-5.59999999999999,-19.7499999999964,1.1500002235174));
#3687=CARTESIAN_POINT('',(-5.59999999999999,-13.5999999999964,1.1500002235174));
#3688=CARTESIAN_POINT('Origin',(-5.59999999999999,-21.7999999999964,9.3500002235174));
#3689=CARTESIAN_POINT('',(-6.49999999999999,-21.7999999999964,9.3500002235174));
#3690=CARTESIAN_POINT('',(-6.49999999999999,-21.7999999999964,7.3000002235174));
#3691=CARTESIAN_POINT('',(-5.59999999999999,-21.7999999999964,9.3500002235174));
#3692=CARTESIAN_POINT('',(-5.59999999999999,-21.7999999999964,9.3500002235174));
#3693=CARTESIAN_POINT('',(-5.59999999999999,-21.7999999999964,7.3000002235174));
#3694=CARTESIAN_POINT('Origin',(-5.59999999999999,-13.5999999999964,9.3500002235174));
#3695=CARTESIAN_POINT('',(-6.49999999999999,-13.5999999999964,9.3500002235174));
#3696=CARTESIAN_POINT('',(-6.49999999999999,-15.6499999999964,9.3500002235174));
#3697=CARTESIAN_POINT('',(-5.59999999999999,-13.5999999999964,9.3500002235174));
#3698=CARTESIAN_POINT('',(-5.59999999999999,-13.5999999999964,9.3500002235174));
#3699=CARTESIAN_POINT('',(-5.59999999999999,-15.6499999999964,9.3500002235174));
#3700=CARTESIAN_POINT('Origin',(-5.59999999999999,-13.5999999999964,1.1500002235174));
#3701=CARTESIAN_POINT('',(-6.49999999999999,-13.5999999999964,3.2000002235174));
#3702=CARTESIAN_POINT('',(-5.59999999999999,-13.5999999999964,3.2000002235174));
#3703=CARTESIAN_POINT('Origin',(-6.99999999999999,-17.8807640492916,-11.8707364648581));
#3704=CARTESIAN_POINT('',(-6.99999999999999,-17.8807640492916,-11.8707364648581));
#3705=CARTESIAN_POINT('',(-6.99999999999999,-17.8807640492916,-13.7499999850988));
#3706=CARTESIAN_POINT('',(-6.99999999999999,-17.8807640492916,-10.810368232429));
#3707=CARTESIAN_POINT('',(-6.49999999999999,-17.8807640492916,-11.8707364648581));
#3708=CARTESIAN_POINT('',(-6.99999999999999,-17.8807640492916,-11.8707364648581));
#3709=CARTESIAN_POINT('',(-6.49999999999999,-17.8807640492916,-13.7499999850988));
#3710=CARTESIAN_POINT('',(-6.49999999999999,-17.8807640492916,-11.8707364648581));
#3711=CARTESIAN_POINT('',(-6.99999999999999,-17.8807640492916,-13.7499999850988));
#3712=CARTESIAN_POINT('Ctrl Pts',(-6.99999999999999,-17.9796725928783,-11.1135741919279));
#3713=CARTESIAN_POINT('Ctrl Pts',(-6.27999999999999,-17.9796725928783,-11.1135741919279));
#3714=CARTESIAN_POINT('Ctrl Pts',(-6.99999999999999,-17.9509681611626,-11.2198724310547));
#3715=CARTESIAN_POINT('Ctrl Pts',(-6.27999999999999,-17.9509681611626,-11.2198724310547));
#3716=CARTESIAN_POINT('Ctrl Pts',(-6.99999999999999,-17.8841219134559,-11.4674174266795));
#3717=CARTESIAN_POINT('Ctrl Pts',(-6.27999999999999,-17.8841219134559,-11.4674174266795));
#3718=CARTESIAN_POINT('Ctrl Pts',(-6.99999999999999,-17.8819839502267,-11.7242119934268));
#3719=CARTESIAN_POINT('Ctrl Pts',(-6.27999999999999,-17.8819839502267,-11.7242119934268));
#3720=CARTESIAN_POINT('Ctrl Pts',(-6.99999999999999,-17.8807640492916,-11.8707364648581));
#3721=CARTESIAN_POINT('Ctrl Pts',(-6.27999999999999,-17.8807640492916,-11.8707364648581));
#3722=CARTESIAN_POINT('',(-6.99999999999999,-17.9796725928783,-11.1135741919279));
#3723=CARTESIAN_POINT('Ctrl Pts',(-6.99999999999999,-17.9796725928783,-11.1135741919279));
#3724=CARTESIAN_POINT('Ctrl Pts',(-6.99999999999999,-17.9509681611626,-11.2198724310547));
#3725=CARTESIAN_POINT('Ctrl Pts',(-6.99999999999999,-17.8841219134559,-11.4674174266795));
#3726=CARTESIAN_POINT('Ctrl Pts',(-6.99999999999999,-17.8819839502267,-11.7242119934268));
#3727=CARTESIAN_POINT('Ctrl Pts',(-6.99999999999999,-17.8807640492916,-11.8707364648581));
#3728=CARTESIAN_POINT('',(-6.49999999999999,-17.9796725928783,-11.1135741919279));
#3729=CARTESIAN_POINT('',(-6.99999999999999,-17.9796725928783,-11.1135741919279));
#3730=CARTESIAN_POINT('Ctrl Pts',(-6.49999999999999,-17.9796725928783,-11.1135741919279));
#3731=CARTESIAN_POINT('Ctrl Pts',(-6.49999999999999,-17.9509681611626,-11.2198724310547));
#3732=CARTESIAN_POINT('Ctrl Pts',(-6.49999999999999,-17.8841219134559,-11.4674174266795));
#3733=CARTESIAN_POINT('Ctrl Pts',(-6.49999999999999,-17.8819839502267,-11.7242119934268));
#3734=CARTESIAN_POINT('Ctrl Pts',(-6.49999999999999,-17.8807640492916,-11.8707364648581));
#3735=CARTESIAN_POINT('Ctrl Pts',(-6.99999999999999,-18.2985675752162,-10.7145294398069));
#3736=CARTESIAN_POINT('Ctrl Pts',(-6.27999999999999,-18.2985675752162,-10.7145294398069));
#3737=CARTESIAN_POINT('Ctrl Pts',(-6.99999999999999,-18.2299429964588,-10.7661841239195));
#3738=CARTESIAN_POINT('Ctrl Pts',(-6.27999999999999,-18.2299429964588,-10.7661841239195));
#3739=CARTESIAN_POINT('Ctrl Pts',(-6.99999999999999,-18.0896242003079,-10.8718040522522));
#3740=CARTESIAN_POINT('Ctrl Pts',(-6.27999999999999,-18.0896242003079,-10.8718040522522));
#3741=CARTESIAN_POINT('Ctrl Pts',(-6.99999999999999,-18.0168537748917,-11.0318173192559));
#3742=CARTESIAN_POINT('Ctrl Pts',(-6.27999999999999,-18.0168537748917,-11.0318173192559));
#3743=CARTESIAN_POINT('Ctrl Pts',(-6.99999999999999,-17.9796725928783,-11.1135741919279));
#3744=CARTESIAN_POINT('Ctrl Pts',(-6.27999999999999,-17.9796725928783,-11.1135741919279));
#3745=CARTESIAN_POINT('',(-6.99999999999999,-18.2985675752162,-10.7145294398069));
#3746=CARTESIAN_POINT('Ctrl Pts',(-6.99999999999999,-18.2985675752162,-10.7145294398069));
#3747=CARTESIAN_POINT('Ctrl Pts',(-6.99999999999999,-18.2299429964588,-10.7661841239195));
#3748=CARTESIAN_POINT('Ctrl Pts',(-6.99999999999999,-18.0896242003079,-10.8718040522522));
#3749=CARTESIAN_POINT('Ctrl Pts',(-6.99999999999999,-18.0168537748917,-11.0318173192559));
#3750=CARTESIAN_POINT('Ctrl Pts',(-6.99999999999999,-17.9796725928783,-11.1135741919279));
#3751=CARTESIAN_POINT('',(-6.49999999999999,-18.2985675752162,-10.7145294398069));
#3752=CARTESIAN_POINT('',(-6.99999999999999,-18.2985675752162,-10.7145294398069));
#3753=CARTESIAN_POINT('Ctrl Pts',(-6.49999999999999,-18.2985675752162,-10.7145294398069));
#3754=CARTESIAN_POINT('Ctrl Pts',(-6.49999999999999,-18.2299429964588,-10.7661841239195));
#3755=CARTESIAN_POINT('Ctrl Pts',(-6.49999999999999,-18.0896242003079,-10.8718040522522));
#3756=CARTESIAN_POINT('Ctrl Pts',(-6.49999999999999,-18.0168537748917,-11.0318173192559));
#3757=CARTESIAN_POINT('Ctrl Pts',(-6.49999999999999,-17.9796725928783,-11.1135741919279));
#3758=CARTESIAN_POINT('Ctrl Pts',(-6.99999999999999,-18.7777626931667,-10.578103646636));
#3759=CARTESIAN_POINT('Ctrl Pts',(-6.27999999999999,-18.7777626931667,-10.578103646636));
#3760=CARTESIAN_POINT('Ctrl Pts',(-6.99999999999999,-18.6930073206022,-10.583779795612));
#3761=CARTESIAN_POINT('Ctrl Pts',(-6.27999999999999,-18.6930073206022,-10.583779795612));
#3762=CARTESIAN_POINT('Ctrl Pts',(-6.99999999999999,-18.5235578143344,-10.5951279923383));
#3763=CARTESIAN_POINT('Ctrl Pts',(-6.27999999999999,-18.5235578143344,-10.5951279923383));
#3764=CARTESIAN_POINT('Ctrl Pts',(-6.99999999999999,-18.373546250252,-10.6747385477058));
#3765=CARTESIAN_POINT('Ctrl Pts',(-6.27999999999999,-18.373546250252,-10.6747385477058));
#3766=CARTESIAN_POINT('Ctrl Pts',(-6.99999999999999,-18.2985675752162,-10.7145294398069));
#3767=CARTESIAN_POINT('Ctrl Pts',(-6.27999999999999,-18.2985675752162,-10.7145294398069));
#3768=CARTESIAN_POINT('',(-6.99999999999999,-18.7777626931667,-10.578103646636));
#3769=CARTESIAN_POINT('Ctrl Pts',(-6.99999999999999,-18.7777626931667,-10.578103646636));
#3770=CARTESIAN_POINT('Ctrl Pts',(-6.99999999999999,-18.6930073206022,-10.583779795612));
#3771=CARTESIAN_POINT('Ctrl Pts',(-6.99999999999999,-18.5235578143344,-10.5951279923383));
#3772=CARTESIAN_POINT('Ctrl Pts',(-6.99999999999999,-18.373546250252,-10.6747385477058));
#3773=CARTESIAN_POINT('Ctrl Pts',(-6.99999999999999,-18.2985675752162,-10.7145294398069));
#3774=CARTESIAN_POINT('',(-6.49999999999999,-18.7777626931667,-10.578103646636));
#3775=CARTESIAN_POINT('',(-6.99999999999999,-18.7777626931667,-10.578103646636));
#3776=CARTESIAN_POINT('Ctrl Pts',(-6.49999999999999,-18.7777626931667,-10.578103646636));
#3777=CARTESIAN_POINT('Ctrl Pts',(-6.49999999999999,-18.6930073206022,-10.583779795612));
#3778=CARTESIAN_POINT('Ctrl Pts',(-6.49999999999999,-18.5235578143344,-10.5951279923383));
#3779=CARTESIAN_POINT('Ctrl Pts',(-6.49999999999999,-18.373546250252,-10.6747385477058));
#3780=CARTESIAN_POINT('Ctrl Pts',(-6.49999999999999,-18.2985675752162,-10.7145294398069));
#3781=CARTESIAN_POINT('Ctrl Pts',(-6.99999999999999,-19.2688948333263,-10.7827421873808));
#3782=CARTESIAN_POINT('Ctrl Pts',(-6.27999999999999,-19.2688948333263,-10.7827421873808));
#3783=CARTESIAN_POINT('Ctrl Pts',(-6.99999999999999,-19.2066735966126,-10.7231731422997));
#3784=CARTESIAN_POINT('Ctrl Pts',(-6.27999999999999,-19.2066735966126,-10.7231731422997));
#3785=CARTESIAN_POINT('Ctrl Pts',(-6.99999999999999,-19.0704594017437,-10.5927651024825));
#3786=CARTESIAN_POINT('Ctrl Pts',(-6.27999999999999,-19.0704594017437,-10.5927651024825));
#3787=CARTESIAN_POINT('Ctrl Pts',(-6.99999999999999,-18.8807919906874,-10.5832644819042));
#3788=CARTESIAN_POINT('Ctrl Pts',(-6.27999999999999,-18.8807919906874,-10.5832644819042));
#3789=CARTESIAN_POINT('Ctrl Pts',(-6.99999999999999,-18.7777626931667,-10.578103646636));
#3790=CARTESIAN_POINT('Ctrl Pts',(-6.27999999999999,-18.7777626931667,-10.578103646636));
#3791=CARTESIAN_POINT('',(-6.99999999999999,-19.2688948333263,-10.7827421873808));
#3792=CARTESIAN_POINT('Ctrl Pts',(-6.99999999999999,-19.2688948333263,-10.7827421873808));
#3793=CARTESIAN_POINT('Ctrl Pts',(-6.99999999999999,-19.2066735966126,-10.7231731422997));
#3794=CARTESIAN_POINT('Ctrl Pts',(-6.99999999999999,-19.0704594017437,-10.5927651024825));
#3795=CARTESIAN_POINT('Ctrl Pts',(-6.99999999999999,-18.8807919906874,-10.5832644819042));
#3796=CARTESIAN_POINT('Ctrl Pts',(-6.99999999999999,-18.7777626931667,-10.578103646636));
#3797=CARTESIAN_POINT('',(-6.49999999999999,-19.2688948333263,-10.7827421873808));
#3798=CARTESIAN_POINT('',(-6.99999999999999,-19.2688948333263,-10.7827421873808));
#3799=CARTESIAN_POINT('Ctrl Pts',(-6.49999999999999,-19.2688948333263,-10.7827421873808));
#3800=CARTESIAN_POINT('Ctrl Pts',(-6.49999999999999,-19.2066735966126,-10.7231731422997));
#3801=CARTESIAN_POINT('Ctrl Pts',(-6.49999999999999,-19.0704594017437,-10.5927651024825));
#3802=CARTESIAN_POINT('Ctrl Pts',(-6.49999999999999,-18.8807919906874,-10.5832644819042));
#3803=CARTESIAN_POINT('Ctrl Pts',(-6.49999999999999,-18.7777626931667,-10.578103646636));
#3804=CARTESIAN_POINT('Ctrl Pts',(-6.99999999999999,-19.4189632356166,-11.3966575115919));
#3805=CARTESIAN_POINT('Ctrl Pts',(-6.27999999999999,-19.4189632356166,-11.3966575115919));
#3806=CARTESIAN_POINT('Ctrl Pts',(-6.99999999999999,-19.4165451166075,-11.2746076041495));
#3807=CARTESIAN_POINT('Ctrl Pts',(-6.27999999999999,-19.4165451166075,-11.2746076041495));
#3808=CARTESIAN_POINT('Ctrl Pts',(-6.99999999999999,-19.412250235798,-11.0578317534549));
#3809=CARTESIAN_POINT('Ctrl Pts',(-6.27999999999999,-19.412250235798,-11.0578317534549));
#3810=CARTESIAN_POINT('Ctrl Pts',(-6.99999999999999,-19.3124884048026,-10.8663953769661));
#3811=CARTESIAN_POINT('Ctrl Pts',(-6.27999999999999,-19.3124884048026,-10.8663953769661));
#3812=CARTESIAN_POINT('Ctrl Pts',(-6.99999999999999,-19.2688948333263,-10.7827421873808));
#3813=CARTESIAN_POINT('Ctrl Pts',(-6.27999999999999,-19.2688948333263,-10.7827421873808));
#3814=CARTESIAN_POINT('',(-6.99999999999999,-19.4189632356166,-11.3966575115919));
#3815=CARTESIAN_POINT('Ctrl Pts',(-6.99999999999999,-19.4189632356166,-11.3966575115919));
#3816=CARTESIAN_POINT('Ctrl Pts',(-6.99999999999999,-19.4165451166075,-11.2746076041495));
#3817=CARTESIAN_POINT('Ctrl Pts',(-6.99999999999999,-19.412250235798,-11.0578317534549));
#3818=CARTESIAN_POINT('Ctrl Pts',(-6.99999999999999,-19.3124884048026,-10.8663953769661));
#3819=CARTESIAN_POINT('Ctrl Pts',(-6.99999999999999,-19.2688948333263,-10.7827421873808));
#3820=CARTESIAN_POINT('',(-6.49999999999999,-19.4189632356166,-11.3966575115919));
#3821=CARTESIAN_POINT('',(-6.99999999999999,-19.4189632356166,-11.3966575115919));
#3822=CARTESIAN_POINT('Ctrl Pts',(-6.49999999999999,-19.4189632356166,-11.3966575115919));
#3823=CARTESIAN_POINT('Ctrl Pts',(-6.49999999999999,-19.4165451166075,-11.2746076041495));
#3824=CARTESIAN_POINT('Ctrl Pts',(-6.49999999999999,-19.412250235798,-11.0578317534549));
#3825=CARTESIAN_POINT('Ctrl Pts',(-6.49999999999999,-19.3124884048026,-10.8663953769661));
#3826=CARTESIAN_POINT('Ctrl Pts',(-6.49999999999999,-19.2688948333263,-10.7827421873808));
#3827=CARTESIAN_POINT('Origin',(-6.99999999999999,-19.4189632356166,-13.7499999850988));
#3828=CARTESIAN_POINT('',(-6.99999999999999,-19.4189632356166,-13.7499999850988));
#3829=CARTESIAN_POINT('',(-6.99999999999999,-19.4189632356166,-11.7499999925494));
#3830=CARTESIAN_POINT('',(-6.49999999999999,-19.4189632356166,-13.7499999850988));
#3831=CARTESIAN_POINT('',(-6.99999999999999,-19.4189632356166,-13.7499999850988));
#3832=CARTESIAN_POINT('',(-6.49999999999999,-19.4189632356166,-13.7499999850988));
#3833=CARTESIAN_POINT('Origin',(-6.99999999999999,-20.0328785598278,-13.7499999850988));
#3834=CARTESIAN_POINT('',(-6.99999999999999,-20.0328785598278,-13.7499999850988));
#3835=CARTESIAN_POINT('',(-6.99999999999999,-14.6164392799139,-13.7499999850988));
#3836=CARTESIAN_POINT('',(-6.49999999999999,-20.0328785598278,-13.7499999850988));
#3837=CARTESIAN_POINT('',(-6.99999999999999,-20.0328785598278,-13.7499999850988));
#3838=CARTESIAN_POINT('',(-6.49999999999999,-20.0328785598278,-13.7499999850988));
#3839=CARTESIAN_POINT('Origin',(-6.99999999999999,-20.0328785598278,-11.6456341594458));
#3840=CARTESIAN_POINT('',(-6.99999999999999,-20.0328785598278,-11.6456341594458));
#3841=CARTESIAN_POINT('',(-6.99999999999999,-20.0328785598278,-10.6978170797229));
#3842=CARTESIAN_POINT('',(-6.49999999999999,-20.0328785598278,-11.6456341594458));
#3843=CARTESIAN_POINT('',(-6.99999999999999,-20.0328785598278,-11.6456341594458));
#3844=CARTESIAN_POINT('',(-6.49999999999999,-20.0328785598278,-11.6456341594458));
#3845=CARTESIAN_POINT('Ctrl Pts',(-6.99999999999999,-20.2852660834789,-10.8321964591742));
#3846=CARTESIAN_POINT('Ctrl Pts',(-6.27999999999999,-20.2852660834789,-10.8321964591742));
#3847=CARTESIAN_POINT('Ctrl Pts',(-6.99999999999999,-20.2119346447407,-10.9388823124834));
#3848=CARTESIAN_POINT('Ctrl Pts',(-6.27999999999999,-20.2119346447407,-10.9388823124834));
#3849=CARTESIAN_POINT('Ctrl Pts',(-6.99999999999999,-20.044791301146,-11.1820499162179));
#3850=CARTESIAN_POINT('Ctrl Pts',(-6.27999999999999,-20.044791301146,-11.1820499162179));
#3851=CARTESIAN_POINT('Ctrl Pts',(-6.99999999999999,-20.0371611215381,-11.4789783011068));
#3852=CARTESIAN_POINT('Ctrl Pts',(-6.27999999999999,-20.0371611215381,-11.4789783011068));
#3853=CARTESIAN_POINT('Ctrl Pts',(-6.99999999999999,-20.0328785598278,-11.6456341594458));
#3854=CARTESIAN_POINT('Ctrl Pts',(-6.27999999999999,-20.0328785598278,-11.6456341594458));
#3855=CARTESIAN_POINT('',(-6.99999999999999,-20.2852660834789,-10.8321964591742));
#3856=CARTESIAN_POINT('Ctrl Pts',(-6.99999999999999,-20.2852660834789,-10.8321964591742));
#3857=CARTESIAN_POINT('Ctrl Pts',(-6.99999999999999,-20.2119346447407,-10.9388823124834));
#3858=CARTESIAN_POINT('Ctrl Pts',(-6.99999999999999,-20.044791301146,-11.1820499162179));
#3859=CARTESIAN_POINT('Ctrl Pts',(-6.99999999999999,-20.0371611215381,-11.4789783011068));
#3860=CARTESIAN_POINT('Ctrl Pts',(-6.99999999999999,-20.0328785598278,-11.6456341594458));
#3861=CARTESIAN_POINT('',(-6.49999999999999,-20.2852660834789,-10.8321964591742));
#3862=CARTESIAN_POINT('',(-6.99999999999999,-20.2852660834789,-10.8321964591742));
#3863=CARTESIAN_POINT('Ctrl Pts',(-6.49999999999999,-20.2852660834789,-10.8321964591742));
#3864=CARTESIAN_POINT('Ctrl Pts',(-6.49999999999999,-20.2119346447407,-10.9388823124834));
#3865=CARTESIAN_POINT('Ctrl Pts',(-6.49999999999999,-20.044791301146,-11.1820499162179));
#3866=CARTESIAN_POINT('Ctrl Pts',(-6.49999999999999,-20.0371611215381,-11.4789783011068));
#3867=CARTESIAN_POINT('Ctrl Pts',(-6.49999999999999,-20.0328785598278,-11.6456341594458));
#3868=CARTESIAN_POINT('Ctrl Pts',(-6.99999999999999,-20.9196454703807,-10.578103646636));
#3869=CARTESIAN_POINT('Ctrl Pts',(-6.27999999999999,-20.9196454703807,-10.578103646636));
#3870=CARTESIAN_POINT('Ctrl Pts',(-6.99999999999999,-20.7985089649715,-10.5879021886083));
#3871=CARTESIAN_POINT('Ctrl Pts',(-6.27999999999999,-20.7985089649715,-10.5879021886083));
#3872=CARTESIAN_POINT('Ctrl Pts',(-6.99999999999999,-20.5605477113832,-10.6071505012717));
#3873=CARTESIAN_POINT('Ctrl Pts',(-6.27999999999999,-20.5605477113832,-10.6071505012717));
#3874=CARTESIAN_POINT('Ctrl Pts',(-6.99999999999999,-20.3759114491304,-10.7580928101302));
#3875=CARTESIAN_POINT('Ctrl Pts',(-6.27999999999999,-20.3759114491304,-10.7580928101302));
#3876=CARTESIAN_POINT('Ctrl Pts',(-6.99999999999999,-20.2852660834789,-10.8321964591742));
#3877=CARTESIAN_POINT('Ctrl Pts',(-6.27999999999999,-20.2852660834789,-10.8321964591742));
#3878=CARTESIAN_POINT('',(-6.99999999999999,-20.9196454703807,-10.578103646636));
#3879=CARTESIAN_POINT('Ctrl Pts',(-6.99999999999999,-20.9196454703807,-10.578103646636));
#3880=CARTESIAN_POINT('Ctrl Pts',(-6.99999999999999,-20.7985089649715,-10.5879021886083));
#3881=CARTESIAN_POINT('Ctrl Pts',(-6.99999999999999,-20.5605477113832,-10.6071505012717));
#3882=CARTESIAN_POINT('Ctrl Pts',(-6.99999999999999,-20.3759114491304,-10.7580928101302));
#3883=CARTESIAN_POINT('Ctrl Pts',(-6.99999999999999,-20.2852660834789,-10.8321964591742));
#3884=CARTESIAN_POINT('',(-6.49999999999999,-20.9196454703807,-10.578103646636));
#3885=CARTESIAN_POINT('',(-6.99999999999999,-20.9196454703807,-10.578103646636));
#3886=CARTESIAN_POINT('Ctrl Pts',(-6.49999999999999,-20.9196454703807,-10.578103646636));
#3887=CARTESIAN_POINT('Ctrl Pts',(-6.49999999999999,-20.7985089649715,-10.5879021886083));
#3888=CARTESIAN_POINT('Ctrl Pts',(-6.49999999999999,-20.5605477113832,-10.6071505012717));
#3889=CARTESIAN_POINT('Ctrl Pts',(-6.49999999999999,-20.3759114491304,-10.7580928101302));
#3890=CARTESIAN_POINT('Ctrl Pts',(-6.49999999999999,-20.2852660834789,-10.8321964591742));
#3891=CARTESIAN_POINT('Ctrl Pts',(-6.99999999999999,-21.2879950225353,-10.6770121902227));
#3892=CARTESIAN_POINT('Ctrl Pts',(-6.27999999999999,-21.2879950225353,-10.6770121902227));
#3893=CARTESIAN_POINT('Ctrl Pts',(-6.99999999999999,-21.232276984144,-10.6481734084761));
#3894=CARTESIAN_POINT('Ctrl Pts',(-6.27999999999999,-21.232276984144,-10.6481734084761));
#3895=CARTESIAN_POINT('Ctrl Pts',(-6.99999999999999,-21.1168296700769,-10.5884196915518));
#3896=CARTESIAN_POINT('Ctrl Pts',(-6.27999999999999,-21.1168296700769,-10.5884196915518));
#3897=CARTESIAN_POINT('Ctrl Pts',(-6.99999999999999,-20.9868785946233,-10.5816210680652));
#3898=CARTESIAN_POINT('Ctrl Pts',(-6.27999999999999,-20.9868785946233,-10.5816210680652));
#3899=CARTESIAN_POINT('Ctrl Pts',(-6.99999999999999,-20.9196454703807,-10.578103646636));
#3900=CARTESIAN_POINT('Ctrl Pts',(-6.27999999999999,-20.9196454703807,-10.578103646636));
#3901=CARTESIAN_POINT('',(-6.99999999999999,-21.2879950225353,-10.6770121902227));
#3902=CARTESIAN_POINT('Ctrl Pts',(-6.99999999999999,-21.2879950225353,-10.6770121902227));
#3903=CARTESIAN_POINT('Ctrl Pts',(-6.99999999999999,-21.232276984144,-10.6481734084761));
#3904=CARTESIAN_POINT('Ctrl Pts',(-6.99999999999999,-21.1168296700769,-10.5884196915518));
#3905=CARTESIAN_POINT('Ctrl Pts',(-6.99999999999999,-20.9868785946233,-10.5816210680652));
#3906=CARTESIAN_POINT('Ctrl Pts',(-6.99999999999999,-20.9196454703807,-10.578103646636));
#3907=CARTESIAN_POINT('',(-6.49999999999999,-21.2879950225353,-10.6770121902227));
#3908=CARTESIAN_POINT('',(-6.99999999999999,-21.2879950225353,-10.6770121902227));
#3909=CARTESIAN_POINT('Ctrl Pts',(-6.49999999999999,-21.2879950225353,-10.6770121902227));
#3910=CARTESIAN_POINT('Ctrl Pts',(-6.49999999999999,-21.232276984144,-10.6481734084761));
#3911=CARTESIAN_POINT('Ctrl Pts',(-6.49999999999999,-21.1168296700769,-10.5884196915518));
#3912=CARTESIAN_POINT('Ctrl Pts',(-6.49999999999999,-20.9868785946233,-10.5816210680652));
#3913=CARTESIAN_POINT('Ctrl Pts',(-6.49999999999999,-20.9196454703807,-10.578103646636));
#3914=CARTESIAN_POINT('Ctrl Pts',(-6.99999999999999,-21.5045708835124,-10.937926158309));
#3915=CARTESIAN_POINT('Ctrl Pts',(-6.27999999999999,-21.5045708835124,-10.937926158309));
#3916=CARTESIAN_POINT('Ctrl Pts',(-6.99999999999999,-21.4801341788476,-10.8862478425632));
#3917=CARTESIAN_POINT('Ctrl Pts',(-6.27999999999999,-21.4801341788476,-10.8862478425632));
#3918=CARTESIAN_POINT('Ctrl Pts',(-6.99999999999999,-21.4302941138199,-10.7808469445035));
#3919=CARTESIAN_POINT('Ctrl Pts',(-6.27999999999999,-21.4302941138199,-10.7808469445035));
#3920=CARTESIAN_POINT('Ctrl Pts',(-6.99999999999999,-21.3360374272564,-10.712068431582));
#3921=CARTESIAN_POINT('Ctrl Pts',(-6.27999999999999,-21.3360374272564,-10.712068431582));
#3922=CARTESIAN_POINT('Ctrl Pts',(-6.99999999999999,-21.2879950225353,-10.6770121902227));
#3923=CARTESIAN_POINT('Ctrl Pts',(-6.27999999999999,-21.2879950225353,-10.6770121902227));
#3924=CARTESIAN_POINT('',(-6.99999999999999,-21.5045708835124,-10.937926158309));
#3925=CARTESIAN_POINT('Ctrl Pts',(-6.99999999999999,-21.5045708835124,-10.937926158309));
#3926=CARTESIAN_POINT('Ctrl Pts',(-6.99999999999999,-21.4801341788476,-10.8862478425632));
#3927=CARTESIAN_POINT('Ctrl Pts',(-6.99999999999999,-21.4302941138199,-10.7808469445035));
#3928=CARTESIAN_POINT('Ctrl Pts',(-6.99999999999999,-21.3360374272564,-10.712068431582));
#3929=CARTESIAN_POINT('Ctrl Pts',(-6.99999999999999,-21.2879950225353,-10.6770121902227));
#3930=CARTESIAN_POINT('',(-6.49999999999999,-21.5045708835124,-10.937926158309));
#3931=CARTESIAN_POINT('',(-6.99999999999999,-21.5045708835124,-10.937926158309));
#3932=CARTESIAN_POINT('Ctrl Pts',(-6.49999999999999,-21.5045708835124,-10.937926158309));
#3933=CARTESIAN_POINT('Ctrl Pts',(-6.49999999999999,-21.4801341788476,-10.8862478425632));
#3934=CARTESIAN_POINT('Ctrl Pts',(-6.49999999999999,-21.4302941138199,-10.7808469445035));
#3935=CARTESIAN_POINT('Ctrl Pts',(-6.49999999999999,-21.3360374272564,-10.712068431582));
#3936=CARTESIAN_POINT('Ctrl Pts',(-6.49999999999999,-21.2879950225353,-10.6770121902227));
#3937=CARTESIAN_POINT('Ctrl Pts',(-6.99999999999999,-21.5642565906047,-11.468281134963));
#3938=CARTESIAN_POINT('Ctrl Pts',(-6.27999999999999,-21.5642565906047,-11.468281134963));
#3939=CARTESIAN_POINT('Ctrl Pts',(-6.99999999999999,-21.5642315017485,-11.3620622614681));
#3940=CARTESIAN_POINT('Ctrl Pts',(-6.27999999999999,-21.5642315017485,-11.3620622614681));
#3941=CARTESIAN_POINT('Ctrl Pts',(-6.99999999999999,-21.5641891472565,-11.182745739633));
#3942=CARTESIAN_POINT('Ctrl Pts',(-6.27999999999999,-21.5641891472565,-11.182745739633));
#3943=CARTESIAN_POINT('Ctrl Pts',(-6.99999999999999,-21.5218359795044,-11.0088244587094));
#3944=CARTESIAN_POINT('Ctrl Pts',(-6.27999999999999,-21.5218359795044,-11.0088244587094));
#3945=CARTESIAN_POINT('Ctrl Pts',(-6.99999999999999,-21.5045708835124,-10.937926158309));
#3946=CARTESIAN_POINT('Ctrl Pts',(-6.27999999999999,-21.5045708835124,-10.937926158309));
#3947=CARTESIAN_POINT('',(-6.99999999999999,-21.5642565906047,-11.468281134963));
#3948=CARTESIAN_POINT('Ctrl Pts',(-6.99999999999999,-21.5642565906047,-11.468281134963));
#3949=CARTESIAN_POINT('Ctrl Pts',(-6.99999999999999,-21.5642315017485,-11.3620622614681));
#3950=CARTESIAN_POINT('Ctrl Pts',(-6.99999999999999,-21.5641891472565,-11.182745739633));
#3951=CARTESIAN_POINT('Ctrl Pts',(-6.99999999999999,-21.5218359795044,-11.0088244587094));
#3952=CARTESIAN_POINT('Ctrl Pts',(-6.99999999999999,-21.5045708835124,-10.937926158309));
#3953=CARTESIAN_POINT('',(-6.49999999999999,-21.5642565906047,-11.468281134963));
#3954=CARTESIAN_POINT('',(-6.99999999999999,-21.5642565906047,-11.468281134963));
#3955=CARTESIAN_POINT('Ctrl Pts',(-6.49999999999999,-21.5642565906047,-11.468281134963));
#3956=CARTESIAN_POINT('Ctrl Pts',(-6.49999999999999,-21.5642315017485,-11.3620622614681));
#3957=CARTESIAN_POINT('Ctrl Pts',(-6.49999999999999,-21.5641891472565,-11.182745739633));
#3958=CARTESIAN_POINT('Ctrl Pts',(-6.49999999999999,-21.5218359795044,-11.0088244587094));
#3959=CARTESIAN_POINT('Ctrl Pts',(-6.49999999999999,-21.5045708835124,-10.937926158309));
#3960=CARTESIAN_POINT('Origin',(-6.99999999999999,-21.5642565906047,-13.7499999850988));
#3961=CARTESIAN_POINT('',(-6.99999999999999,-21.5642565906047,-13.7499999850988));
#3962=CARTESIAN_POINT('',(-6.99999999999999,-21.5642565906047,-11.7499999925494));
#3963=CARTESIAN_POINT('',(-6.49999999999999,-21.5642565906047,-13.7499999850988));
#3964=CARTESIAN_POINT('',(-6.99999999999999,-21.5642565906047,-13.7499999850988));
#3965=CARTESIAN_POINT('',(-6.49999999999999,-21.5642565906047,-13.7499999850988));
#3966=CARTESIAN_POINT('Origin',(-6.99999999999999,-22.1747607409954,-13.7499999850988));
#3967=CARTESIAN_POINT('',(-6.99999999999999,-22.1747607409954,-13.7499999850988));
#3968=CARTESIAN_POINT('',(-6.99999999999999,-15.6873803704977,-13.7499999850988));
#3969=CARTESIAN_POINT('',(-6.49999999999999,-22.1747607409954,-13.7499999850988));
#3970=CARTESIAN_POINT('',(-6.99999999999999,-22.1747607409954,-13.7499999850988));
#3971=CARTESIAN_POINT('',(-6.49999999999999,-22.1747607409954,-13.7499999850988));
#3972=CARTESIAN_POINT('Origin',(-6.99999999999999,-22.1747607409954,-11.2636425942183));
#3973=CARTESIAN_POINT('',(-6.99999999999999,-22.1747607409954,-11.2636425942183));
#3974=CARTESIAN_POINT('',(-6.99999999999999,-22.1747607409954,-10.5068212971091));
#3975=CARTESIAN_POINT('',(-6.49999999999999,-22.1747607409954,-11.2636425942183));
#3976=CARTESIAN_POINT('',(-6.99999999999999,-22.1747607409954,-11.2636425942183));
#3977=CARTESIAN_POINT('',(-6.49999999999999,-22.1747607409954,-11.2636425942183));
#3978=CARTESIAN_POINT('Ctrl Pts',(-6.99999999999999,-21.8848568618297,-10.3444745987654));
#3979=CARTESIAN_POINT('Ctrl Pts',(-6.27999999999999,-21.8848568618297,-10.3444745987654));
#3980=CARTESIAN_POINT('Ctrl Pts',(-6.99999999999999,-21.9691487603507,-10.4668014345492));
#3981=CARTESIAN_POINT('Ctrl Pts',(-6.27999999999999,-21.9691487603507,-10.4668014345492));
#3982=CARTESIAN_POINT('Ctrl Pts',(-6.99999999999999,-22.1585775299287,-10.7417059318436));
#3983=CARTESIAN_POINT('Ctrl Pts',(-6.27999999999999,-22.1585775299287,-10.7417059318436));
#3984=CARTESIAN_POINT('Ctrl Pts',(-6.99999999999999,-22.1689846016889,-11.0773520701309));
#3985=CARTESIAN_POINT('Ctrl Pts',(-6.27999999999999,-22.1689846016889,-11.0773520701309));
#3986=CARTESIAN_POINT('Ctrl Pts',(-6.99999999999999,-22.1747607409954,-11.2636425942183));
#3987=CARTESIAN_POINT('Ctrl Pts',(-6.27999999999999,-22.1747607409954,-11.2636425942183));
#3988=CARTESIAN_POINT('',(-6.99999999999999,-21.8848568618297,-10.3444745987654));
#3989=CARTESIAN_POINT('Ctrl Pts',(-6.99999999999999,-21.8848568618297,-10.3444745987654));
#3990=CARTESIAN_POINT('Ctrl Pts',(-6.99999999999999,-21.9691487603507,-10.4668014345492));
#3991=CARTESIAN_POINT('Ctrl Pts',(-6.99999999999999,-22.1585775299287,-10.7417059318436));
#3992=CARTESIAN_POINT('Ctrl Pts',(-6.99999999999999,-22.1689846016889,-11.0773520701309));
#3993=CARTESIAN_POINT('Ctrl Pts',(-6.99999999999999,-22.1747607409954,-11.2636425942183));
#3994=CARTESIAN_POINT('',(-6.49999999999999,-21.8848568618297,-10.3444745987654));
#3995=CARTESIAN_POINT('',(-6.99999999999999,-21.8848568618297,-10.3444745987654));
#3996=CARTESIAN_POINT('Ctrl Pts',(-6.49999999999999,-21.8848568618297,-10.3444745987654));
#3997=CARTESIAN_POINT('Ctrl Pts',(-6.49999999999999,-21.9691487603507,-10.4668014345492));
#3998=CARTESIAN_POINT('Ctrl Pts',(-6.49999999999999,-22.1585775299287,-10.7417059318436));
#3999=CARTESIAN_POINT('Ctrl Pts',(-6.49999999999999,-22.1689846016889,-11.0773520701309));
#4000=CARTESIAN_POINT('Ctrl Pts',(-6.49999999999999,-22.1747607409954,-11.2636425942183));
#4001=CARTESIAN_POINT('Ctrl Pts',(-6.99999999999999,-21.0560709655284,-10.0460436791182));
#4002=CARTESIAN_POINT('Ctrl Pts',(-6.27999999999999,-21.0560709655284,-10.0460436791182));
#4003=CARTESIAN_POINT('Ctrl Pts',(-6.99999999999999,-21.2211592235077,-10.054452707587));
#4004=CARTESIAN_POINT('Ctrl Pts',(-6.27999999999999,-21.2211592235077,-10.054452707587));
#4005=CARTESIAN_POINT('Ctrl Pts',(-6.99999999999999,-21.5290312340351,-10.0701346496764));
#4006=CARTESIAN_POINT('Ctrl Pts',(-6.27999999999999,-21.5290312340351,-10.0701346496764));
#4007=CARTESIAN_POINT('Ctrl Pts',(-6.99999999999999,-21.7721186644025,-10.2575539586354));
#4008=CARTESIAN_POINT('Ctrl Pts',(-6.27999999999999,-21.7721186644025,-10.2575539586354));
#4009=CARTESIAN_POINT('Ctrl Pts',(-6.99999999999999,-21.8848568618297,-10.3444745987654));
#4010=CARTESIAN_POINT('Ctrl Pts',(-6.27999999999999,-21.8848568618297,-10.3444745987654));
#4011=CARTESIAN_POINT('',(-6.99999999999999,-21.0560709655284,-10.0460436791182));
#4012=CARTESIAN_POINT('Ctrl Pts',(-6.99999999999999,-21.0560709655284,-10.0460436791182));
#4013=CARTESIAN_POINT('Ctrl Pts',(-6.99999999999999,-21.2211592235077,-10.054452707587));
#4014=CARTESIAN_POINT('Ctrl Pts',(-6.99999999999999,-21.5290312340351,-10.0701346496764));
#4015=CARTESIAN_POINT('Ctrl Pts',(-6.99999999999999,-21.7721186644025,-10.2575539586354));
#4016=CARTESIAN_POINT('Ctrl Pts',(-6.99999999999999,-21.8848568618297,-10.3444745987654));
#4017=CARTESIAN_POINT('',(-6.49999999999999,-21.0560709655284,-10.0460436791182));
#4018=CARTESIAN_POINT('',(-6.99999999999999,-21.0560709655284,-10.0460436791182));
#4019=CARTESIAN_POINT('Ctrl Pts',(-6.49999999999999,-21.0560709655284,-10.0460436791182));
#4020=CARTESIAN_POINT('Ctrl Pts',(-6.49999999999999,-21.2211592235077,-10.054452707587));
#4021=CARTESIAN_POINT('Ctrl Pts',(-6.49999999999999,-21.5290312340351,-10.0701346496764));
#4022=CARTESIAN_POINT('Ctrl Pts',(-6.49999999999999,-21.7721186644025,-10.2575539586354));
#4023=CARTESIAN_POINT('Ctrl Pts',(-6.49999999999999,-21.8848568618297,-10.3444745987654));
#4024=CARTESIAN_POINT('Ctrl Pts',(-6.99999999999999,-19.9373811900615,-10.6804227679968));
#4025=CARTESIAN_POINT('Ctrl Pts',(-6.27999999999999,-19.9373811900615,-10.6804227679968));
#4026=CARTESIAN_POINT('Ctrl Pts',(-6.99999999999999,-20.0875627571703,-10.4954507105605));
#4027=CARTESIAN_POINT('Ctrl Pts',(-6.27999999999999,-20.0875627571703,-10.4954507105605));
#4028=CARTESIAN_POINT('Ctrl Pts',(-6.99999999999999,-20.378674815623,-10.1369007404597));
#4029=CARTESIAN_POINT('Ctrl Pts',(-6.27999999999999,-20.378674815623,-10.1369007404597));
#4030=CARTESIAN_POINT('Ctrl Pts',(-6.99999999999999,-20.8351071454472,-10.0756808764335));
#4031=CARTESIAN_POINT('Ctrl Pts',(-6.27999999999999,-20.8351071454472,-10.0756808764335));
#4032=CARTESIAN_POINT('Ctrl Pts',(-6.99999999999999,-21.0560709655284,-10.0460436791182));
#4033=CARTESIAN_POINT('Ctrl Pts',(-6.27999999999999,-21.0560709655284,-10.0460436791182));
#4034=CARTESIAN_POINT('',(-6.99999999999999,-19.9373811900615,-10.6804227679968));
#4035=CARTESIAN_POINT('Ctrl Pts',(-6.99999999999999,-19.9373811900615,-10.6804227679968));
#4036=CARTESIAN_POINT('Ctrl Pts',(-6.99999999999999,-20.0875627571703,-10.4954507105605));
#4037=CARTESIAN_POINT('Ctrl Pts',(-6.99999999999999,-20.378674815623,-10.1369007404597));
#4038=CARTESIAN_POINT('Ctrl Pts',(-6.99999999999999,-20.8351071454472,-10.0756808764335));
#4039=CARTESIAN_POINT('Ctrl Pts',(-6.99999999999999,-21.0560709655284,-10.0460436791182));
#4040=CARTESIAN_POINT('',(-6.49999999999999,-19.9373811900615,-10.6804227679968));
#4041=CARTESIAN_POINT('',(-6.99999999999999,-19.9373811900615,-10.6804227679968));
#4042=CARTESIAN_POINT('Ctrl Pts',(-6.49999999999999,-19.9373811900615,-10.6804227679968));
#4043=CARTESIAN_POINT('Ctrl Pts',(-6.49999999999999,-20.0875627571703,-10.4954507105605));
#4044=CARTESIAN_POINT('Ctrl Pts',(-6.49999999999999,-20.378674815623,-10.1369007404597));
#4045=CARTESIAN_POINT('Ctrl Pts',(-6.49999999999999,-20.8351071454472,-10.0756808764335));
#4046=CARTESIAN_POINT('Ctrl Pts',(-6.49999999999999,-21.0560709655284,-10.0460436791182));
#4047=CARTESIAN_POINT('Ctrl Pts',(-6.99999999999999,-19.574147504568,-10.2131649702787));
#4048=CARTESIAN_POINT('Ctrl Pts',(-6.27999999999999,-19.574147504568,-10.2131649702787));
#4049=CARTESIAN_POINT('Ctrl Pts',(-6.99999999999999,-19.653825352524,-10.2748933490452));
#4050=CARTESIAN_POINT('Ctrl Pts',(-6.27999999999999,-19.653825352524,-10.2748933490452));
#4051=CARTESIAN_POINT('Ctrl Pts',(-6.99999999999999,-19.8147489592606,-10.3995648054654));
#4052=CARTESIAN_POINT('Ctrl Pts',(-6.27999999999999,-19.8147489592606,-10.3995648054654));
#4053=CARTESIAN_POINT('Ctrl Pts',(-6.99999999999999,-19.8962391214886,-10.5861973145555));
#4054=CARTESIAN_POINT('Ctrl Pts',(-6.27999999999999,-19.8962391214886,-10.5861973145555));
#4055=CARTESIAN_POINT('Ctrl Pts',(-6.99999999999999,-19.9373811900615,-10.6804227679968));
#4056=CARTESIAN_POINT('Ctrl Pts',(-6.27999999999999,-19.9373811900615,-10.6804227679968));
#4057=CARTESIAN_POINT('',(-6.99999999999999,-19.574147504568,-10.2131649702787));
#4058=CARTESIAN_POINT('Ctrl Pts',(-6.99999999999999,-19.574147504568,-10.2131649702787));
#4059=CARTESIAN_POINT('Ctrl Pts',(-6.99999999999999,-19.653825352524,-10.2748933490452));
#4060=CARTESIAN_POINT('Ctrl Pts',(-6.99999999999999,-19.8147489592606,-10.3995648054654));
#4061=CARTESIAN_POINT('Ctrl Pts',(-6.99999999999999,-19.8962391214886,-10.5861973145555));
#4062=CARTESIAN_POINT('Ctrl Pts',(-6.99999999999999,-19.9373811900615,-10.6804227679968));
#4063=CARTESIAN_POINT('',(-6.49999999999999,-19.574147504568,-10.2131649702787));
#4064=CARTESIAN_POINT('',(-6.99999999999999,-19.574147504568,-10.2131649702787));
#4065=CARTESIAN_POINT('Ctrl Pts',(-6.49999999999999,-19.574147504568,-10.2131649702787));
#4066=CARTESIAN_POINT('Ctrl Pts',(-6.49999999999999,-19.653825352524,-10.2748933490452));
#4067=CARTESIAN_POINT('Ctrl Pts',(-6.49999999999999,-19.8147489592606,-10.3995648054654));
#4068=CARTESIAN_POINT('Ctrl Pts',(-6.49999999999999,-19.8962391214886,-10.5861973145555));
#4069=CARTESIAN_POINT('Ctrl Pts',(-6.49999999999999,-19.9373811900615,-10.6804227679968));
#4070=CARTESIAN_POINT('Ctrl Pts',(-6.99999999999999,-18.9141887843608,-10.0460436791182));
#4071=CARTESIAN_POINT('Ctrl Pts',(-6.27999999999999,-18.9141887843608,-10.0460436791182));
#4072=CARTESIAN_POINT('Ctrl Pts',(-6.99999999999999,-19.0386900049136,-10.0507834848075));
#4073=CARTESIAN_POINT('Ctrl Pts',(-6.27999999999999,-19.0386900049136,-10.0507834848075));
#4074=CARTESIAN_POINT('Ctrl Pts',(-6.99999999999999,-19.2710646402336,-10.0596300697137));
#4075=CARTESIAN_POINT('Ctrl Pts',(-6.27999999999999,-19.2710646402336,-10.0596300697137));
#4076=CARTESIAN_POINT('Ctrl Pts',(-6.99999999999999,-19.4780570684147,-10.164487736109));
#4077=CARTESIAN_POINT('Ctrl Pts',(-6.27999999999999,-19.4780570684147,-10.164487736109));
#4078=CARTESIAN_POINT('Ctrl Pts',(-6.99999999999999,-19.574147504568,-10.2131649702787));
#4079=CARTESIAN_POINT('Ctrl Pts',(-6.27999999999999,-19.574147504568,-10.2131649702787));
#4080=CARTESIAN_POINT('',(-6.99999999999999,-18.9141887843608,-10.0460436791182));
#4081=CARTESIAN_POINT('Ctrl Pts',(-6.99999999999999,-18.9141887843608,-10.0460436791182));
#4082=CARTESIAN_POINT('Ctrl Pts',(-6.99999999999999,-19.0386900049136,-10.0507834848075));
#4083=CARTESIAN_POINT('Ctrl Pts',(-6.99999999999999,-19.2710646402336,-10.0596300697137));
#4084=CARTESIAN_POINT('Ctrl Pts',(-6.99999999999999,-19.4780570684147,-10.164487736109));
#4085=CARTESIAN_POINT('Ctrl Pts',(-6.99999999999999,-19.574147504568,-10.2131649702787));
#4086=CARTESIAN_POINT('',(-6.49999999999999,-18.9141887843608,-10.0460436791182));
#4087=CARTESIAN_POINT('',(-6.99999999999999,-18.9141887843608,-10.0460436791182));
#4088=CARTESIAN_POINT('Ctrl Pts',(-6.49999999999999,-18.9141887843608,-10.0460436791182));
#4089=CARTESIAN_POINT('Ctrl Pts',(-6.49999999999999,-19.0386900049136,-10.0507834848075));
#4090=CARTESIAN_POINT('Ctrl Pts',(-6.49999999999999,-19.2710646402336,-10.0596300697137));
#4091=CARTESIAN_POINT('Ctrl Pts',(-6.49999999999999,-19.4780570684147,-10.164487736109));
#4092=CARTESIAN_POINT('Ctrl Pts',(-6.49999999999999,-19.574147504568,-10.2131649702787));
#4093=CARTESIAN_POINT('Ctrl Pts',(-6.99999999999999,-18.2695770680904,-10.2080491036177));
#4094=CARTESIAN_POINT('Ctrl Pts',(-6.27999999999999,-18.2695770680904,-10.2080491036177));
#4095=CARTESIAN_POINT('Ctrl Pts',(-6.99999999999999,-18.3687554044935,-10.160807140457));
#4096=CARTESIAN_POINT('Ctrl Pts',(-6.27999999999999,-18.3687554044935,-10.160807140457));
#4097=CARTESIAN_POINT('Ctrl Pts',(-6.99999999999999,-18.5726270497098,-10.0636962480777));
#4098=CARTESIAN_POINT('Ctrl Pts',(-6.27999999999999,-18.5726270497098,-10.0636962480777));
#4099=CARTESIAN_POINT('Ctrl Pts',(-6.99999999999999,-18.7982999651751,-10.0520330367211));
#4100=CARTESIAN_POINT('Ctrl Pts',(-6.27999999999999,-18.7982999651751,-10.0520330367211));
#4101=CARTESIAN_POINT('Ctrl Pts',(-6.99999999999999,-18.9141887843608,-10.0460436791182));
#4102=CARTESIAN_POINT('Ctrl Pts',(-6.27999999999999,-18.9141887843608,-10.0460436791182));
#4103=CARTESIAN_POINT('',(-6.99999999999999,-18.2695770680904,-10.2080491036177));
#4104=CARTESIAN_POINT('Ctrl Pts',(-6.99999999999999,-18.2695770680904,-10.2080491036177));
#4105=CARTESIAN_POINT('Ctrl Pts',(-6.99999999999999,-18.3687554044935,-10.160807140457));
#4106=CARTESIAN_POINT('Ctrl Pts',(-6.99999999999999,-18.5726270497098,-10.0636962480777));
#4107=CARTESIAN_POINT('Ctrl Pts',(-6.99999999999999,-18.7982999651751,-10.0520330367211));
#4108=CARTESIAN_POINT('Ctrl Pts',(-6.99999999999999,-18.9141887843608,-10.0460436791182));
#4109=CARTESIAN_POINT('',(-6.49999999999999,-18.2695770680904,-10.2080491036177));
#4110=CARTESIAN_POINT('',(-6.99999999999999,-18.2695770680904,-10.2080491036177));
#4111=CARTESIAN_POINT('Ctrl Pts',(-6.49999999999999,-18.2695770680904,-10.2080491036177));
#4112=CARTESIAN_POINT('Ctrl Pts',(-6.49999999999999,-18.3687554044935,-10.160807140457));
#4113=CARTESIAN_POINT('Ctrl Pts',(-6.49999999999999,-18.5726270497098,-10.0636962480777));
#4114=CARTESIAN_POINT('Ctrl Pts',(-6.49999999999999,-18.7982999651751,-10.0520330367211));
#4115=CARTESIAN_POINT('Ctrl Pts',(-6.49999999999999,-18.9141887843608,-10.0460436791182));
#4116=CARTESIAN_POINT('Ctrl Pts',(-6.99999999999999,-17.8159618794918,-10.6360846608877));
#4117=CARTESIAN_POINT('Ctrl Pts',(-6.27999999999999,-17.8159618794918,-10.6360846608877));
#4118=CARTESIAN_POINT('Ctrl Pts',(-6.99999999999999,-17.8778796779586,-10.5515232702601));
#4119=CARTESIAN_POINT('Ctrl Pts',(-6.27999999999999,-17.8778796779586,-10.5515232702601));
#4120=CARTESIAN_POINT('Ctrl Pts',(-6.99999999999999,-18.002747737074,-10.3809904511803));
#4121=CARTESIAN_POINT('Ctrl Pts',(-6.27999999999999,-18.002747737074,-10.3809904511803));
#4122=CARTESIAN_POINT('Ctrl Pts',(-6.99999999999999,-18.1801450256929,-10.2660131133035));
#4123=CARTESIAN_POINT('Ctrl Pts',(-6.27999999999999,-18.1801450256929,-10.2660131133035));
#4124=CARTESIAN_POINT('Ctrl Pts',(-6.99999999999999,-18.2695770680904,-10.2080491036177));
#4125=CARTESIAN_POINT('Ctrl Pts',(-6.27999999999999,-18.2695770680904,-10.2080491036177));
#4126=CARTESIAN_POINT('',(-6.99999999999999,-17.8159618794918,-10.6360846608877));
#4127=CARTESIAN_POINT('Ctrl Pts',(-6.99999999999999,-17.8159618794918,-10.6360846608877));
#4128=CARTESIAN_POINT('Ctrl Pts',(-6.99999999999999,-17.8778796779586,-10.5515232702601));
#4129=CARTESIAN_POINT('Ctrl Pts',(-6.99999999999999,-18.002747737074,-10.3809904511803));
#4130=CARTESIAN_POINT('Ctrl Pts',(-6.99999999999999,-18.1801450256929,-10.2660131133035));
#4131=CARTESIAN_POINT('Ctrl Pts',(-6.99999999999999,-18.2695770680904,-10.2080491036177));
#4132=CARTESIAN_POINT('',(-6.49999999999999,-17.8159618794918,-10.6360846608877));
#4133=CARTESIAN_POINT('',(-6.99999999999999,-17.8159618794918,-10.6360846608877));
#4134=CARTESIAN_POINT('Ctrl Pts',(-6.49999999999999,-17.8159618794918,-10.6360846608877));
#4135=CARTESIAN_POINT('Ctrl Pts',(-6.49999999999999,-17.8778796779586,-10.5515232702601));
#4136=CARTESIAN_POINT('Ctrl Pts',(-6.49999999999999,-18.002747737074,-10.3809904511803));
#4137=CARTESIAN_POINT('Ctrl Pts',(-6.49999999999999,-18.1801450256929,-10.2660131133035));
#4138=CARTESIAN_POINT('Ctrl Pts',(-6.49999999999999,-18.2695770680904,-10.2080491036177));
#4139=CARTESIAN_POINT('Origin',(-6.99999999999999,-17.8159618794918,-10.1278990358114));
#4140=CARTESIAN_POINT('',(-6.99999999999999,-17.8159618794918,-10.1278990358114));
#4141=CARTESIAN_POINT('',(-6.99999999999999,-17.8159618794918,-9.93894951790571));
#4142=CARTESIAN_POINT('',(-6.49999999999999,-17.8159618794918,-10.1278990358114));
#4143=CARTESIAN_POINT('',(-6.99999999999999,-17.8159618794918,-10.1278990358114));
#4144=CARTESIAN_POINT('',(-6.49999999999999,-17.8159618794918,-10.1278990358114));
#4145=CARTESIAN_POINT('Origin',(-6.99999999999999,-17.2668487250804,-10.1278990358114));
#4146=CARTESIAN_POINT('',(-6.99999999999999,-17.2668487250804,-10.1278990358114));
#4147=CARTESIAN_POINT('',(-6.99999999999999,-13.2334243625402,-10.1278990358114));
#4148=CARTESIAN_POINT('',(-6.49999999999999,-17.2668487250804,-10.1278990358114));
#4149=CARTESIAN_POINT('',(-6.99999999999999,-17.2668487250804,-10.1278990358114));
#4150=CARTESIAN_POINT('',(-6.49999999999999,-17.2668487250804,-10.1278990358114));
#4151=CARTESIAN_POINT('Origin',(-6.99999999999999,-17.2668487250804,-13.7499999850988));
#4152=CARTESIAN_POINT('',(-6.99999999999999,-17.2668487250804,-13.7499999850988));
#4153=CARTESIAN_POINT('',(-6.99999999999999,-17.2668487250804,-11.7499999925494));
#4154=CARTESIAN_POINT('',(-6.49999999999999,-17.2668487250804,-13.7499999850988));
#4155=CARTESIAN_POINT('',(-6.99999999999999,-17.2668487250804,-13.7499999850988));
#4156=CARTESIAN_POINT('',(-6.49999999999999,-17.2668487250804,-13.7499999850988));
#4157=CARTESIAN_POINT('Origin',(-6.99999999999999,-17.8807640492916,-13.7499999850988));
#4158=CARTESIAN_POINT('',(-6.99999999999999,-13.5403820246458,-13.7499999850988));
#4159=CARTESIAN_POINT('',(-6.49999999999999,-17.8807640492916,-13.7499999850988));
#4160=CARTESIAN_POINT('Origin',(-6.49999999999999,-17.4373803704977,-11.2499999850988));
#4161=CARTESIAN_POINT('Origin',(-6.99999999999999,-16.4312416732311,-13.1599593013525));
#4162=CARTESIAN_POINT('',(-6.99999999999999,-16.4312416732311,-13.1599593013525));
#4163=CARTESIAN_POINT('',(-6.99999999999999,-16.4312416732311,-13.7499999850988));
#4164=CARTESIAN_POINT('',(-6.99999999999999,-16.4312416732311,-11.4549796506763));
#4165=CARTESIAN_POINT('',(-6.49999999999999,-16.4312416732311,-13.1599593013525));
#4166=CARTESIAN_POINT('',(-6.99999999999999,-16.4312416732311,-13.1599593013525));
#4167=CARTESIAN_POINT('',(-6.49999999999999,-16.4312416732311,-13.7499999850988));
#4168=CARTESIAN_POINT('',(-6.49999999999999,-16.4312416732311,-13.1599593013525));
#4169=CARTESIAN_POINT('',(-6.99999999999999,-16.4312416732311,-13.7499999850988));
#4170=CARTESIAN_POINT('Origin',(-6.99999999999999,-13.3616643816232,-13.1599593013525));
#4171=CARTESIAN_POINT('',(-6.99999999999999,-13.3616643816232,-13.1599593013525));
#4172=CARTESIAN_POINT('',(-6.99999999999999,-11.2808321908116,-13.1599593013525));
#4173=CARTESIAN_POINT('',(-6.49999999999999,-13.3616643816232,-13.1599593013525));
#4174=CARTESIAN_POINT('',(-6.99999999999999,-13.3616643816232,-13.1599593013525));
#4175=CARTESIAN_POINT('',(-6.49999999999999,-13.3616643816232,-13.1599593013525));
#4176=CARTESIAN_POINT('Origin',(-6.99999999999999,-13.3616643816232,-11.4580491036177));
#4177=CARTESIAN_POINT('',(-6.99999999999999,-13.3616643816232,-11.4580491036177));
#4178=CARTESIAN_POINT('',(-6.99999999999999,-13.3616643816232,-10.6040245518088));
#4179=CARTESIAN_POINT('',(-6.49999999999999,-13.3616643816232,-11.4580491036177));
#4180=CARTESIAN_POINT('',(-6.99999999999999,-13.3616643816232,-11.4580491036177));
#4181=CARTESIAN_POINT('',(-6.49999999999999,-13.3616643816232,-11.4580491036177));
#4182=CARTESIAN_POINT('Origin',(-6.99999999999999,-16.1276942908763,-11.4580491036177));
#4183=CARTESIAN_POINT('',(-6.99999999999999,-16.1276942908763,-11.4580491036177));
#4184=CARTESIAN_POINT('',(-6.99999999999999,-12.6638471454381,-11.4580491036177));
#4185=CARTESIAN_POINT('',(-6.49999999999999,-16.1276942908763,-11.4580491036177));
#4186=CARTESIAN_POINT('',(-6.99999999999999,-16.1276942908763,-11.4580491036177));
#4187=CARTESIAN_POINT('',(-6.49999999999999,-16.1276942908763,-11.4580491036177));
#4188=CARTESIAN_POINT('Origin',(-6.99999999999999,-16.1276942908763,-10.8714186996222));
#4189=CARTESIAN_POINT('',(-6.99999999999999,-16.1276942908763,-10.8714186996222));
#4190=CARTESIAN_POINT('',(-6.99999999999999,-16.1276942908763,-10.3107093498111));
#4191=CARTESIAN_POINT('',(-6.49999999999999,-16.1276942908763,-10.8714186996222));
#4192=CARTESIAN_POINT('',(-6.99999999999999,-16.1276942908763,-10.8714186996222));
#4193=CARTESIAN_POINT('',(-6.49999999999999,-16.1276942908763,-10.8714186996222));
#4194=CARTESIAN_POINT('Origin',(-6.99999999999999,-13.3616643816232,-10.8714186996222));
#4195=CARTESIAN_POINT('',(-6.99999999999999,-13.3616643816232,-10.8714186996222));
#4196=CARTESIAN_POINT('',(-6.99999999999999,-11.2808321908116,-10.8714186996222));
#4197=CARTESIAN_POINT('',(-6.49999999999999,-13.3616643816232,-10.8714186996222));
#4198=CARTESIAN_POINT('',(-6.99999999999999,-13.3616643816232,-10.8714186996222));
#4199=CARTESIAN_POINT('',(-6.49999999999999,-13.3616643816232,-10.8714186996222));
#4200=CARTESIAN_POINT('Origin',(-6.99999999999999,-13.3616643816232,-9.3400409668684));
#4201=CARTESIAN_POINT('',(-6.99999999999999,-13.3616643816232,-9.3400409668684));
#4202=CARTESIAN_POINT('',(-6.99999999999999,-13.3616643816232,-9.5450204834342));
#4203=CARTESIAN_POINT('',(-6.49999999999999,-13.3616643816232,-9.3400409668684));
#4204=CARTESIAN_POINT('',(-6.99999999999999,-13.3616643816232,-9.3400409668684));
#4205=CARTESIAN_POINT('',(-6.49999999999999,-13.3616643816232,-9.3400409668684));
#4206=CARTESIAN_POINT('Origin',(-6.99999999999999,-16.3152796447277,-9.3400409668684));
#4207=CARTESIAN_POINT('',(-6.99999999999999,-16.3152796447277,-9.3400409668684));
#4208=CARTESIAN_POINT('',(-6.99999999999999,-12.7576398223638,-9.3400409668684));
#4209=CARTESIAN_POINT('',(-6.49999999999999,-16.3152796447277,-9.3400409668684));
#4210=CARTESIAN_POINT('',(-6.99999999999999,-16.3152796447277,-9.3400409668684));
#4211=CARTESIAN_POINT('',(-6.49999999999999,-16.3152796447277,-9.3400409668684));
#4212=CARTESIAN_POINT('Origin',(-6.99999999999999,-16.3152796447277,-8.74999998509884));
#4213=CARTESIAN_POINT('',(-6.99999999999999,-16.3152796447277,-8.74999998509884));
#4214=CARTESIAN_POINT('',(-6.99999999999999,-16.3152796447277,-9.24999999254942));
#4215=CARTESIAN_POINT('',(-6.49999999999999,-16.3152796447277,-8.74999998509884));
#4216=CARTESIAN_POINT('',(-6.99999999999999,-16.3152796447277,-8.74999998509884));
#4217=CARTESIAN_POINT('',(-6.49999999999999,-16.3152796447277,-8.74999998509884));
#4218=CARTESIAN_POINT('Origin',(-6.99999999999999,-12.6999999999999,-8.74999998509884));
#4219=CARTESIAN_POINT('',(-6.99999999999999,-12.6999999999999,-8.74999998509884));
#4220=CARTESIAN_POINT('',(-6.99999999999999,-10.9499999999999,-8.74999998509884));
#4221=CARTESIAN_POINT('',(-6.49999999999999,-12.6999999999999,-8.74999998509884));
#4222=CARTESIAN_POINT('',(-6.99999999999999,-12.6999999999999,-8.74999998509884));
#4223=CARTESIAN_POINT('',(-6.49999999999999,-12.6999999999999,-8.74999998509884));
#4224=CARTESIAN_POINT('Origin',(-6.99999999999999,-12.6999999999999,-13.7499999850988));
#4225=CARTESIAN_POINT('',(-6.99999999999999,-12.6999999999999,-13.7499999850988));
#4226=CARTESIAN_POINT('',(-6.99999999999999,-12.6999999999999,-11.7499999925494));
#4227=CARTESIAN_POINT('',(-6.49999999999999,-12.6999999999999,-13.7499999850988));
#4228=CARTESIAN_POINT('',(-6.99999999999999,-12.6999999999999,-13.7499999850988));
#4229=CARTESIAN_POINT('',(-6.49999999999999,-12.6999999999999,-13.7499999850988));
#4230=CARTESIAN_POINT('Origin',(-6.99999999999999,-16.4312416732311,-13.7499999850988));
#4231=CARTESIAN_POINT('',(-6.99999999999999,-12.8156208366155,-13.7499999850988));
#4232=CARTESIAN_POINT('',(-6.49999999999999,-16.4312416732311,-13.7499999850988));
#4233=CARTESIAN_POINT('Origin',(-6.49999999999999,-17.4373803704977,-11.2499999850988));
#4234=CARTESIAN_POINT('Origin',(10.8526603877544,-25.2000000000001,-12.3209413439035));
#4235=CARTESIAN_POINT('',(10.8526603877544,-25.2000000000001,-12.3209413439035));
#4236=CARTESIAN_POINT('',(9.90109130740166,-25.2000000000001,-13.7499999552965));
#4237=CARTESIAN_POINT('',(8.55006457933549,-25.2000000000001,-15.7789607736212));
#4238=CARTESIAN_POINT('',(10.8526603877544,-24.7000000000001,-12.3209413439035));
#4239=CARTESIAN_POINT('',(10.8526603877544,-25.2000000000001,-12.3209413439035));
#4240=CARTESIAN_POINT('',(9.90109130740166,-24.7000000000001,-13.7499999552965));
#4241=CARTESIAN_POINT('',(10.8526603877544,-24.7000000000001,-12.3209413439035));
#4242=CARTESIAN_POINT('',(9.90109130740166,-25.2000000000001,-13.7499999552965));
#4243=CARTESIAN_POINT('Origin',(11.0504774749279,-25.2000000000001,-12.6244884282351));
#4244=CARTESIAN_POINT('',(11.0504774749279,-25.2000000000001,-12.6244884282351));
#4245=CARTESIAN_POINT('',(7.55362943479959,-25.2000000000001,-7.25863231288066));
#4246=CARTESIAN_POINT('',(11.0504774749279,-24.7000000000001,-12.6244884282351));
#4247=CARTESIAN_POINT('',(11.0504774749279,-25.2000000000001,-12.6244884282351));
#4248=CARTESIAN_POINT('',(11.0504774749279,-24.7000000000001,-12.6244884282351));
#4249=CARTESIAN_POINT('Origin',(11.7939977347851,-25.2000000000001,-13.7499999552965));
#4250=CARTESIAN_POINT('',(11.7939977347851,-25.2000000000001,-13.7499999552965));
#4251=CARTESIAN_POINT('',(7.86732744314273,-25.2000000000001,-7.80596195818504));
#4252=CARTESIAN_POINT('',(11.7939977347851,-24.7000000000001,-13.7499999552965));
#4253=CARTESIAN_POINT('',(11.7939977347851,-25.2000000000001,-13.7499999552965));
#4254=CARTESIAN_POINT('',(11.7939977347851,-24.7000000000001,-13.7499999552965));
#4255=CARTESIAN_POINT('Origin',(12.547749131918,-25.2000000000001,-13.7499999552965));
#4256=CARTESIAN_POINT('',(12.547749131918,-25.2000000000001,-13.7499999552965));
#4257=CARTESIAN_POINT('',(2.27387456595898,-25.2000000000001,-13.7499999552965));
#4258=CARTESIAN_POINT('',(12.547749131918,-24.7000000000001,-13.7499999552965));
#4259=CARTESIAN_POINT('',(12.547749131918,-25.2000000000001,-13.7499999552965));
#4260=CARTESIAN_POINT('',(12.547749131918,-24.7000000000001,-13.7499999552965));
#4261=CARTESIAN_POINT('Origin',(11.2005458772183,-25.2000000000001,-11.8332194834948));
#4262=CARTESIAN_POINT('',(11.2005458772183,-25.2000000000001,-11.8332194834948));
#4263=CARTESIAN_POINT('',(7.53616153674759,-25.2000000000001,-6.61958871138387));
#4264=CARTESIAN_POINT('',(11.2005458772183,-24.7000000000001,-11.8332194834948));
#4265=CARTESIAN_POINT('',(11.2005458772183,-25.2000000000001,-11.8332194834948));
#4266=CARTESIAN_POINT('',(11.2005458772183,-24.7000000000001,-11.8332194834948));
#4267=CARTESIAN_POINT('Origin',(12.4522511661053,-25.2000000000001,-10.1278990060091));
#4268=CARTESIAN_POINT('',(12.4522511661053,-25.2000000000001,-10.1278990060091));
#4269=CARTESIAN_POINT('',(8.96196556419839,-25.2000000000001,-14.8830562798891));
#4270=CARTESIAN_POINT('',(12.4522511661053,-24.7000000000001,-10.1278990060091));
#4271=CARTESIAN_POINT('',(12.4522511661053,-25.2000000000001,-10.1278990060091));
#4272=CARTESIAN_POINT('',(12.4522511661053,-24.7000000000001,-10.1278990060091));
#4273=CARTESIAN_POINT('Origin',(11.7189632356167,-25.2000000000001,-10.1278990060091));
#4274=CARTESIAN_POINT('',(11.7189632356167,-25.2000000000001,-10.1278990060091));
#4275=CARTESIAN_POINT('',(1.85948161780835,-25.2000000000001,-10.1278990060091));
#4276=CARTESIAN_POINT('',(11.7189632356167,-24.7000000000001,-10.1278990060091));
#4277=CARTESIAN_POINT('',(11.7189632356167,-25.2000000000001,-10.1278990060091));
#4278=CARTESIAN_POINT('',(11.7189632356167,-24.7000000000001,-10.1278990060091));
#4279=CARTESIAN_POINT('Origin',(11.1084584891796,-25.2000000000001,-10.983969822526));
#4280=CARTESIAN_POINT('',(11.1084584891796,-25.2000000000001,-10.983969822526));
#4281=CARTESIAN_POINT('',(8.17915793250755,-25.2000000000001,-15.0915361174787));
#4282=CARTESIAN_POINT('',(11.1084584891796,-24.7000000000001,-10.983969822526));
#4283=CARTESIAN_POINT('',(11.1084584891796,-25.2000000000001,-10.983969822526));
#4284=CARTESIAN_POINT('',(11.1084584891796,-24.7000000000001,-10.983969822526));
#4285=CARTESIAN_POINT('Ctrl Pts',(10.8321963250637,-25.2000000000001,-11.3830148726702));
#4286=CARTESIAN_POINT('Ctrl Pts',(10.8321963250637,-24.48,-11.3830148726702));
#4287=CARTESIAN_POINT('Ctrl Pts',(10.8798649633064,-25.2000000000001,-11.3119914014949));
#4288=CARTESIAN_POINT('Ctrl Pts',(10.8798649633064,-24.48,-11.3119914014949));
#4289=CARTESIAN_POINT('Ctrl Pts',(10.9700331457309,-25.2000000000001,-11.1776461056895));
#4290=CARTESIAN_POINT('Ctrl Pts',(10.9700331457309,-24.48,-11.1776461056895));
#4291=CARTESIAN_POINT('Ctrl Pts',(11.064114516834,-25.2000000000001,-11.0460131993429));
#4292=CARTESIAN_POINT('Ctrl Pts',(11.064114516834,-24.48,-11.0460131993429));
#4293=CARTESIAN_POINT('Ctrl Pts',(11.1084584891796,-25.2000000000001,-10.983969822526));
#4294=CARTESIAN_POINT('Ctrl Pts',(11.1084584891796,-24.48,-10.983969822526));
#4295=CARTESIAN_POINT('',(10.8321963250637,-25.2000000000001,-11.3830148726702));
#4296=CARTESIAN_POINT('Ctrl Pts',(10.8321963250637,-25.2000000000001,-11.3830148726702));
#4297=CARTESIAN_POINT('Ctrl Pts',(10.8798649633064,-25.2000000000001,-11.3119914014949));
#4298=CARTESIAN_POINT('Ctrl Pts',(10.9700331457309,-25.2000000000001,-11.1776461056895));
#4299=CARTESIAN_POINT('Ctrl Pts',(11.064114516834,-25.2000000000001,-11.0460131993429));
#4300=CARTESIAN_POINT('Ctrl Pts',(11.1084584891796,-25.2000000000001,-10.983969822526));
#4301=CARTESIAN_POINT('',(10.8321963250637,-24.7000000000001,-11.3830148726702));
#4302=CARTESIAN_POINT('',(10.8321963250637,-25.2000000000001,-11.3830148726702));
#4303=CARTESIAN_POINT('Ctrl Pts',(10.8321963250637,-24.7000000000001,-11.3830148726702));
#4304=CARTESIAN_POINT('Ctrl Pts',(10.8798649633064,-24.7000000000001,-11.3119914014949));
#4305=CARTESIAN_POINT('Ctrl Pts',(10.9700331457309,-24.7000000000001,-11.1776461056895));
#4306=CARTESIAN_POINT('Ctrl Pts',(11.064114516834,-24.7000000000001,-11.0460131993429));
#4307=CARTESIAN_POINT('Ctrl Pts',(11.1084584891796,-24.7000000000001,-10.983969822526));
#4308=CARTESIAN_POINT('Ctrl Pts',(10.579809397459,-25.2000000000001,-10.9771486669779));
#4309=CARTESIAN_POINT('Ctrl Pts',(10.579809397459,-24.48,-10.9771486669779));
#4310=CARTESIAN_POINT('Ctrl Pts',(10.6274566909224,-25.2000000000001,-11.0510405802118));
#4311=CARTESIAN_POINT('Ctrl Pts',(10.6274566909224,-24.48,-11.0510405802118));
#4312=CARTESIAN_POINT('Ctrl Pts',(10.7138061097761,-25.2000000000001,-11.1849521479411));
#4313=CARTESIAN_POINT('Ctrl Pts',(10.7138061097761,-24.48,-11.1849521479411));
#4314=CARTESIAN_POINT('Ctrl Pts',(10.7955558102684,-25.2000000000001,-11.3217165620099));
#4315=CARTESIAN_POINT('Ctrl Pts',(10.7955558102684,-24.48,-11.3217165620099));
#4316=CARTESIAN_POINT('Ctrl Pts',(10.8321963250637,-25.2000000000001,-11.3830148726702));
#4317=CARTESIAN_POINT('Ctrl Pts',(10.8321963250637,-24.48,-11.3830148726702));
#4318=CARTESIAN_POINT('',(10.579809397459,-25.2000000000001,-10.9771486669779));
#4319=CARTESIAN_POINT('Ctrl Pts',(10.579809397459,-25.2000000000001,-10.9771486669779));
#4320=CARTESIAN_POINT('Ctrl Pts',(10.6274566909224,-25.2000000000001,-11.0510405802118));
#4321=CARTESIAN_POINT('Ctrl Pts',(10.7138061097761,-25.2000000000001,-11.1849521479411));
#4322=CARTESIAN_POINT('Ctrl Pts',(10.7955558102684,-25.2000000000001,-11.3217165620099));
#4323=CARTESIAN_POINT('Ctrl Pts',(10.8321963250637,-25.2000000000001,-11.3830148726702));
#4324=CARTESIAN_POINT('',(10.579809397459,-24.7000000000001,-10.9771486669779));
#4325=CARTESIAN_POINT('',(10.579809397459,-25.2000000000001,-10.9771486669779));
#4326=CARTESIAN_POINT('Ctrl Pts',(10.579809397459,-24.7000000000001,-10.9771486669779));
#4327=CARTESIAN_POINT('Ctrl Pts',(10.6274566909224,-24.7000000000001,-11.0510405802118));
#4328=CARTESIAN_POINT('Ctrl Pts',(10.7138061097761,-24.7000000000001,-11.1849521479411));
#4329=CARTESIAN_POINT('Ctrl Pts',(10.7955558102684,-24.7000000000001,-11.3217165620099));
#4330=CARTESIAN_POINT('Ctrl Pts',(10.8321963250637,-24.7000000000001,-11.3830148726702));
#4331=CARTESIAN_POINT('Origin',(10.0238744914532,-25.2000000000001,-10.1278990060091));
#4332=CARTESIAN_POINT('',(10.0238744914532,-25.2000000000001,-10.1278990060091));
#4333=CARTESIAN_POINT('',(7.23390846613545,-25.2000000000001,-5.86592934819718));
#4334=CARTESIAN_POINT('',(10.0238744914532,-24.7000000000001,-10.1278990060091));
#4335=CARTESIAN_POINT('',(10.0238744914532,-25.2000000000001,-10.1278990060091));
#4336=CARTESIAN_POINT('',(10.0238744914532,-24.7000000000001,-10.1278990060091));
#4337=CARTESIAN_POINT('Origin',(9.25648018717767,-25.2000000000001,-10.1278990060091));
#4338=CARTESIAN_POINT('',(9.25648018717767,-25.2000000000001,-10.1278990060091));
#4339=CARTESIAN_POINT('',(0.628240093588833,-25.2,-10.1278990060091));
#4340=CARTESIAN_POINT('',(9.25648018717767,-24.7000000000001,-10.1278990060091));
#4341=CARTESIAN_POINT('',(9.25648018717767,-25.2000000000001,-10.1278990060091));
#4342=CARTESIAN_POINT('',(9.25648018717767,-24.7000000000001,-10.1278990060091));
#4343=CARTESIAN_POINT('Origin',(10.4809002578259,-25.2000000000001,-11.8673258572817));
#4344=CARTESIAN_POINT('',(10.4809002578259,-25.2000000000001,-11.8673258572817));
#4345=CARTESIAN_POINT('',(6.92096021146486,-25.2000000000001,-6.8100293836272));
#4346=CARTESIAN_POINT('',(10.4809002578259,-24.7000000000001,-11.8673258572817));
#4347=CARTESIAN_POINT('',(10.4809002578259,-25.2000000000001,-11.8673258572817));
#4348=CARTESIAN_POINT('',(10.4809002578259,-24.7000000000001,-11.8673258572817));
#4349=CARTESIAN_POINT('Origin',(9.15757164359093,-25.2000000000001,-13.7499999552965));
#4350=CARTESIAN_POINT('',(9.15757164359093,-25.2000000000001,-13.7499999552965));
#4351=CARTESIAN_POINT('',(7.26161075733807,-25.2000000000001,-16.4473469430371));
#4352=CARTESIAN_POINT('',(9.15757164359093,-24.7000000000001,-13.7499999552965));
#4353=CARTESIAN_POINT('',(9.15757164359093,-25.2000000000001,-13.7499999552965));
#4354=CARTESIAN_POINT('',(9.15757164359093,-24.7000000000001,-13.7499999552965));
#4355=CARTESIAN_POINT('Origin',(9.90109130740166,-25.2000000000001,-13.7499999552965));
#4356=CARTESIAN_POINT('',(0.950545653700833,-25.2,-13.7499999552965));
#4357=CARTESIAN_POINT('',(9.90109130740166,-24.7000000000001,-13.7499999552965));
#4358=CARTESIAN_POINT('Origin',(8.77387456595898,-24.7000000000001,-11.2499999552965));
#4359=CARTESIAN_POINT('Origin',(8.73124167323113,-25.2000000000001,-13.1599592715502));
#4360=CARTESIAN_POINT('',(8.73124167323113,-25.2000000000001,-13.1599592715502));
#4361=CARTESIAN_POINT('',(8.73124167323113,-25.2000000000001,-13.7499999552965));
#4362=CARTESIAN_POINT('',(8.73124167323113,-25.2000000000001,-11.4549796357751));
#4363=CARTESIAN_POINT('',(8.73124167323113,-24.7000000000001,-13.1599592715502));
#4364=CARTESIAN_POINT('',(8.73124167323113,-25.2000000000001,-13.1599592715502));
#4365=CARTESIAN_POINT('',(8.73124167323113,-24.7000000000001,-13.7499999552965));
#4366=CARTESIAN_POINT('',(8.73124167323113,-24.7000000000001,-13.1599592715502));
#4367=CARTESIAN_POINT('',(8.73124167323113,-25.2000000000001,-13.7499999552965));
#4368=CARTESIAN_POINT('Origin',(5.66166438162328,-25.2000000000001,-13.1599592715502));
#4369=CARTESIAN_POINT('',(5.66166438162328,-25.2000000000001,-13.1599592715502));
#4370=CARTESIAN_POINT('',(-1.16916780918836,-25.2,-13.1599592715502));
#4371=CARTESIAN_POINT('',(5.66166438162328,-24.7000000000001,-13.1599592715502));
#4372=CARTESIAN_POINT('',(5.66166438162328,-25.2000000000001,-13.1599592715502));
#4373=CARTESIAN_POINT('',(5.66166438162328,-24.7000000000001,-13.1599592715502));
#4374=CARTESIAN_POINT('Origin',(5.66166438162328,-25.2000000000001,-11.4580490738154));
#4375=CARTESIAN_POINT('',(5.66166438162328,-25.2000000000001,-11.4580490738154));
#4376=CARTESIAN_POINT('',(5.66166438162328,-25.2000000000001,-10.6040245369077));
#4377=CARTESIAN_POINT('',(5.66166438162328,-24.7000000000001,-11.4580490738154));
#4378=CARTESIAN_POINT('',(5.66166438162328,-25.2000000000001,-11.4580490738154));
#4379=CARTESIAN_POINT('',(5.66166438162328,-24.7000000000001,-11.4580490738153));
#4380=CARTESIAN_POINT('Origin',(8.4276942908764,-25.2000000000001,-11.4580490738153));
#4381=CARTESIAN_POINT('',(8.4276942908764,-25.2000000000001,-11.4580490738153));
#4382=CARTESIAN_POINT('',(0.213847145438198,-25.2,-11.4580490738154));
#4383=CARTESIAN_POINT('',(8.4276942908764,-24.7000000000001,-11.4580490738153));
#4384=CARTESIAN_POINT('',(8.4276942908764,-25.2000000000001,-11.4580490738153));
#4385=CARTESIAN_POINT('',(8.4276942908764,-24.7000000000001,-11.4580490738153));
#4386=CARTESIAN_POINT('Origin',(8.4276942908764,-25.2000000000001,-10.8714186698198));
#4387=CARTESIAN_POINT('',(8.4276942908764,-25.2000000000001,-10.8714186698198));
#4388=CARTESIAN_POINT('',(8.4276942908764,-25.2000000000001,-10.3107093349099));
#4389=CARTESIAN_POINT('',(8.4276942908764,-24.7000000000001,-10.8714186698198));
#4390=CARTESIAN_POINT('',(8.4276942908764,-25.2000000000001,-10.8714186698198));
#4391=CARTESIAN_POINT('',(8.4276942908764,-24.7000000000001,-10.8714186698198));
#4392=CARTESIAN_POINT('Origin',(5.66166438162328,-25.2000000000001,-10.8714186698198));
#4393=CARTESIAN_POINT('',(5.66166438162328,-25.2000000000001,-10.8714186698198));
#4394=CARTESIAN_POINT('',(-1.16916780918836,-25.2,-10.8714186698198));
#4395=CARTESIAN_POINT('',(5.66166438162328,-24.7000000000001,-10.8714186698198));
#4396=CARTESIAN_POINT('',(5.66166438162328,-25.2000000000001,-10.8714186698198));
#4397=CARTESIAN_POINT('',(5.66166438162328,-24.7000000000001,-10.8714186698198));
#4398=CARTESIAN_POINT('Origin',(5.66166438162328,-25.2000000000001,-9.34004093706608));
#4399=CARTESIAN_POINT('',(5.66166438162328,-25.2000000000001,-9.34004093706608));
#4400=CARTESIAN_POINT('',(5.66166438162328,-25.2000000000001,-9.54502046853304));
#4401=CARTESIAN_POINT('',(5.66166438162328,-24.7000000000001,-9.34004093706608));
#4402=CARTESIAN_POINT('',(5.66166438162328,-25.2000000000001,-9.34004093706608));
#4403=CARTESIAN_POINT('',(5.66166438162328,-24.7000000000001,-9.34004093706608));
#4404=CARTESIAN_POINT('Origin',(8.61527964472771,-25.2000000000001,-9.34004093706608));
#4405=CARTESIAN_POINT('',(8.61527964472771,-25.2000000000001,-9.34004093706608));
#4406=CARTESIAN_POINT('',(0.307639822363858,-25.2,-9.34004093706608));
#4407=CARTESIAN_POINT('',(8.61527964472771,-24.7000000000001,-9.34004093706608));
#4408=CARTESIAN_POINT('',(8.61527964472771,-25.2000000000001,-9.34004093706608));
#4409=CARTESIAN_POINT('',(8.61527964472771,-24.7000000000001,-9.34004093706608));
#4410=CARTESIAN_POINT('Origin',(8.61527964472771,-25.2000000000001,-8.74999995529651));
#4411=CARTESIAN_POINT('',(8.61527964472771,-25.2000000000001,-8.74999995529651));
#4412=CARTESIAN_POINT('',(8.61527964472771,-25.2000000000001,-9.24999997764826));
#4413=CARTESIAN_POINT('',(8.61527964472771,-24.7000000000001,-8.74999995529651));
#4414=CARTESIAN_POINT('',(8.61527964472771,-25.2000000000001,-8.74999995529651));
#4415=CARTESIAN_POINT('',(8.61527964472771,-24.7000000000001,-8.74999995529651));
#4416=CARTESIAN_POINT('Origin',(5.00000000000001,-25.2000000000001,-8.74999995529652));
#4417=CARTESIAN_POINT('',(5.00000000000001,-25.2000000000001,-8.74999995529652));
#4418=CARTESIAN_POINT('',(-1.49999999999999,-25.2,-8.74999995529652));
#4419=CARTESIAN_POINT('',(5.00000000000001,-24.7000000000001,-8.74999995529652));
#4420=CARTESIAN_POINT('',(5.00000000000001,-25.2000000000001,-8.74999995529652));
#4421=CARTESIAN_POINT('',(5.00000000000001,-24.7000000000001,-8.74999995529652));
#4422=CARTESIAN_POINT('Origin',(5.00000000000001,-25.2000000000001,-13.7499999552965));
#4423=CARTESIAN_POINT('',(5.00000000000001,-25.2000000000001,-13.7499999552965));
#4424=CARTESIAN_POINT('',(5.00000000000001,-25.2000000000001,-11.7499999776483));
#4425=CARTESIAN_POINT('',(5.00000000000001,-24.7000000000001,-13.7499999552965));
#4426=CARTESIAN_POINT('',(5.00000000000001,-25.2000000000001,-13.7499999552965));
#4427=CARTESIAN_POINT('',(5.00000000000001,-24.7000000000001,-13.7499999552965));
#4428=CARTESIAN_POINT('Origin',(8.73124167323113,-25.2000000000001,-13.7499999552965));
#4429=CARTESIAN_POINT('',(0.365620836615567,-25.2,-13.7499999552965));
#4430=CARTESIAN_POINT('',(8.73124167323113,-24.7000000000001,-13.7499999552965));
#4431=CARTESIAN_POINT('Origin',(8.77387456595898,-24.7000000000001,-11.2499999552965));
#4432=CARTESIAN_POINT('Origin',(12.8335606455803,-6.16930450201035,20.25));
#4433=CARTESIAN_POINT('',(12.8335606455803,-6.16930450201035,20.25));
#4434=CARTESIAN_POINT('',(10.9781720638275,-5.49399743676185,20.25));
#4435=CARTESIAN_POINT('',(9.2411070185433,-4.86175667091195,20.25));
#4436=CARTESIAN_POINT('',(12.8335606455803,-6.16930450201035,19.75));
#4437=CARTESIAN_POINT('',(12.8335606455803,-6.16930450201035,20.25));
#4438=CARTESIAN_POINT('',(10.9781720638275,-5.49399743676185,19.75));
#4439=CARTESIAN_POINT('',(12.8335606455803,-6.16930450201035,19.75));
#4440=CARTESIAN_POINT('',(10.9781720638275,-5.49399743676185,20.25));
#4441=CARTESIAN_POINT('Origin',(10.9781720638275,-6.85825402736665,20.25));
#4442=CARTESIAN_POINT('',(10.9781720638275,-6.85825402736665,20.25));
#4443=CARTESIAN_POINT('',(4.60493732962076,-9.22478634749545,20.25));
#4444=CARTESIAN_POINT('',(10.9781720638275,-6.85825402736665,19.75));
#4445=CARTESIAN_POINT('',(10.9781720638275,-6.85825402736665,20.25));
#4446=CARTESIAN_POINT('',(10.9781720638275,-6.85825402736665,19.75));
#4447=CARTESIAN_POINT('Origin',(10.9781720638275,-5.49399743676185,20.25));
#4448=CARTESIAN_POINT('',(10.9781720638275,-11.5969987183792,20.25));
#4449=CARTESIAN_POINT('',(10.9781720638275,-5.49399743676185,19.75));
#4450=CARTESIAN_POINT('Origin',(14.,-5.64747626781465,20.25));
#4451=CARTESIAN_POINT('',(14.,-5.64747626781465,20.25));
#4452=CARTESIAN_POINT('',(14.,-6.71500707864765,20.25));
#4453=CARTESIAN_POINT('',(14.,-11.6737381339055,20.25));
#4454=CARTESIAN_POINT('',(14.,-5.64747626781465,19.75));
#4455=CARTESIAN_POINT('',(14.,-5.64747626781465,20.25));
#4456=CARTESIAN_POINT('',(14.,-6.71500707864765,19.75));
#4457=CARTESIAN_POINT('',(14.,-5.64747626781465,19.75));
#4458=CARTESIAN_POINT('',(14.,-6.71500707864765,20.25));
#4459=CARTESIAN_POINT('Origin',(9.,-3.69999999999999,20.25));
#4460=CARTESIAN_POINT('',(9.,-3.69999999999999,20.25));
#4461=CARTESIAN_POINT('',(7.67715155246022,-3.18475680850016,20.25));
#4462=CARTESIAN_POINT('',(9.,-3.69999999999999,19.75));
#4463=CARTESIAN_POINT('',(9.,-3.69999999999999,20.25));
#4464=CARTESIAN_POINT('',(9.,-3.69999999999999,19.75));
#4465=CARTESIAN_POINT('Origin',(9.,-4.77094146311285,20.25));
#4466=CARTESIAN_POINT('',(9.,-4.77094146311285,20.25));
#4467=CARTESIAN_POINT('',(9.,-11.2354707315547,20.25));
#4468=CARTESIAN_POINT('',(9.,-4.77094146311285,19.75));
#4469=CARTESIAN_POINT('',(9.,-4.77094146311285,20.25));
#4470=CARTESIAN_POINT('',(9.,-4.77094146311285,19.75));
#4471=CARTESIAN_POINT('Origin',(10.1357432603836,-5.18362904787065,20.25));
#4472=CARTESIAN_POINT('',(10.1357432603836,-5.18362904787065,20.25));
#4473=CARTESIAN_POINT('',(7.8885686600195,-4.36708794152925,20.25));
#4474=CARTESIAN_POINT('',(10.1357432603836,-5.18362904787065,19.75));
#4475=CARTESIAN_POINT('',(10.1357432603836,-5.18362904787065,20.25));
#4476=CARTESIAN_POINT('',(10.1357432603836,-5.18362904787065,19.75));
#4477=CARTESIAN_POINT('Origin',(10.1357432603836,-7.18226487636565,20.25));
#4478=CARTESIAN_POINT('',(10.1357432603836,-7.18226487636565,20.25));
#4479=CARTESIAN_POINT('',(10.1357432603836,-12.441132438181,20.25));
#4480=CARTESIAN_POINT('',(10.1357432603836,-7.18226487636565,19.75));
#4481=CARTESIAN_POINT('',(10.1357432603836,-7.18226487636565,20.25));
#4482=CARTESIAN_POINT('',(10.1357432603836,-7.18226487636565,19.75));
#4483=CARTESIAN_POINT('Origin',(9.,-7.61882717609405,20.25));
#4484=CARTESIAN_POINT('',(9.,-7.61882717609405,20.25));
#4485=CARTESIAN_POINT('',(3.60900400142616,-9.69104340053285,20.25));
#4486=CARTESIAN_POINT('',(9.,-7.61882717609405,19.75));
#4487=CARTESIAN_POINT('',(9.,-7.61882717609405,20.25));
#4488=CARTESIAN_POINT('',(9.,-7.61882717609405,19.75));
#4489=CARTESIAN_POINT('Origin',(9.,-8.71705348491665,20.25));
#4490=CARTESIAN_POINT('',(9.,-8.71705348491665,20.25));
#4491=CARTESIAN_POINT('',(9.,-13.2085267424566,20.25));
#4492=CARTESIAN_POINT('',(9.,-8.71705348491665,19.75));
#4493=CARTESIAN_POINT('',(9.,-8.71705348491665,20.25));
#4494=CARTESIAN_POINT('',(9.,-8.71705348491665,19.75));
#4495=CARTESIAN_POINT('Origin',(14.,-6.71500707864765,20.25));
#4496=CARTESIAN_POINT('',(6.28731039592368,-9.80323957954955,20.25));
#4497=CARTESIAN_POINT('',(14.,-6.71500707864765,19.75));
#4498=CARTESIAN_POINT('Origin',(11.5,-6.20852674245835,19.75));
#4499=CARTESIAN_POINT('Origin',(0.500000000001229,-17.6999999999964,20.25));
#4500=CARTESIAN_POINT('',(-4.99999999999938,-25.2,20.2500002232131));
#4501=CARTESIAN_POINT('',(15.,-25.1999999999999,20.25));
#4502=CARTESIAN_POINT('',(9.00000000000001,-25.1999999999999,20.25));
#4503=CARTESIAN_POINT('',(15.,-2.69999999999999,20.25));
#4504=CARTESIAN_POINT('',(15.,-26.2,20.25));
#4505=CARTESIAN_POINT('',(-6.99999999999999,-2.69999999999999,20.25));
#4506=CARTESIAN_POINT('',(9.00000000000001,-2.7,20.25));
#4507=CARTESIAN_POINT('',(-7.,-32.8,20.2500002232131));
#4508=CARTESIAN_POINT('',(-6.99999999999999,-13.4499999999999,20.25));
#4509=CARTESIAN_POINT('',(-4.99999999999999,-32.8000000000001,20.2500004464237));
#4510=CARTESIAN_POINT('',(-4.99999999999999,-32.8000000000001,20.2500004470348));
#4511=CARTESIAN_POINT('',(-4.99999999999999,-25.2,20.2500004470348));
#4512=CARTESIAN_POINT('',(0.500000000000004,-21.6999999999965,20.25));
#4513=CARTESIAN_POINT('Origin',(0.500000000000004,-17.6999999999964,20.25));
#4514=CARTESIAN_POINT('Origin',(9.00000000000001,-2.7,-9.75));
#4515=CARTESIAN_POINT('',(-6.99999999999999,-2.69999999999999,-9.75));
#4516=CARTESIAN_POINT('',(15.,-2.69999999999999,-9.75));
#4517=CARTESIAN_POINT('',(-1.74999999999998,-2.7,-5.75));
#4518=CARTESIAN_POINT('Origin',(1.4432899320127E-14,-2.7,-5.75));
#4519=CARTESIAN_POINT('',(8.25000000000001,-2.7,10.250000372529));
#4520=CARTESIAN_POINT('Origin',(10.,-2.7,10.250000372529));
#4521=CARTESIAN_POINT('Origin',(0.500000000000004,-17.6999999999964,1.25));
#4522=CARTESIAN_POINT('',(0.500000000000004,-15.6999999999964,0.249999999999999));
#4523=CARTESIAN_POINT('',(0.500000000000004,-19.6999999999964,0.249999999999998));
#4524=CARTESIAN_POINT('Origin',(0.500000000000004,-17.6999999999964,0.249999999999999));
#4525=CARTESIAN_POINT('',(0.500000000000004,-21.6999999999965,2.25));
#4526=CARTESIAN_POINT('',(0.500000000000004,-20.6999999999964,1.25));
#4527=CARTESIAN_POINT('Origin',(0.500000000000004,-17.6999999999964,2.25));
#4528=CARTESIAN_POINT('Origin',(0.500000000000004,-17.6999999999964,0.249999999999999));
#4529=CARTESIAN_POINT('Origin',(0.500000000000004,-17.6999999999964,20.25));
#4530=CARTESIAN_POINT('',(0.500000000000616,-21.6999999999964,7.8500002235174));
#4531=CARTESIAN_POINT('',(0.500000000000003,-21.6999999999964,20.25));
#4532=CARTESIAN_POINT('',(-2.09999999999877,-20.7397368307095,5.2500002235174));
#4533=CARTESIAN_POINT('Ctrl Pts',(0.500000000001227,-21.6999999999964,7.8500002235174));
#4534=CARTESIAN_POINT('Ctrl Pts',(0.16248916853312,-21.6999999999964,7.8500002235174));
#4535=CARTESIAN_POINT('Ctrl Pts',(-0.190700201897527,-21.6536902577805,
7.780379733855));
#4536=CARTESIAN_POINT('Ctrl Pts',(-0.828835216590315,-21.4872061175343,
7.51143422097241));
#4537=CARTESIAN_POINT('Ctrl Pts',(-1.11435661764855,-21.3684514503702,7.31259886803767));
#4538=CARTESIAN_POINT('Ctrl Pts',(-1.56478166707976,-21.135346655129,6.86217381860646));
#4539=CARTESIAN_POINT('Ctrl Pts',(-1.76215278162624,-21.0031164902442,6.57716313542938));
#4540=CARTESIAN_POINT('Ctrl Pts',(-2.02973359130448,-20.8029607016832,5.94219983203993));
#4541=CARTESIAN_POINT('Ctrl Pts',(-2.09999999999877,-20.7397368307116,5.59079853681637));
#4542=CARTESIAN_POINT('Ctrl Pts',(-2.09999999999877,-20.7397368307116,5.2500002235174));
#4543=CARTESIAN_POINT('',(0.500000000000613,-21.6999999999964,2.6500002235174));
#4544=CARTESIAN_POINT('Ctrl Pts',(-2.09999999999877,-20.7397368307116,5.2500002235174));
#4545=CARTESIAN_POINT('Ctrl Pts',(-2.09999999999877,-20.7397368307116,4.90920191021841));
#4546=CARTESIAN_POINT('Ctrl Pts',(-2.02973359130447,-20.8029607016832,4.55780061499485));
#4547=CARTESIAN_POINT('Ctrl Pts',(-1.76215278162623,-21.0031164902442,3.92283731160539));
#4548=CARTESIAN_POINT('Ctrl Pts',(-1.56478166707974,-21.135346655129,3.63782662842831));
#4549=CARTESIAN_POINT('Ctrl Pts',(-1.11435661764852,-21.3684514503702,3.1874015789971));
#4550=CARTESIAN_POINT('Ctrl Pts',(-0.828835216590283,-21.4872061175343,
2.98856622606237));
#4551=CARTESIAN_POINT('Ctrl Pts',(-0.190700201897507,-21.6536902577805,
2.7196207131798));
#4552=CARTESIAN_POINT('Ctrl Pts',(0.16248916853313,-21.6999999999964,2.6500002235174));
#4553=CARTESIAN_POINT('Ctrl Pts',(0.500000000001226,-21.6999999999964,2.6500002235174));
#4554=CARTESIAN_POINT('',(0.500000000000003,-21.6999999999964,20.25));
#4555=CARTESIAN_POINT('Ctrl Pts',(0.500000000001227,-21.6999999999964,2.6500002235174));
#4556=CARTESIAN_POINT('Ctrl Pts',(0.837510831469385,-21.6999999999964,2.6500002235174));
#4557=CARTESIAN_POINT('Ctrl Pts',(1.19070020190005,-21.6536902577801,2.71962071317982));
#4558=CARTESIAN_POINT('Ctrl Pts',(1.82883521659284,-21.4872061175334,2.98856622606243));
#4559=CARTESIAN_POINT('Ctrl Pts',(2.11435661765106,-21.3684514503691,3.18740157899718));
#4560=CARTESIAN_POINT('Ctrl Pts',(2.56478166708223,-21.1353466551275,3.63782662842837));
#4561=CARTESIAN_POINT('Ctrl Pts',(2.76215278162869,-21.0031164902425,3.92283731160542));
#4562=CARTESIAN_POINT('Ctrl Pts',(3.02973359130692,-20.8029607016812,4.55780061499483));
#4563=CARTESIAN_POINT('Ctrl Pts',(3.10000000000123,-20.7397368307095,4.90920191021839));
#4564=CARTESIAN_POINT('Ctrl Pts',(3.10000000000123,-20.7397368307095,5.2500002235174));
#4565=CARTESIAN_POINT('Ctrl Pts',(3.10000000000123,-20.7397368307095,5.59079853681642));
#4566=CARTESIAN_POINT('Ctrl Pts',(3.02973359130691,-20.8029607016812,5.94219983203998));
#4567=CARTESIAN_POINT('Ctrl Pts',(2.76215278162868,-21.0031164902425,6.57716313542941));
#4568=CARTESIAN_POINT('Ctrl Pts',(2.56478166708221,-21.1353466551275,6.86217381860647));
#4569=CARTESIAN_POINT('Ctrl Pts',(2.11435661765103,-21.3684514503691,7.31259886803765));
#4570=CARTESIAN_POINT('Ctrl Pts',(1.82883521659281,-21.4872061175334,7.51143422097238));
#4571=CARTESIAN_POINT('Ctrl Pts',(1.19070020190003,-21.6536902577801,7.78037973385498));
#4572=CARTESIAN_POINT('Ctrl Pts',(0.837510831469377,-21.6999999999964,7.8500002235174));
#4573=CARTESIAN_POINT('Ctrl Pts',(0.500000000001228,-21.6999999999964,7.8500002235174));
#4574=CARTESIAN_POINT('',(-2.62249899919919,-20.1999999999964,5.2500002235174));
#4575=CARTESIAN_POINT('',(-2.62249899919919,-15.1999999999964,5.2500002235174));
#4576=CARTESIAN_POINT('Ctrl Pts',(-2.6224989991992,-20.1999999999964,5.2500002235174));
#4577=CARTESIAN_POINT('Ctrl Pts',(-2.6224989991992,-20.1999999999964,4.92378699212004));
#4578=CARTESIAN_POINT('Ctrl Pts',(-2.67895958575666,-20.1328939245556,4.58594555350027));
#4579=CARTESIAN_POINT('Ctrl Pts',(-2.86023547413215,-19.8756772172145,3.97470654132663));
#4580=CARTESIAN_POINT('Ctrl Pts',(-2.98085874934373,-19.6855951990858,3.70006151667405));
#4581=CARTESIAN_POINT('Ctrl Pts',(-3.19464322230396,-19.251660112211,3.2661264297993));
#4582=CARTESIAN_POINT('Ctrl Pts',(-3.30399909362633,-18.9765747183039,3.07486658498424));
#4583=CARTESIAN_POINT('Ctrl Pts',(-3.45736214419406,-18.3628251208296,2.81658438700515));
#4584=CARTESIAN_POINT('Ctrl Pts',(-3.5,-18.0236353048911,2.7500002235174));
#4585=CARTESIAN_POINT('Ctrl Pts',(-3.5,-17.3763646951017,2.7500002235174));
#4586=CARTESIAN_POINT('Ctrl Pts',(-3.45736214419406,-17.0371748791632,2.81658438700515));
#4587=CARTESIAN_POINT('Ctrl Pts',(-3.30399909362633,-16.4234252816889,3.07486658498424));
#4588=CARTESIAN_POINT('Ctrl Pts',(-3.19464322230396,-16.1483398877818,3.2661264297993));
#4589=CARTESIAN_POINT('Ctrl Pts',(-2.98085874934373,-15.714404800907,3.70006151667406));
#4590=CARTESIAN_POINT('Ctrl Pts',(-2.86023547413215,-15.5243227827783,3.97470654132664));
#4591=CARTESIAN_POINT('Ctrl Pts',(-2.67895958575666,-15.2671060754372,4.58594555350028));
#4592=CARTESIAN_POINT('Ctrl Pts',(-2.6224989991992,-15.1999999999964,4.92378699212004));
#4593=CARTESIAN_POINT('Ctrl Pts',(-2.6224989991992,-15.1999999999964,5.2500002235174));
#4594=CARTESIAN_POINT('Ctrl Pts',(-2.6224989991992,-15.1999999999964,5.2500002235174));
#4595=CARTESIAN_POINT('Ctrl Pts',(-2.6224989991992,-15.1999999999964,5.57621345491476));
#4596=CARTESIAN_POINT('Ctrl Pts',(-2.67895958575666,-15.2671060754372,5.91405489353452));
#4597=CARTESIAN_POINT('Ctrl Pts',(-2.86023547413215,-15.5243227827783,6.52529390570816));
#4598=CARTESIAN_POINT('Ctrl Pts',(-2.98085874934373,-15.714404800907,6.79993893036074));
#4599=CARTESIAN_POINT('Ctrl Pts',(-3.19464322230396,-16.1483398877818,7.2338740172355));
#4600=CARTESIAN_POINT('Ctrl Pts',(-3.30399909362633,-16.4234252816889,7.42513386205056));
#4601=CARTESIAN_POINT('Ctrl Pts',(-3.45736214419406,-17.0371748791632,7.68341606002965));
#4602=CARTESIAN_POINT('Ctrl Pts',(-3.5,-17.3763646951017,7.7500002235174));
#4603=CARTESIAN_POINT('Ctrl Pts',(-3.5,-18.0236353048911,7.7500002235174));
#4604=CARTESIAN_POINT('Ctrl Pts',(-3.45736214419406,-18.3628251208296,7.68341606002965));
#4605=CARTESIAN_POINT('Ctrl Pts',(-3.30399909362633,-18.9765747183039,7.42513386205056));
#4606=CARTESIAN_POINT('Ctrl Pts',(-3.19464322230396,-19.251660112211,7.2338740172355));
#4607=CARTESIAN_POINT('Ctrl Pts',(-2.98085874934373,-19.6855951990858,6.79993893036074));
#4608=CARTESIAN_POINT('Ctrl Pts',(-2.86023547413215,-19.8756772172145,6.52529390570816));
#4609=CARTESIAN_POINT('Ctrl Pts',(-2.67895958575666,-20.1328939245556,5.91405489353453));
#4610=CARTESIAN_POINT('Ctrl Pts',(-2.6224989991992,-20.1999999999964,5.57621345491476));
#4611=CARTESIAN_POINT('Ctrl Pts',(-2.6224989991992,-20.1999999999964,5.2500002235174));
#4612=CARTESIAN_POINT('Origin',(-6.99999999999999,-24.2999999999963,17.2500002235175));
#4613=CARTESIAN_POINT('',(-6.99999999999999,-24.2999999999963,-6.34999977648246));
#4614=CARTESIAN_POINT('',(-6.49999999999999,-24.2999999999963,-6.34999977648246));
#4615=CARTESIAN_POINT('',(-6.99999999999999,-24.2999999999963,-6.34999977648247));
#4616=CARTESIAN_POINT('',(-6.99999999999999,-24.2999999999963,16.8500002235175));
#4617=CARTESIAN_POINT('',(-6.99999999999999,-24.2999999999963,3.7500001117588));
#4618=CARTESIAN_POINT('',(-6.49999999999999,-24.2999999999963,16.8500002235175));
#4619=CARTESIAN_POINT('',(-6.99999999999999,-24.2999999999963,16.8500002235175));
#4620=CARTESIAN_POINT('',(-6.49999999999999,-24.2999999999963,11.2500002235175));
#4621=CARTESIAN_POINT('Origin',(-6.99999999999999,-10.6999999999963,16.8500002235175));
#4622=CARTESIAN_POINT('',(-6.99999999999999,-11.0999999999963,16.8500002235175));
#4623=CARTESIAN_POINT('',(-6.99999999999999,-9.94999999999825,16.8500002235175));
#4624=CARTESIAN_POINT('',(-6.49999999999999,-11.0999999999963,16.8500002235175));
#4625=CARTESIAN_POINT('',(-6.99999999999999,-11.0999999999963,16.8500002235175));
#4626=CARTESIAN_POINT('',(-6.49999999999999,-14.1999999999963,16.8500002235175));
#4627=CARTESIAN_POINT('Origin',(-6.99999999999999,-11.0999999999963,-6.74999977648246));
#4628=CARTESIAN_POINT('',(-6.49999999999999,-11.0999999999963,-6.34999977648246));
#4629=CARTESIAN_POINT('',(-6.99999999999999,-11.0999999999963,-6.34999977648246));
#4630=CARTESIAN_POINT('',(-6.99999999999999,-11.0999999999963,-6.34999977648246));
#4631=CARTESIAN_POINT('',(-6.49999999999999,-11.0999999999963,-0.74999977648246));
#4632=CARTESIAN_POINT('',(-6.99999999999999,-11.0999999999963,-8.24999988824123));
#4633=CARTESIAN_POINT('Origin',(-6.49999999999999,-17.6999999999963,5.2500002235175));
#4634=CARTESIAN_POINT('',(-6.49999999999999,-21.1999999999963,-6.34999977648247));
#4635=CARTESIAN_POINT('Origin',(-6.99999999999999,-24.6999999999963,-6.34999977648246));
#4636=CARTESIAN_POINT('',(-6.99999999999999,-16.9499999999981,-6.34999977648247));
#4637=CARTESIAN_POINT('Origin',(-5.59999999999999,-17.6999999999964,5.2500002235174));
#4638=CARTESIAN_POINT('',(-5.59999999999999,-15.1999999999964,5.2500002235174));
#4639=CARTESIAN_POINT('Origin',(-5.59999999999999,-17.6999999999964,5.2500002235174));
#4640=CARTESIAN_POINT('Origin',(0.500000000000004,-17.6999999999964,1.75));
#4641=CARTESIAN_POINT('',(0.500000000000004,-17.6999999999964,-0.75));
#4642=CARTESIAN_POINT('Origin',(0.500000000000004,-17.6999999999964,1.75));
#4643=CARTESIAN_POINT('Origin',(0.500000000000006,-24.1999999999999,5.25));
#4644=CARTESIAN_POINT('',(-2.09999999999877,-24.1999999999999,5.2500002235174));
#4645=CARTESIAN_POINT('Origin',(0.500000000001227,-24.1999999999999,5.2500002235174));
#4646=CARTESIAN_POINT('Origin',(-4.99999999999877,-26.1999999999999,-0.249999776482581));
#4647=CARTESIAN_POINT('',(-4.99999999999877,-25.2,2.5000002235174));
#4648=CARTESIAN_POINT('',(-4.99999999999999,-32.8000000000001,-9.75));
#4649=CARTESIAN_POINT('',(-4.99999999999878,-30.75,16.7500004023314));
#4650=CARTESIAN_POINT('Origin',(-4.99999999999878,-29.,16.7500004023314));
#4651=CARTESIAN_POINT('Origin',(0.500000000001227,-23.6999999999999,5.2500002235174));
#4652=CARTESIAN_POINT('',(-2.09999999999877,-23.6999999999999,5.2500002235174));
#4653=CARTESIAN_POINT('Origin',(-5.49999999999999,-17.6999999999964,5.2500002235174));
#4654=CARTESIAN_POINT('',(-5.49999999999999,-15.1999999999964,5.2500002235174));
#4655=CARTESIAN_POINT('Origin',(15.,-7.69999999999995,-11.25));
#4656=CARTESIAN_POINT('',(15.,-9.44999999999995,-11.25));
#4657=CARTESIAN_POINT('Origin',(15.,-7.69999999999995,-11.25));
#4658=CARTESIAN_POINT('',(-7.,-9.44999999999995,-11.25));
#4659=CARTESIAN_POINT('',(15.,-9.44999999999995,-11.25));
#4660=CARTESIAN_POINT('Origin',(-7.,-7.69999999999994,-11.25));
#4661=CARTESIAN_POINT('Origin',(15.,-29.,16.7500004023314));
#4662=CARTESIAN_POINT('',(-7.00000000000001,-30.7499999999999,16.7500004023314));
#4663=CARTESIAN_POINT('',(15.,-30.75,16.7500004023314));
#4664=CARTESIAN_POINT('Origin',(-7.00000000000001,-28.9999999999999,16.7500004023314));
#4665=CARTESIAN_POINT('Origin',(10.,-32.8,10.250000372529));
#4666=CARTESIAN_POINT('',(8.25000000000001,-25.2000000000001,10.250000372529));
#4667=CARTESIAN_POINT('Origin',(10.,-25.2000000000001,10.250000372529));
#4668=CARTESIAN_POINT('',(8.25,-32.8,10.250000372529));
#4669=CARTESIAN_POINT('Origin',(5.55111512312578E-15,-32.8,-5.75));
#4670=CARTESIAN_POINT('',(-1.74999999999999,-25.2,-5.75));
#4671=CARTESIAN_POINT('Origin',(7.7715611723761E-15,-25.2,-5.75));
#4672=CARTESIAN_POINT('',(-1.74999999999999,-32.8,-5.75));
#4673=CARTESIAN_POINT('Origin',(15.,-26.2,-9.75));
#4674=CARTESIAN_POINT('',(15.,-25.2000000000001,-9.75));
#4675=CARTESIAN_POINT('Origin',(-6.,-32.8000000000001,5.2500002235174));
#4676=CARTESIAN_POINT('',(-7.00000000000001,-32.8,-14.75));
#4677=CARTESIAN_POINT('Origin',(-7.99999999999999,-25.2,-9.75));
#4678=CARTESIAN_POINT('Origin',(-6.99999999999999,-9.19999999999995,-9.75));
#4679=CARTESIAN_POINT('Origin',(0.500000000001229,-17.6999999999964,20.25));
#4680=UNCERTAINTY_MEASURE_WITH_UNIT(LENGTH_MEASURE(0.01),#4684,
'DISTANCE_ACCURACY_VALUE',
'Maximum model space distance between geometric entities at asserted c
onnectivities');
#4681=UNCERTAINTY_MEASURE_WITH_UNIT(LENGTH_MEASURE(0.01),#4684,
'DISTANCE_ACCURACY_VALUE',
'Maximum model space distance between geometric entities at asserted c
onnectivities');
#4682=(
GEOMETRIC_REPRESENTATION_CONTEXT(3)
GLOBAL_UNCERTAINTY_ASSIGNED_CONTEXT((#4680))
GLOBAL_UNIT_ASSIGNED_CONTEXT((#4684,#4686,#4687))
REPRESENTATION_CONTEXT('','3D')
);
#4683=(
GEOMETRIC_REPRESENTATION_CONTEXT(3)
GLOBAL_UNCERTAINTY_ASSIGNED_CONTEXT((#4681))
GLOBAL_UNIT_ASSIGNED_CONTEXT((#4684,#4686,#4687))
REPRESENTATION_CONTEXT('','3D')
);
#4684=(
LENGTH_UNIT()
NAMED_UNIT(*)
SI_UNIT(.MILLI.,.METRE.)
);
#4685=(
LENGTH_UNIT()
NAMED_UNIT(*)
SI_UNIT($,.METRE.)
);
#4686=(
NAMED_UNIT(*)
PLANE_ANGLE_UNIT()
SI_UNIT($,.RADIAN.)
);
#4687=(
NAMED_UNIT(*)
SI_UNIT($,.STERADIAN.)
SOLID_ANGLE_UNIT()
);
#4688=SHAPE_DEFINITION_REPRESENTATION(#4689,#4690);
#4689=PRODUCT_DEFINITION_SHAPE('',$,#4692);
#4690=SHAPE_REPRESENTATION('',(#2726),#4682);
#4691=PRODUCT_DEFINITION_CONTEXT('part definition',#4696,'design');
#4692=PRODUCT_DEFINITION('A Main Body','A Main Body MODIFIED v2',#4693,
#4691);
#4693=PRODUCT_DEFINITION_FORMATION('',$,#4698);
#4694=PRODUCT_RELATED_PRODUCT_CATEGORY('A Main Body MODIFIED v2',
'A Main Body MODIFIED v2',(#4698));
#4695=APPLICATION_PROTOCOL_DEFINITION('international standard',
'automotive_design',2009,#4696);
#4696=APPLICATION_CONTEXT(
'Core Data for Automotive Mechanical Design Process');
#4697=PRODUCT_CONTEXT('part definition',#4696,'mechanical');
#4698=PRODUCT('A Main Body','A Main Body MODIFIED v2',$,(#4697));
#4699=PRESENTATION_STYLE_ASSIGNMENT((#4701));
#4700=PRESENTATION_STYLE_ASSIGNMENT((#4702));
#4701=SURFACE_STYLE_USAGE(.BOTH.,#4703);
#4702=SURFACE_STYLE_USAGE(.BOTH.,#4704);
#4703=SURFACE_SIDE_STYLE('',(#4705));
#4704=SURFACE_SIDE_STYLE('',(#4706));
#4705=SURFACE_STYLE_FILL_AREA(#4707);
#4706=SURFACE_STYLE_FILL_AREA(#4708);
#4707=FILL_AREA_STYLE('Stahl - satiniert',(#4709));
#4708=FILL_AREA_STYLE('Opaque(160,160,160)',(#4710));
#4709=FILL_AREA_STYLE_COLOUR('Stahl - satiniert',#4711);
#4710=FILL_AREA_STYLE_COLOUR('Opaque(160,160,160)',#4712);
#4711=COLOUR_RGB('Stahl - satiniert',0.627450980392157,0.627450980392157,
0.627450980392157);
#4712=COLOUR_RGB('Opaque(160,160,160)',0.627450980392157,0.627450980392157,
0.627450980392157);
ENDSEC;
END-ISO-10303-21;
