ISO-10303-21;
HEADER;
/* Generated by software containing ST-Developer
 * from STEP Tools, Inc. (www.steptools.com) 
 */

FILE_DESCRIPTION(
/* description */ (''),
/* implementation_level */ '2;1');

FILE_NAME(
/* name */ 'C Emission Housing v3.step',
/* time_stamp */ '2026-08-05T19:04:34+02:00',
/* author */ (''),
/* organization */ (''),
/* preprocessor_version */ 'ST-DEVELOPER v20.1',
/* originating_system */ 'Autodesk Translation Framework v15.8.0.0',
/* authorisation */ '');

FILE_SCHEMA (('AUTOMOTIVE_DESIGN { 1 0 10303 214 3 1 1 }'));
ENDSEC;

DATA;
#10=MECHANICAL_DESIGN_GEOMETRIC_PRESENTATION_REPRESENTATION('',(#13),#3775);
#11=SHAPE_REPRESENTATION_RELATIONSHIP('SRR','None',#3782,#12);
#12=ADVANCED_BREP_SHAPE_REPRESENTATION('',(#14),#3774);
#13=STYLED_ITEM('',(#3792),#14);
#14=MANIFOLD_SOLID_BREP('C Emission Housing modified',#2031);
#15=B_SPLINE_CURVE_WITH_KNOTS('',3,(#2519,#2520,#2521,#2522,#2523),
 .UNSPECIFIED.,.F.,.F.,(4,1,4),(0.,0.0182860703302617,0.0451695315837152),
 .UNSPECIFIED.);
#16=B_SPLINE_CURVE_WITH_KNOTS('',3,(#2526,#2527,#2528,#2529,#2530),
 .UNSPECIFIED.,.F.,.F.,(4,1,4),(0.,0.0182860703302617,0.0451695315837152),
 .UNSPECIFIED.);
#17=B_SPLINE_CURVE_WITH_KNOTS('',3,(#2542,#2543,#2544,#2545,#2546),
 .UNSPECIFIED.,.F.,.F.,(4,1,4),(0.,0.0126462175510519,0.0260427105056675),
 .UNSPECIFIED.);
#18=B_SPLINE_CURVE_WITH_KNOTS('',3,(#2549,#2550,#2551,#2552,#2553),
 .UNSPECIFIED.,.F.,.F.,(4,1,4),(0.,0.0126462175510519,0.0260427105056675),
 .UNSPECIFIED.);
#19=B_SPLINE_CURVE_WITH_KNOTS('',3,(#2565,#2566,#2567,#2568,#2569),
 .UNSPECIFIED.,.F.,.F.,(4,1,4),(0.,0.0127626555621444,0.0252801549743448),
 .UNSPECIFIED.);
#20=B_SPLINE_CURVE_WITH_KNOTS('',3,(#2572,#2573,#2574,#2575,#2576),
 .UNSPECIFIED.,.F.,.F.,(4,1,4),(0.,0.0127626555621444,0.0252801549743448),
 .UNSPECIFIED.);
#21=B_SPLINE_CURVE_WITH_KNOTS('',3,(#2588,#2589,#2590,#2591,#2592),
 .UNSPECIFIED.,.F.,.F.,(4,1,4),(0.,0.00831375458336121,0.0182769099161951),
 .UNSPECIFIED.);
#22=B_SPLINE_CURVE_WITH_KNOTS('',3,(#2595,#2596,#2597,#2598,#2599),
 .UNSPECIFIED.,.F.,.F.,(4,1,4),(0.,0.00831375458336121,0.0182769099161951),
 .UNSPECIFIED.);
#23=B_SPLINE_CURVE_WITH_KNOTS('',3,(#2611,#2612,#2613,#2614,#2615),
 .UNSPECIFIED.,.F.,.F.,(4,1,4),(0.,0.00893481611558457,0.016911629088355),
 .UNSPECIFIED.);
#24=B_SPLINE_CURVE_WITH_KNOTS('',3,(#2618,#2619,#2620,#2621,#2622),
 .UNSPECIFIED.,.F.,.F.,(4,1,4),(0.,0.00893481611558457,0.016911629088355),
 .UNSPECIFIED.);
#25=B_SPLINE_CURVE_WITH_KNOTS('',3,(#2634,#2635,#2636,#2637,#2638),
 .UNSPECIFIED.,.F.,.F.,(4,1,4),(0.,0.0261026949339133,0.0411165444675301),
 .UNSPECIFIED.);
#26=B_SPLINE_CURVE_WITH_KNOTS('',3,(#2641,#2642,#2643,#2644,#2645),
 .UNSPECIFIED.,.F.,.F.,(4,1,4),(0.,0.0261026949339133,0.0411165444675301),
 .UNSPECIFIED.);
#27=B_SPLINE_CURVE_WITH_KNOTS('',3,(#2675,#2676,#2677,#2678,#2679),
 .UNSPECIFIED.,.F.,.F.,(4,1,4),(0.,0.0186773433161868,0.0452808080558751),
 .UNSPECIFIED.);
#28=B_SPLINE_CURVE_WITH_KNOTS('',3,(#2682,#2683,#2684,#2685,#2686),
 .UNSPECIFIED.,.F.,.F.,(4,1,4),(0.,0.0186773433161868,0.0452808080558751),
 .UNSPECIFIED.);
#29=B_SPLINE_CURVE_WITH_KNOTS('',3,(#2698,#2699,#2700,#2701,#2702),
 .UNSPECIFIED.,.F.,.F.,(4,1,4),(0.,0.0128965965947277,0.0268530529847677),
 .UNSPECIFIED.);
#30=B_SPLINE_CURVE_WITH_KNOTS('',3,(#2705,#2706,#2707,#2708,#2709),
 .UNSPECIFIED.,.F.,.F.,(4,1,4),(0.,0.0128965965947277,0.0268530529847677),
 .UNSPECIFIED.);
#31=B_SPLINE_CURVE_WITH_KNOTS('',3,(#2721,#2722,#2723,#2724,#2725),
 .UNSPECIFIED.,.F.,.F.,(4,1,4),(0.,0.0118594129987552,0.0241684921417268),
 .UNSPECIFIED.);
#32=B_SPLINE_CURVE_WITH_KNOTS('',3,(#2728,#2729,#2730,#2731,#2732),
 .UNSPECIFIED.,.F.,.F.,(4,1,4),(0.,0.0118594129987552,0.0241684921417268),
 .UNSPECIFIED.);
#33=B_SPLINE_CURVE_WITH_KNOTS('',3,(#2744,#2745,#2746,#2747,#2748),
 .UNSPECIFIED.,.F.,.F.,(4,1,4),(0.,0.0136897335171327,0.0284397351425157),
 .UNSPECIFIED.);
#34=B_SPLINE_CURVE_WITH_KNOTS('',3,(#2751,#2752,#2753,#2754,#2755),
 .UNSPECIFIED.,.F.,.F.,(4,1,4),(0.,0.0136897335171327,0.0284397351425157),
 .UNSPECIFIED.);
#35=B_SPLINE_CURVE_WITH_KNOTS('',3,(#2767,#2768,#2769,#2770,#2771),
 .UNSPECIFIED.,.F.,.F.,(4,1,4),(0.,0.0266443245850044,0.0424280974598561),
 .UNSPECIFIED.);
#36=B_SPLINE_CURVE_WITH_KNOTS('',3,(#2774,#2775,#2776,#2777,#2778),
 .UNSPECIFIED.,.F.,.F.,(4,1,4),(0.,0.0266443245850044,0.0424280974598561),
 .UNSPECIFIED.);
#37=B_SPLINE_CURVE_WITH_KNOTS('',3,(#2808,#2809,#2810,#2811,#2812),
 .UNSPECIFIED.,.F.,.F.,(4,1,4),(0.,0.0187487759549147,0.045597437969114),
 .UNSPECIFIED.);
#38=B_SPLINE_CURVE_WITH_KNOTS('',3,(#2815,#2816,#2817,#2818,#2819),
 .UNSPECIFIED.,.F.,.F.,(4,1,4),(0.,0.0187487759549147,0.045597437969114),
 .UNSPECIFIED.);
#39=B_SPLINE_CURVE_WITH_KNOTS('',3,(#2831,#2832,#2833,#2834,#2835),
 .UNSPECIFIED.,.F.,.F.,(4,1,4),(0.,0.018802691881777,0.0382873510360622),
 .UNSPECIFIED.);
#40=B_SPLINE_CURVE_WITH_KNOTS('',3,(#2838,#2839,#2840,#2841,#2842),
 .UNSPECIFIED.,.F.,.F.,(4,1,4),(0.,0.018802691881777,0.0382873510360622),
 .UNSPECIFIED.);
#41=B_SPLINE_CURVE_WITH_KNOTS('',3,(#2854,#2855,#2856,#2857,#2858),
 .UNSPECIFIED.,.F.,.F.,(4,1,4),(0.,0.022234122447326,0.0420419779724667),
 .UNSPECIFIED.);
#42=B_SPLINE_CURVE_WITH_KNOTS('',3,(#2861,#2862,#2863,#2864,#2865),
 .UNSPECIFIED.,.F.,.F.,(4,1,4),(0.,0.022234122447326,0.0420419779724667),
 .UNSPECIFIED.);
#43=B_SPLINE_CURVE_WITH_KNOTS('',3,(#2877,#2878,#2879,#2880,#2881),
 .UNSPECIFIED.,.F.,.F.,(4,1,4),(0.,0.0183106484593162,0.0367005446863949),
 .UNSPECIFIED.);
#44=B_SPLINE_CURVE_WITH_KNOTS('',3,(#2884,#2885,#2886,#2887,#2888),
 .UNSPECIFIED.,.F.,.F.,(4,1,4),(0.,0.0183106484593162,0.0367005446863949),
 .UNSPECIFIED.);
#45=B_SPLINE_CURVE_WITH_KNOTS('',3,(#2900,#2901,#2902,#2903,#2904),
 .UNSPECIFIED.,.F.,.F.,(4,1,4),(0.,0.0212722003980265,0.0405838051663304),
 .UNSPECIFIED.);
#46=B_SPLINE_CURVE_WITH_KNOTS('',3,(#2907,#2908,#2909,#2910,#2911),
 .UNSPECIFIED.,.F.,.F.,(4,1,4),(0.,0.0212722003980265,0.0405838051663304),
 .UNSPECIFIED.);
#47=B_SPLINE_CURVE_WITH_KNOTS('',3,(#2923,#2924,#2925,#2926,#2927),
 .UNSPECIFIED.,.F.,.F.,(4,1,4),(0.,0.017651903456236,0.0365304624865889),
 .UNSPECIFIED.);
#48=B_SPLINE_CURVE_WITH_KNOTS('',3,(#2930,#2931,#2932,#2933,#2934),
 .UNSPECIFIED.,.F.,.F.,(4,1,4),(0.,0.017651903456236,0.0365304624865889),
 .UNSPECIFIED.);
#49=B_SPLINE_CURVE_WITH_KNOTS('',3,(#2946,#2947,#2948,#2949,#2950),
 .UNSPECIFIED.,.F.,.F.,(4,1,4),(0.,0.0196098666014005,0.0375380465595907),
 .UNSPECIFIED.);
#50=B_SPLINE_CURVE_WITH_KNOTS('',3,(#2953,#2954,#2955,#2956,#2957),
 .UNSPECIFIED.,.F.,.F.,(4,1,4),(0.,0.0196098666014005,0.0375380465595907),
 .UNSPECIFIED.);
#51=B_SPLINE_CURVE_WITH_KNOTS('',3,(#2969,#2970,#2971,#2972,#2973),
 .UNSPECIFIED.,.F.,.F.,(4,1,4),(0.,0.0405399049643991,0.0781269458565521),
 .UNSPECIFIED.);
#52=B_SPLINE_CURVE_WITH_KNOTS('',3,(#2976,#2977,#2978,#2979,#2980),
 .UNSPECIFIED.,.F.,.F.,(4,1,4),(0.,0.0405399049643991,0.0781269458565521),
 .UNSPECIFIED.);
#53=B_SPLINE_CURVE_WITH_KNOTS('',3,(#3082,#3083,#3084,#3085,#3086),
 .UNSPECIFIED.,.F.,.F.,(4,1,4),(0.,0.020515425132991,0.0440466970859272),
 .UNSPECIFIED.);
#54=B_SPLINE_CURVE_WITH_KNOTS('',3,(#3090,#3091,#3092,#3093,#3094),
 .UNSPECIFIED.,.F.,.F.,(4,1,4),(0.,0.020515425132991,0.0440466970859272),
 .UNSPECIFIED.);
#55=B_SPLINE_CURVE_WITH_KNOTS('',3,(#3113,#3114,#3115,#3116,#3117),
 .UNSPECIFIED.,.F.,.F.,(4,1,4),(0.,0.0237798318447725,0.0465754723408624),
 .UNSPECIFIED.);
#56=B_SPLINE_CURVE_WITH_KNOTS('',3,(#3120,#3121,#3122,#3123,#3124),
 .UNSPECIFIED.,.F.,.F.,(4,1,4),(0.,0.0237798318447725,0.0465754723408624),
 .UNSPECIFIED.);
#57=B_SPLINE_CURVE_WITH_KNOTS('',3,(#3136,#3137,#3138,#3139,#3140),
 .UNSPECIFIED.,.F.,.F.,(4,1,4),(0.,0.0356998115252199,0.0637920167309855),
 .UNSPECIFIED.);
#58=B_SPLINE_CURVE_WITH_KNOTS('',3,(#3143,#3144,#3145,#3146,#3147),
 .UNSPECIFIED.,.F.,.F.,(4,1,4),(0.,0.0356998115252199,0.0637920167309855),
 .UNSPECIFIED.);
#59=B_SPLINE_CURVE_WITH_KNOTS('',3,(#3165,#3166,#3167,#3168,#3169),
 .UNSPECIFIED.,.F.,.F.,(4,1,4),(0.,0.0338595453129818,0.0752244582263429),
 .UNSPECIFIED.);
#60=B_SPLINE_CURVE_WITH_KNOTS('',3,(#3172,#3173,#3174,#3175,#3176),
 .UNSPECIFIED.,.F.,.F.,(4,1,4),(0.,0.0338595453129818,0.0752244582263429),
 .UNSPECIFIED.);
#61=B_SPLINE_CURVE_WITH_KNOTS('',3,(#3206,#3207,#3208,#3209,#3210),
 .UNSPECIFIED.,.F.,.F.,(4,1,4),(0.,0.0148241335531177,0.0363549913966081),
 .UNSPECIFIED.);
#62=B_SPLINE_CURVE_WITH_KNOTS('',3,(#3213,#3214,#3215,#3216,#3217),
 .UNSPECIFIED.,.F.,.F.,(4,1,4),(0.,0.0148241335531177,0.0363549913966081),
 .UNSPECIFIED.);
#63=B_SPLINE_CURVE_WITH_KNOTS('',3,(#3229,#3230,#3231,#3232,#3233),
 .UNSPECIFIED.,.F.,.F.,(4,1,4),(0.,0.0232463605799069,0.0386438883496016),
 .UNSPECIFIED.);
#64=B_SPLINE_CURVE_WITH_KNOTS('',3,(#3236,#3237,#3238,#3239,#3240),
 .UNSPECIFIED.,.F.,.F.,(4,1,4),(0.,0.0232463605799069,0.0386438883496016),
 .UNSPECIFIED.);
#65=B_SPLINE_CURVE_WITH_KNOTS('',3,(#3257,#3258,#3259,#3260,#3261),
 .UNSPECIFIED.,.F.,.F.,(4,1,4),(0.,0.0288400695665253,0.065254278314556),
 .UNSPECIFIED.);
#66=B_SPLINE_CURVE_WITH_KNOTS('',3,(#3262,#3263,#3264,#3265,#3266),
 .UNSPECIFIED.,.F.,.F.,(4,1,4),(0.,0.0288400695665253,0.065254278314556),
 .UNSPECIFIED.);
#67=B_SPLINE_CURVE_WITH_KNOTS('',3,(#3280,#3281,#3282,#3283,#3284),
 .UNSPECIFIED.,.F.,.F.,(4,1,4),(0.,0.0379741380624444,0.0751166903688985),
 .UNSPECIFIED.);
#68=B_SPLINE_CURVE_WITH_KNOTS('',3,(#3288,#3289,#3290,#3291,#3292),
 .UNSPECIFIED.,.F.,.F.,(4,1,4),(0.,0.0379741380624444,0.0751166903688985),
 .UNSPECIFIED.);
#69=B_SPLINE_CURVE_WITH_KNOTS('',3,(#3305,#3306,#3307,#3308,#3309),
 .UNSPECIFIED.,.F.,.F.,(4,1,4),(0.,0.0494922333290079,0.0999596424082129),
 .UNSPECIFIED.);
#70=B_SPLINE_CURVE_WITH_KNOTS('',3,(#3312,#3313,#3314,#3315,#3316),
 .UNSPECIFIED.,.F.,.F.,(4,1,4),(0.,0.0494922333290079,0.0999596424082129),
 .UNSPECIFIED.);
#71=B_SPLINE_CURVE_WITH_KNOTS('',3,(#3328,#3329,#3330,#3331,#3332),
 .UNSPECIFIED.,.F.,.F.,(4,1,4),(0.,0.081619867134364,0.141270980576574),
 .UNSPECIFIED.);
#72=B_SPLINE_CURVE_WITH_KNOTS('',3,(#3335,#3336,#3337,#3338,#3339),
 .UNSPECIFIED.,.F.,.F.,(4,1,4),(0.,0.081619867134364,0.141270980576574),
 .UNSPECIFIED.);
#73=B_SPLINE_CURVE_WITH_KNOTS('',3,(#3351,#3352,#3353,#3354,#3355),
 .UNSPECIFIED.,.F.,.F.,(4,1,4),(0.,0.0583614286029684,0.135841492811242),
 .UNSPECIFIED.);
#74=B_SPLINE_CURVE_WITH_KNOTS('',3,(#3358,#3359,#3360,#3361,#3362),
 .UNSPECIFIED.,.F.,.F.,(4,1,4),(0.,0.0583614286029684,0.135841492811242),
 .UNSPECIFIED.);
#75=B_SPLINE_CURVE_WITH_KNOTS('',3,(#3374,#3375,#3376,#3377,#3378),
 .UNSPECIFIED.,.F.,.F.,(4,1,4),(0.,0.0513284275920811,0.101174952202602),
 .UNSPECIFIED.);
#76=B_SPLINE_CURVE_WITH_KNOTS('',3,(#3381,#3382,#3383,#3384,#3385),
 .UNSPECIFIED.,.F.,.F.,(4,1,4),(0.,0.0513284275920811,0.101174952202602),
 .UNSPECIFIED.);
#77=B_SPLINE_CURVE_WITH_KNOTS('',3,(#3397,#3398,#3399,#3400,#3401),
 .UNSPECIFIED.,.F.,.F.,(4,1,4),(0.,0.0354438271573377,0.0730855063852094),
 .UNSPECIFIED.);
#78=B_SPLINE_CURVE_WITH_KNOTS('',3,(#3404,#3405,#3406,#3407,#3408),
 .UNSPECIFIED.,.F.,.F.,(4,1,4),(0.,0.0354438271573377,0.0730855063852094),
 .UNSPECIFIED.);
#79=B_SPLINE_CURVE_WITH_KNOTS('',3,(#3420,#3421,#3422,#3423,#3424),
 .UNSPECIFIED.,.F.,.F.,(4,1,4),(0.,0.0373835332803168,0.0727608106948474),
 .UNSPECIFIED.);
#80=B_SPLINE_CURVE_WITH_KNOTS('',3,(#3427,#3428,#3429,#3430,#3431),
 .UNSPECIFIED.,.F.,.F.,(4,1,4),(0.,0.0373835332803168,0.0727608106948474),
 .UNSPECIFIED.);
#81=B_SPLINE_CURVE_WITH_KNOTS('',3,(#3449,#3450,#3451,#3452,#3453),
 .UNSPECIFIED.,.F.,.F.,(4,1,4),(0.,0.0491493377695045,0.106308388861039),
 .UNSPECIFIED.);
#82=B_SPLINE_CURVE_WITH_KNOTS('',3,(#3456,#3457,#3458,#3459,#3460),
 .UNSPECIFIED.,.F.,.F.,(4,1,4),(0.,0.0491493377695045,0.106308388861039),
 .UNSPECIFIED.);
#83=B_SPLINE_CURVE_WITH_KNOTS('',3,(#3472,#3473,#3474,#3475,#3476),
 .UNSPECIFIED.,.F.,.F.,(4,1,4),(0.,0.0842325685774177,0.161681999499946),
 .UNSPECIFIED.);
#84=B_SPLINE_CURVE_WITH_KNOTS('',3,(#3479,#3480,#3481,#3482,#3483),
 .UNSPECIFIED.,.F.,.F.,(4,1,4),(0.,0.0842325685774177,0.161681999499946),
 .UNSPECIFIED.);
#85=B_SPLINE_CURVE_WITH_KNOTS('',3,(#3495,#3496,#3497,#3498,#3499),
 .UNSPECIFIED.,.F.,.F.,(4,1,4),(0.,0.0908265859337084,0.187285624035049),
 .UNSPECIFIED.);
#86=B_SPLINE_CURVE_WITH_KNOTS('',3,(#3502,#3503,#3504,#3505,#3506),
 .UNSPECIFIED.,.F.,.F.,(4,1,4),(0.,0.0908265859337084,0.187285624035049),
 .UNSPECIFIED.);
#87=B_SPLINE_CURVE_WITH_KNOTS('',3,(#3518,#3519,#3520,#3521,#3522),
 .UNSPECIFIED.,.F.,.F.,(4,1,4),(0.,0.112053369225706,0.208112698188175),
 .UNSPECIFIED.);
#88=B_SPLINE_CURVE_WITH_KNOTS('',3,(#3525,#3526,#3527,#3528,#3529),
 .UNSPECIFIED.,.F.,.F.,(4,1,4),(0.,0.112053369225706,0.208112698188175),
 .UNSPECIFIED.);
#89=B_SPLINE_CURVE_WITH_KNOTS('',3,(#3541,#3542,#3543,#3544,#3545),
 .UNSPECIFIED.,.F.,.F.,(4,1,4),(0.,0.0937994424338441,0.200526861645887),
 .UNSPECIFIED.);
#90=B_SPLINE_CURVE_WITH_KNOTS('',3,(#3548,#3549,#3550,#3551,#3552),
 .UNSPECIFIED.,.F.,.F.,(4,1,4),(0.,0.0937994424338441,0.200526861645887),
 .UNSPECIFIED.);
#91=B_SPLINE_CURVE_WITH_KNOTS('',3,(#3564,#3565,#3566,#3567,#3568),
 .UNSPECIFIED.,.F.,.F.,(4,1,4),(0.,0.0923040327276624,0.181362679806226),
 .UNSPECIFIED.);
#92=B_SPLINE_CURVE_WITH_KNOTS('',3,(#3571,#3572,#3573,#3574,#3575),
 .UNSPECIFIED.,.F.,.F.,(4,1,4),(0.,0.0923040327276624,0.181362679806226),
 .UNSPECIFIED.);
#93=B_SPLINE_CURVE_WITH_KNOTS('',3,(#3587,#3588,#3589,#3590,#3591),
 .UNSPECIFIED.,.F.,.F.,(4,1,4),(0.,0.0664453384059605,0.140570617052141),
 .UNSPECIFIED.);
#94=B_SPLINE_CURVE_WITH_KNOTS('',3,(#3594,#3595,#3596,#3597,#3598),
 .UNSPECIFIED.,.F.,.F.,(4,1,4),(0.,0.0664453384059605,0.140570617052141),
 .UNSPECIFIED.);
#95=B_SPLINE_CURVE_WITH_KNOTS('',3,(#3610,#3611,#3612,#3613,#3614),
 .UNSPECIFIED.,.F.,.F.,(4,1,4),(0.,0.0773661247751158,0.144759324901276),
 .UNSPECIFIED.);
#96=B_SPLINE_CURVE_WITH_KNOTS('',3,(#3617,#3618,#3619,#3620,#3621),
 .UNSPECIFIED.,.F.,.F.,(4,1,4),(0.,0.0773661247751158,0.144759324901276),
 .UNSPECIFIED.);
#97=B_SPLINE_CURVE_WITH_KNOTS('',3,(#3638,#3639,#3640,#3641,#3642),
 .UNSPECIFIED.,.F.,.F.,(4,1,4),(0.,0.0412691122163587,0.0916973057843009),
 .UNSPECIFIED.);
#98=B_SPLINE_CURVE_WITH_KNOTS('',3,(#3643,#3644,#3645,#3646,#3647),
 .UNSPECIFIED.,.F.,.F.,(4,1,4),(0.,0.0412691122163587,0.0916973057843009),
 .UNSPECIFIED.);
#99=B_SPLINE_SURFACE_WITH_KNOTS('',3,1,((#2508,#2509),(#2510,#2511),(#2512,
#2513),(#2514,#2515),(#2516,#2517)),.UNSPECIFIED.,.F.,.F.,.F.,(4,1,4),(2,
2),(0.,0.0182860703302617,0.0451695315837152),(0.,0.0599999999999998),
 .UNSPECIFIED.);
#100=B_SPLINE_SURFACE_WITH_KNOTS('',3,1,((#2531,#2532),(#2533,#2534),(#2535,
#2536),(#2537,#2538),(#2539,#2540)),.UNSPECIFIED.,.F.,.F.,.F.,(4,1,4),(2,
2),(0.,0.0126462175510519,0.0260427105056675),(0.,0.0599999999999998),
 .UNSPECIFIED.);
#101=B_SPLINE_SURFACE_WITH_KNOTS('',3,1,((#2554,#2555),(#2556,#2557),(#2558,
#2559),(#2560,#2561),(#2562,#2563)),.UNSPECIFIED.,.F.,.F.,.F.,(4,1,4),(2,
2),(0.,0.0127626555621444,0.0252801549743448),(0.,0.0599999999999998),
 .UNSPECIFIED.);
#102=B_SPLINE_SURFACE_WITH_KNOTS('',3,1,((#2577,#2578),(#2579,#2580),(#2581,
#2582),(#2583,#2584),(#2585,#2586)),.UNSPECIFIED.,.F.,.F.,.F.,(4,1,4),(2,
2),(0.,0.00831375458336121,0.0182769099161951),(0.,0.0600000000000002),
 .UNSPECIFIED.);
#103=B_SPLINE_SURFACE_WITH_KNOTS('',3,1,((#2600,#2601),(#2602,#2603),(#2604,
#2605),(#2606,#2607),(#2608,#2609)),.UNSPECIFIED.,.F.,.F.,.F.,(4,1,4),(2,
2),(0.,0.00893481611558457,0.016911629088355),(0.,0.060000000000001),
 .UNSPECIFIED.);
#104=B_SPLINE_SURFACE_WITH_KNOTS('',3,1,((#2623,#2624),(#2625,#2626),(#2627,
#2628),(#2629,#2630),(#2631,#2632)),.UNSPECIFIED.,.F.,.F.,.F.,(4,1,4),(2,
2),(0.,0.0261026949339133,0.0411165444675301),(0.,0.0600000000000033),
 .UNSPECIFIED.);
#105=B_SPLINE_SURFACE_WITH_KNOTS('',3,1,((#2664,#2665),(#2666,#2667),(#2668,
#2669),(#2670,#2671),(#2672,#2673)),.UNSPECIFIED.,.F.,.F.,.F.,(4,1,4),(2,
2),(0.,0.0186773433161868,0.0452808080558751),(0.,0.0599999999999998),
 .UNSPECIFIED.);
#106=B_SPLINE_SURFACE_WITH_KNOTS('',3,1,((#2687,#2688),(#2689,#2690),(#2691,
#2692),(#2693,#2694),(#2695,#2696)),.UNSPECIFIED.,.F.,.F.,.F.,(4,1,4),(2,
2),(0.,0.0128965965947277,0.0268530529847677),(0.,0.0599999999999998),
 .UNSPECIFIED.);
#107=B_SPLINE_SURFACE_WITH_KNOTS('',3,1,((#2710,#2711),(#2712,#2713),(#2714,
#2715),(#2716,#2717),(#2718,#2719)),.UNSPECIFIED.,.F.,.F.,.F.,(4,1,4),(2,
2),(0.,0.0118594129987552,0.0241684921417268),(0.,0.0599999999999998),
 .UNSPECIFIED.);
#108=B_SPLINE_SURFACE_WITH_KNOTS('',3,1,((#2733,#2734),(#2735,#2736),(#2737,
#2738),(#2739,#2740),(#2741,#2742)),.UNSPECIFIED.,.F.,.F.,.F.,(4,1,4),(2,
2),(0.,0.0136897335171327,0.0284397351425157),(0.,0.0599999999999998),
 .UNSPECIFIED.);
#109=B_SPLINE_SURFACE_WITH_KNOTS('',3,1,((#2756,#2757),(#2758,#2759),(#2760,
#2761),(#2762,#2763),(#2764,#2765)),.UNSPECIFIED.,.F.,.F.,.F.,(4,1,4),(2,
2),(0.,0.0266443245850044,0.0424280974598561),(0.,0.0600000000000034),
 .UNSPECIFIED.);
#110=B_SPLINE_SURFACE_WITH_KNOTS('',3,1,((#2797,#2798),(#2799,#2800),(#2801,
#2802),(#2803,#2804),(#2805,#2806)),.UNSPECIFIED.,.F.,.F.,.F.,(4,1,4),(2,
2),(0.,0.0187487759549147,0.045597437969114),(0.,0.0599999999999998),
 .UNSPECIFIED.);
#111=B_SPLINE_SURFACE_WITH_KNOTS('',3,1,((#2820,#2821),(#2822,#2823),(#2824,
#2825),(#2826,#2827),(#2828,#2829)),.UNSPECIFIED.,.F.,.F.,.F.,(4,1,4),(2,
2),(0.,0.018802691881777,0.0382873510360622),(0.,0.0599999999999998),
 .UNSPECIFIED.);
#112=B_SPLINE_SURFACE_WITH_KNOTS('',3,1,((#2843,#2844),(#2845,#2846),(#2847,
#2848),(#2849,#2850),(#2851,#2852)),.UNSPECIFIED.,.F.,.F.,.F.,(4,1,4),(2,
2),(0.,0.022234122447326,0.0420419779724667),(0.,0.0599999999999998),
 .UNSPECIFIED.);
#113=B_SPLINE_SURFACE_WITH_KNOTS('',3,1,((#2866,#2867),(#2868,#2869),(#2870,
#2871),(#2872,#2873),(#2874,#2875)),.UNSPECIFIED.,.F.,.F.,.F.,(4,1,4),(2,
2),(0.,0.0183106484593162,0.0367005446863949),(0.,0.0600000000000004),
 .UNSPECIFIED.);
#114=B_SPLINE_SURFACE_WITH_KNOTS('',3,1,((#2889,#2890),(#2891,#2892),(#2893,
#2894),(#2895,#2896),(#2897,#2898)),.UNSPECIFIED.,.F.,.F.,.F.,(4,1,4),(2,
2),(0.,0.0212722003980265,0.0405838051663304),(0.,0.060000000000002),
 .UNSPECIFIED.);
#115=B_SPLINE_SURFACE_WITH_KNOTS('',3,1,((#2912,#2913),(#2914,#2915),(#2916,
#2917),(#2918,#2919),(#2920,#2921)),.UNSPECIFIED.,.F.,.F.,.F.,(4,1,4),(2,
2),(0.,0.017651903456236,0.0365304624865889),(0.,0.0599999999999998),
 .UNSPECIFIED.);
#116=B_SPLINE_SURFACE_WITH_KNOTS('',3,1,((#2935,#2936),(#2937,#2938),(#2939,
#2940),(#2941,#2942),(#2943,#2944)),.UNSPECIFIED.,.F.,.F.,.F.,(4,1,4),(2,
2),(0.,0.0196098666014005,0.0375380465595907),(0.,0.0599999999999998),
 .UNSPECIFIED.);
#117=B_SPLINE_SURFACE_WITH_KNOTS('',3,1,((#2958,#2959),(#2960,#2961),(#2962,
#2963),(#2964,#2965),(#2966,#2967)),.UNSPECIFIED.,.F.,.F.,.F.,(4,1,4),(2,
2),(0.,0.0405399049643991,0.0781269458565521),(0.,0.0600000000000028),
 .UNSPECIFIED.);
#118=B_SPLINE_SURFACE_WITH_KNOTS('',3,1,((#3070,#3071),(#3072,#3073),(#3074,
#3075),(#3076,#3077),(#3078,#3079)),.UNSPECIFIED.,.F.,.F.,.F.,(4,1,4),(2,
2),(0.,0.020515425132991,0.0440466970859272),(0.,0.0600000000000025),
 .UNSPECIFIED.);
#119=B_SPLINE_SURFACE_WITH_KNOTS('',3,1,((#3102,#3103),(#3104,#3105),(#3106,
#3107),(#3108,#3109),(#3110,#3111)),.UNSPECIFIED.,.F.,.F.,.F.,(4,1,4),(2,
2),(0.,0.0237798318447725,0.0465754723408624),(0.,0.0599999999999998),
 .UNSPECIFIED.);
#120=B_SPLINE_SURFACE_WITH_KNOTS('',3,1,((#3125,#3126),(#3127,#3128),(#3129,
#3130),(#3131,#3132),(#3133,#3134)),.UNSPECIFIED.,.F.,.F.,.F.,(4,1,4),(2,
2),(0.,0.0356998115252199,0.0637920167309855),(0.,0.0599999999999998),
 .UNSPECIFIED.);
#121=B_SPLINE_SURFACE_WITH_KNOTS('',3,1,((#3154,#3155),(#3156,#3157),(#3158,
#3159),(#3160,#3161),(#3162,#3163)),.UNSPECIFIED.,.F.,.F.,.F.,(4,1,4),(2,
2),(0.,0.0338595453129818,0.0752244582263429),(0.,0.0600000000000192),
 .UNSPECIFIED.);
#122=B_SPLINE_SURFACE_WITH_KNOTS('',3,1,((#3195,#3196),(#3197,#3198),(#3199,
#3200),(#3201,#3202),(#3203,#3204)),.UNSPECIFIED.,.F.,.F.,.F.,(4,1,4),(2,
2),(0.,0.0148241335531177,0.0363549913966081),(0.,0.0599999999999998),
 .UNSPECIFIED.);
#123=B_SPLINE_SURFACE_WITH_KNOTS('',3,1,((#3218,#3219),(#3220,#3221),(#3222,
#3223),(#3224,#3225),(#3226,#3227)),.UNSPECIFIED.,.F.,.F.,.F.,(4,1,4),(2,
2),(0.,0.0232463605799069,0.0386438883496016),(0.,0.0599999999999998),
 .UNSPECIFIED.);
#124=B_SPLINE_SURFACE_WITH_KNOTS('',3,1,((#3247,#3248),(#3249,#3250),(#3251,
#3252),(#3253,#3254),(#3255,#3256)),.UNSPECIFIED.,.F.,.F.,.F.,(4,1,4),(2,
2),(0.,0.0288400695665253,0.065254278314556),(0.,0.0600000000000032),
 .UNSPECIFIED.);
#125=B_SPLINE_SURFACE_WITH_KNOTS('',3,1,((#3268,#3269),(#3270,#3271),(#3272,
#3273),(#3274,#3275),(#3276,#3277)),.UNSPECIFIED.,.F.,.F.,.F.,(4,1,4),(2,
2),(0.,0.0379741380624444,0.0751166903688985),(0.,0.0599999999999998),
 .UNSPECIFIED.);
#126=B_SPLINE_SURFACE_WITH_KNOTS('',3,1,((#3294,#3295),(#3296,#3297),(#3298,
#3299),(#3300,#3301),(#3302,#3303)),.UNSPECIFIED.,.F.,.F.,.F.,(4,1,4),(2,
2),(0.,0.0494922333290079,0.0999596424082129),(0.,0.0599999999999998),
 .UNSPECIFIED.);
#127=B_SPLINE_SURFACE_WITH_KNOTS('',3,1,((#3317,#3318),(#3319,#3320),(#3321,
#3322),(#3323,#3324),(#3325,#3326)),.UNSPECIFIED.,.F.,.F.,.F.,(4,1,4),(2,
2),(0.,0.081619867134364,0.141270980576574),(0.,0.0599999999999998),
 .UNSPECIFIED.);
#128=B_SPLINE_SURFACE_WITH_KNOTS('',3,1,((#3340,#3341),(#3342,#3343),(#3344,
#3345),(#3346,#3347),(#3348,#3349)),.UNSPECIFIED.,.F.,.F.,.F.,(4,1,4),(2,
2),(0.,0.0583614286029684,0.135841492811242),(0.,0.0599999999999998),
 .UNSPECIFIED.);
#129=B_SPLINE_SURFACE_WITH_KNOTS('',3,1,((#3363,#3364),(#3365,#3366),(#3367,
#3368),(#3369,#3370),(#3371,#3372)),.UNSPECIFIED.,.F.,.F.,.F.,(4,1,4),(2,
2),(0.,0.0513284275920811,0.101174952202602),(0.,0.0599999999999998),
 .UNSPECIFIED.);
#130=B_SPLINE_SURFACE_WITH_KNOTS('',3,1,((#3386,#3387),(#3388,#3389),(#3390,
#3391),(#3392,#3393),(#3394,#3395)),.UNSPECIFIED.,.F.,.F.,.F.,(4,1,4),(2,
2),(0.,0.0354438271573377,0.0730855063852094),(0.,0.0599999999999998),
 .UNSPECIFIED.);
#131=B_SPLINE_SURFACE_WITH_KNOTS('',3,1,((#3409,#3410),(#3411,#3412),(#3413,
#3414),(#3415,#3416),(#3417,#3418)),.UNSPECIFIED.,.F.,.F.,.F.,(4,1,4),(2,
2),(0.,0.0373835332803168,0.0727608106948474),(0.,0.0599999999999999),
 .UNSPECIFIED.);
#132=B_SPLINE_SURFACE_WITH_KNOTS('',3,1,((#3438,#3439),(#3440,#3441),(#3442,
#3443),(#3444,#3445),(#3446,#3447)),.UNSPECIFIED.,.F.,.F.,.F.,(4,1,4),(2,
2),(0.,0.0491493377695045,0.106308388861039),(0.,0.0599999999999998),
 .UNSPECIFIED.);
#133=B_SPLINE_SURFACE_WITH_KNOTS('',3,1,((#3461,#3462),(#3463,#3464),(#3465,
#3466),(#3467,#3468),(#3469,#3470)),.UNSPECIFIED.,.F.,.F.,.F.,(4,1,4),(2,
2),(0.,0.0842325685774177,0.161681999499946),(0.,0.0599999999999998),
 .UNSPECIFIED.);
#134=B_SPLINE_SURFACE_WITH_KNOTS('',3,1,((#3484,#3485),(#3486,#3487),(#3488,
#3489),(#3490,#3491),(#3492,#3493)),.UNSPECIFIED.,.F.,.F.,.F.,(4,1,4),(2,
2),(0.,0.0908265859337084,0.187285624035049),(0.,0.0599999999999998),
 .UNSPECIFIED.);
#135=B_SPLINE_SURFACE_WITH_KNOTS('',3,1,((#3507,#3508),(#3509,#3510),(#3511,
#3512),(#3513,#3514),(#3515,#3516)),.UNSPECIFIED.,.F.,.F.,.F.,(4,1,4),(2,
2),(0.,0.112053369225706,0.208112698188175),(0.,0.0599999999999998),
 .UNSPECIFIED.);
#136=B_SPLINE_SURFACE_WITH_KNOTS('',3,1,((#3530,#3531),(#3532,#3533),(#3534,
#3535),(#3536,#3537),(#3538,#3539)),.UNSPECIFIED.,.F.,.F.,.F.,(4,1,4),(2,
2),(0.,0.0937994424338441,0.200526861645887),(0.,0.0599999999999998),
 .UNSPECIFIED.);
#137=B_SPLINE_SURFACE_WITH_KNOTS('',3,1,((#3553,#3554),(#3555,#3556),(#3557,
#3558),(#3559,#3560),(#3561,#3562)),.UNSPECIFIED.,.F.,.F.,.F.,(4,1,4),(2,
2),(0.,0.0923040327276624,0.181362679806226),(0.,0.0599999999999998),
 .UNSPECIFIED.);
#138=B_SPLINE_SURFACE_WITH_KNOTS('',3,1,((#3576,#3577),(#3578,#3579),(#3580,
#3581),(#3582,#3583),(#3584,#3585)),.UNSPECIFIED.,.F.,.F.,.F.,(4,1,4),(2,
2),(0.,0.0664453384059605,0.140570617052141),(0.,0.0599999999999998),
 .UNSPECIFIED.);
#139=B_SPLINE_SURFACE_WITH_KNOTS('',3,1,((#3599,#3600),(#3601,#3602),(#3603,
#3604),(#3605,#3606),(#3607,#3608)),.UNSPECIFIED.,.F.,.F.,.F.,(4,1,4),(2,
2),(0.,0.0773661247751158,0.144759324901276),(0.,0.0599999999999998),
 .UNSPECIFIED.);
#140=B_SPLINE_SURFACE_WITH_KNOTS('',3,1,((#3628,#3629),(#3630,#3631),(#3632,
#3633),(#3634,#3635),(#3636,#3637)),.UNSPECIFIED.,.F.,.F.,.F.,(4,1,4),(2,
2),(0.,0.0412691122163587,0.0916973057843009),(0.,0.0599999999999998),
 .UNSPECIFIED.);
#141=CYLINDRICAL_SURFACE('',#2052,1.75);
#142=CYLINDRICAL_SURFACE('',#2101,1.5);
#143=CYLINDRICAL_SURFACE('',#2102,1.5);
#144=CYLINDRICAL_SURFACE('',#2108,1.75);
#145=CYLINDRICAL_SURFACE('',#2110,1.75);
#146=FACE_BOUND('',#276,.T.);
#147=FACE_BOUND('',#277,.T.);
#148=FACE_BOUND('',#278,.T.);
#149=FACE_BOUND('',#279,.T.);
#150=FACE_BOUND('',#280,.T.);
#151=FACE_BOUND('',#369,.T.);
#152=FACE_BOUND('',#370,.T.);
#153=FACE_BOUND('',#374,.T.);
#154=FACE_BOUND('',#375,.T.);
#155=FACE_BOUND('',#376,.T.);
#156=FACE_BOUND('',#377,.T.);
#157=FACE_BOUND('',#380,.T.);
#158=FACE_BOUND('',#381,.T.);
#159=FACE_BOUND('',#382,.T.);
#160=CIRCLE('',#2047,1.75);
#161=CIRCLE('',#2048,1.75);
#162=CIRCLE('',#2049,1.5);
#163=CIRCLE('',#2050,1.5);
#164=CIRCLE('',#2051,1.75);
#165=CIRCLE('',#2053,1.75);
#166=CIRCLE('',#2099,1.5);
#167=CIRCLE('',#2100,1.5);
#168=CIRCLE('',#2106,1.75);
#169=CIRCLE('',#2107,1.75);
#170=FACE_OUTER_BOUND('',#274,.T.);
#171=FACE_OUTER_BOUND('',#275,.T.);
#172=FACE_OUTER_BOUND('',#281,.T.);
#173=FACE_OUTER_BOUND('',#282,.T.);
#174=FACE_OUTER_BOUND('',#283,.T.);
#175=FACE_OUTER_BOUND('',#284,.T.);
#176=FACE_OUTER_BOUND('',#285,.T.);
#177=FACE_OUTER_BOUND('',#286,.T.);
#178=FACE_OUTER_BOUND('',#287,.T.);
#179=FACE_OUTER_BOUND('',#288,.T.);
#180=FACE_OUTER_BOUND('',#289,.T.);
#181=FACE_OUTER_BOUND('',#290,.T.);
#182=FACE_OUTER_BOUND('',#291,.T.);
#183=FACE_OUTER_BOUND('',#292,.T.);
#184=FACE_OUTER_BOUND('',#293,.T.);
#185=FACE_OUTER_BOUND('',#294,.T.);
#186=FACE_OUTER_BOUND('',#295,.T.);
#187=FACE_OUTER_BOUND('',#296,.T.);
#188=FACE_OUTER_BOUND('',#297,.T.);
#189=FACE_OUTER_BOUND('',#298,.T.);
#190=FACE_OUTER_BOUND('',#299,.T.);
#191=FACE_OUTER_BOUND('',#300,.T.);
#192=FACE_OUTER_BOUND('',#301,.T.);
#193=FACE_OUTER_BOUND('',#302,.T.);
#194=FACE_OUTER_BOUND('',#303,.T.);
#195=FACE_OUTER_BOUND('',#304,.T.);
#196=FACE_OUTER_BOUND('',#305,.T.);
#197=FACE_OUTER_BOUND('',#306,.T.);
#198=FACE_OUTER_BOUND('',#307,.T.);
#199=FACE_OUTER_BOUND('',#308,.T.);
#200=FACE_OUTER_BOUND('',#309,.T.);
#201=FACE_OUTER_BOUND('',#310,.T.);
#202=FACE_OUTER_BOUND('',#311,.T.);
#203=FACE_OUTER_BOUND('',#312,.T.);
#204=FACE_OUTER_BOUND('',#313,.T.);
#205=FACE_OUTER_BOUND('',#314,.T.);
#206=FACE_OUTER_BOUND('',#315,.T.);
#207=FACE_OUTER_BOUND('',#316,.T.);
#208=FACE_OUTER_BOUND('',#317,.T.);
#209=FACE_OUTER_BOUND('',#318,.T.);
#210=FACE_OUTER_BOUND('',#319,.T.);
#211=FACE_OUTER_BOUND('',#320,.T.);
#212=FACE_OUTER_BOUND('',#321,.T.);
#213=FACE_OUTER_BOUND('',#322,.T.);
#214=FACE_OUTER_BOUND('',#323,.T.);
#215=FACE_OUTER_BOUND('',#324,.T.);
#216=FACE_OUTER_BOUND('',#325,.T.);
#217=FACE_OUTER_BOUND('',#326,.T.);
#218=FACE_OUTER_BOUND('',#327,.T.);
#219=FACE_OUTER_BOUND('',#328,.T.);
#220=FACE_OUTER_BOUND('',#329,.T.);
#221=FACE_OUTER_BOUND('',#330,.T.);
#222=FACE_OUTER_BOUND('',#331,.T.);
#223=FACE_OUTER_BOUND('',#332,.T.);
#224=FACE_OUTER_BOUND('',#333,.T.);
#225=FACE_OUTER_BOUND('',#334,.T.);
#226=FACE_OUTER_BOUND('',#335,.T.);
#227=FACE_OUTER_BOUND('',#336,.T.);
#228=FACE_OUTER_BOUND('',#337,.T.);
#229=FACE_OUTER_BOUND('',#338,.T.);
#230=FACE_OUTER_BOUND('',#339,.T.);
#231=FACE_OUTER_BOUND('',#340,.T.);
#232=FACE_OUTER_BOUND('',#341,.T.);
#233=FACE_OUTER_BOUND('',#342,.T.);
#234=FACE_OUTER_BOUND('',#343,.T.);
#235=FACE_OUTER_BOUND('',#344,.T.);
#236=FACE_OUTER_BOUND('',#345,.T.);
#237=FACE_OUTER_BOUND('',#346,.T.);
#238=FACE_OUTER_BOUND('',#347,.T.);
#239=FACE_OUTER_BOUND('',#348,.T.);
#240=FACE_OUTER_BOUND('',#349,.T.);
#241=FACE_OUTER_BOUND('',#350,.T.);
#242=FACE_OUTER_BOUND('',#351,.T.);
#243=FACE_OUTER_BOUND('',#352,.T.);
#244=FACE_OUTER_BOUND('',#353,.T.);
#245=FACE_OUTER_BOUND('',#354,.T.);
#246=FACE_OUTER_BOUND('',#355,.T.);
#247=FACE_OUTER_BOUND('',#356,.T.);
#248=FACE_OUTER_BOUND('',#357,.T.);
#249=FACE_OUTER_BOUND('',#358,.T.);
#250=FACE_OUTER_BOUND('',#359,.T.);
#251=FACE_OUTER_BOUND('',#360,.T.);
#252=FACE_OUTER_BOUND('',#361,.T.);
#253=FACE_OUTER_BOUND('',#362,.T.);
#254=FACE_OUTER_BOUND('',#363,.T.);
#255=FACE_OUTER_BOUND('',#364,.T.);
#256=FACE_OUTER_BOUND('',#365,.T.);
#257=FACE_OUTER_BOUND('',#366,.T.);
#258=FACE_OUTER_BOUND('',#367,.T.);
#259=FACE_OUTER_BOUND('',#368,.T.);
#260=FACE_OUTER_BOUND('',#371,.T.);
#261=FACE_OUTER_BOUND('',#372,.T.);
#262=FACE_OUTER_BOUND('',#373,.T.);
#263=FACE_OUTER_BOUND('',#378,.T.);
#264=FACE_OUTER_BOUND('',#379,.T.);
#265=FACE_OUTER_BOUND('',#383,.T.);
#266=FACE_OUTER_BOUND('',#384,.T.);
#267=FACE_OUTER_BOUND('',#385,.T.);
#268=FACE_OUTER_BOUND('',#386,.T.);
#269=FACE_OUTER_BOUND('',#387,.T.);
#270=FACE_OUTER_BOUND('',#388,.T.);
#271=FACE_OUTER_BOUND('',#389,.T.);
#272=FACE_OUTER_BOUND('',#390,.T.);
#273=FACE_OUTER_BOUND('',#391,.T.);
#274=EDGE_LOOP('',(#1282,#1283,#1284,#1285));
#275=EDGE_LOOP('',(#1286,#1287,#1288,#1289));
#276=EDGE_LOOP('',(#1290));
#277=EDGE_LOOP('',(#1291));
#278=EDGE_LOOP('',(#1292));
#279=EDGE_LOOP('',(#1293));
#280=EDGE_LOOP('',(#1294));
#281=EDGE_LOOP('',(#1295,#1296,#1297,#1298));
#282=EDGE_LOOP('',(#1299,#1300,#1301,#1302));
#283=EDGE_LOOP('',(#1303,#1304,#1305,#1306));
#284=EDGE_LOOP('',(#1307,#1308,#1309,#1310));
#285=EDGE_LOOP('',(#1311,#1312,#1313,#1314));
#286=EDGE_LOOP('',(#1315,#1316,#1317,#1318));
#287=EDGE_LOOP('',(#1319,#1320,#1321,#1322));
#288=EDGE_LOOP('',(#1323,#1324,#1325,#1326));
#289=EDGE_LOOP('',(#1327,#1328,#1329,#1330));
#290=EDGE_LOOP('',(#1331,#1332,#1333,#1334));
#291=EDGE_LOOP('',(#1335,#1336,#1337,#1338));
#292=EDGE_LOOP('',(#1339,#1340,#1341,#1342));
#293=EDGE_LOOP('',(#1343,#1344,#1345,#1346));
#294=EDGE_LOOP('',(#1347,#1348,#1349,#1350));
#295=EDGE_LOOP('',(#1351,#1352,#1353,#1354));
#296=EDGE_LOOP('',(#1355,#1356,#1357,#1358));
#297=EDGE_LOOP('',(#1359,#1360,#1361,#1362));
#298=EDGE_LOOP('',(#1363,#1364,#1365,#1366));
#299=EDGE_LOOP('',(#1367,#1368,#1369,#1370));
#300=EDGE_LOOP('',(#1371,#1372,#1373,#1374));
#301=EDGE_LOOP('',(#1375,#1376,#1377,#1378));
#302=EDGE_LOOP('',(#1379,#1380,#1381,#1382));
#303=EDGE_LOOP('',(#1383,#1384,#1385,#1386));
#304=EDGE_LOOP('',(#1387,#1388,#1389,#1390));
#305=EDGE_LOOP('',(#1391,#1392,#1393,#1394));
#306=EDGE_LOOP('',(#1395,#1396,#1397,#1398));
#307=EDGE_LOOP('',(#1399,#1400,#1401,#1402));
#308=EDGE_LOOP('',(#1403,#1404,#1405,#1406));
#309=EDGE_LOOP('',(#1407,#1408,#1409,#1410));
#310=EDGE_LOOP('',(#1411,#1412,#1413,#1414));
#311=EDGE_LOOP('',(#1415,#1416,#1417,#1418));
#312=EDGE_LOOP('',(#1419,#1420,#1421,#1422,#1423,#1424,#1425,#1426,#1427,
#1428,#1429,#1430,#1431,#1432,#1433,#1434,#1435,#1436,#1437,#1438,#1439,
#1440,#1441,#1442,#1443,#1444,#1445,#1446,#1447,#1448));
#313=EDGE_LOOP('',(#1449,#1450,#1451,#1452));
#314=EDGE_LOOP('',(#1453,#1454,#1455,#1456));
#315=EDGE_LOOP('',(#1457,#1458,#1459,#1460));
#316=EDGE_LOOP('',(#1461,#1462,#1463,#1464));
#317=EDGE_LOOP('',(#1465,#1466,#1467,#1468));
#318=EDGE_LOOP('',(#1469,#1470,#1471,#1472));
#319=EDGE_LOOP('',(#1473,#1474,#1475,#1476));
#320=EDGE_LOOP('',(#1477,#1478,#1479,#1480));
#321=EDGE_LOOP('',(#1481,#1482,#1483,#1484));
#322=EDGE_LOOP('',(#1485,#1486,#1487,#1488));
#323=EDGE_LOOP('',(#1489,#1490,#1491,#1492));
#324=EDGE_LOOP('',(#1493,#1494,#1495,#1496));
#325=EDGE_LOOP('',(#1497,#1498,#1499,#1500,#1501,#1502,#1503,#1504,#1505,
#1506,#1507,#1508));
#326=EDGE_LOOP('',(#1509,#1510,#1511,#1512));
#327=EDGE_LOOP('',(#1513,#1514,#1515,#1516));
#328=EDGE_LOOP('',(#1517,#1518,#1519,#1520));
#329=EDGE_LOOP('',(#1521,#1522,#1523,#1524));
#330=EDGE_LOOP('',(#1525,#1526,#1527,#1528));
#331=EDGE_LOOP('',(#1529,#1530,#1531,#1532));
#332=EDGE_LOOP('',(#1533,#1534,#1535,#1536));
#333=EDGE_LOOP('',(#1537,#1538,#1539,#1540));
#334=EDGE_LOOP('',(#1541,#1542,#1543,#1544));
#335=EDGE_LOOP('',(#1545,#1546,#1547,#1548));
#336=EDGE_LOOP('',(#1549,#1550,#1551,#1552));
#337=EDGE_LOOP('',(#1553,#1554,#1555,#1556));
#338=EDGE_LOOP('',(#1557,#1558,#1559,#1560));
#339=EDGE_LOOP('',(#1561,#1562,#1563,#1564,#1565,#1566,#1567,#1568,#1569,
#1570,#1571,#1572,#1573));
#340=EDGE_LOOP('',(#1574,#1575,#1576,#1577));
#341=EDGE_LOOP('',(#1578,#1579,#1580,#1581));
#342=EDGE_LOOP('',(#1582,#1583,#1584,#1585));
#343=EDGE_LOOP('',(#1586,#1587,#1588,#1589));
#344=EDGE_LOOP('',(#1590,#1591,#1592,#1593));
#345=EDGE_LOOP('',(#1594,#1595,#1596,#1597));
#346=EDGE_LOOP('',(#1598,#1599,#1600,#1601));
#347=EDGE_LOOP('',(#1602,#1603,#1604,#1605));
#348=EDGE_LOOP('',(#1606,#1607,#1608,#1609));
#349=EDGE_LOOP('',(#1610,#1611,#1612,#1613));
#350=EDGE_LOOP('',(#1614,#1615,#1616,#1617));
#351=EDGE_LOOP('',(#1618,#1619,#1620,#1621));
#352=EDGE_LOOP('',(#1622,#1623,#1624,#1625));
#353=EDGE_LOOP('',(#1626,#1627,#1628,#1629));
#354=EDGE_LOOP('',(#1630,#1631,#1632,#1633));
#355=EDGE_LOOP('',(#1634,#1635,#1636,#1637));
#356=EDGE_LOOP('',(#1638,#1639,#1640,#1641));
#357=EDGE_LOOP('',(#1642,#1643,#1644,#1645));
#358=EDGE_LOOP('',(#1646,#1647,#1648,#1649,#1650,#1651,#1652,#1653,#1654,
#1655,#1656,#1657,#1658,#1659,#1660,#1661,#1662,#1663));
#359=EDGE_LOOP('',(#1664,#1665,#1666,#1667));
#360=EDGE_LOOP('',(#1668,#1669,#1670,#1671));
#361=EDGE_LOOP('',(#1672,#1673,#1674,#1675));
#362=EDGE_LOOP('',(#1676,#1677,#1678,#1679));
#363=EDGE_LOOP('',(#1680,#1681,#1682,#1683));
#364=EDGE_LOOP('',(#1684,#1685,#1686,#1687));
#365=EDGE_LOOP('',(#1688,#1689,#1690,#1691));
#366=EDGE_LOOP('',(#1692,#1693,#1694,#1695));
#367=EDGE_LOOP('',(#1696,#1697,#1698,#1699,#1700,#1701,#1702,#1703));
#368=EDGE_LOOP('',(#1704,#1705,#1706,#1707,#1708,#1709,#1710,#1711));
#369=EDGE_LOOP('',(#1712));
#370=EDGE_LOOP('',(#1713));
#371=EDGE_LOOP('',(#1714,#1715,#1716,#1717));
#372=EDGE_LOOP('',(#1718,#1719,#1720,#1721));
#373=EDGE_LOOP('',(#1722,#1723,#1724,#1725));
#374=EDGE_LOOP('',(#1726,#1727,#1728,#1729,#1730,#1731,#1732,#1733,#1734,
#1735,#1736,#1737,#1738,#1739,#1740,#1741,#1742,#1743,#1744,#1745,#1746,
#1747,#1748,#1749,#1750,#1751,#1752,#1753,#1754,#1755));
#375=EDGE_LOOP('',(#1756,#1757,#1758,#1759,#1760,#1761,#1762,#1763,#1764,
#1765,#1766,#1767));
#376=EDGE_LOOP('',(#1768,#1769,#1770,#1771,#1772,#1773,#1774,#1775,#1776,
#1777,#1778,#1779,#1780));
#377=EDGE_LOOP('',(#1781,#1782,#1783,#1784,#1785,#1786,#1787,#1788,#1789,
#1790,#1791,#1792,#1793,#1794,#1795,#1796,#1797,#1798));
#378=EDGE_LOOP('',(#1799,#1800,#1801,#1802,#1803,#1804,#1805,#1806));
#379=EDGE_LOOP('',(#1807,#1808,#1809,#1810,#1811,#1812,#1813,#1814,#1815,
#1816,#1817,#1818,#1819,#1820,#1821,#1822,#1823,#1824,#1825,#1826));
#380=EDGE_LOOP('',(#1827));
#381=EDGE_LOOP('',(#1828));
#382=EDGE_LOOP('',(#1829));
#383=EDGE_LOOP('',(#1830,#1831,#1832,#1833));
#384=EDGE_LOOP('',(#1834,#1835,#1836,#1837));
#385=EDGE_LOOP('',(#1838,#1839,#1840,#1841));
#386=EDGE_LOOP('',(#1842,#1843,#1844,#1845));
#387=EDGE_LOOP('',(#1846,#1847,#1848,#1849));
#388=EDGE_LOOP('',(#1850,#1851,#1852,#1853,#1854,#1855,#1856,#1857));
#389=EDGE_LOOP('',(#1858,#1859,#1860,#1861));
#390=EDGE_LOOP('',(#1862,#1863,#1864,#1865));
#391=EDGE_LOOP('',(#1866,#1867,#1868,#1869));
#392=LINE('',#2467,#592);
#393=LINE('',#2469,#593);
#394=LINE('',#2471,#594);
#395=LINE('',#2472,#595);
#396=LINE('',#2475,#596);
#397=LINE('',#2477,#597);
#398=LINE('',#2478,#598);
#399=LINE('',#2491,#599);
#400=LINE('',#2496,#600);
#401=LINE('',#2498,#601);
#402=LINE('',#2500,#602);
#403=LINE('',#2501,#603);
#404=LINE('',#2504,#604);
#405=LINE('',#2506,#605);
#406=LINE('',#2507,#606);
#407=LINE('',#2525,#607);
#408=LINE('',#2548,#608);
#409=LINE('',#2571,#609);
#410=LINE('',#2594,#610);
#411=LINE('',#2617,#611);
#412=LINE('',#2640,#612);
#413=LINE('',#2648,#613);
#414=LINE('',#2650,#614);
#415=LINE('',#2651,#615);
#416=LINE('',#2654,#616);
#417=LINE('',#2656,#617);
#418=LINE('',#2657,#618);
#419=LINE('',#2660,#619);
#420=LINE('',#2662,#620);
#421=LINE('',#2663,#621);
#422=LINE('',#2681,#622);
#423=LINE('',#2704,#623);
#424=LINE('',#2727,#624);
#425=LINE('',#2750,#625);
#426=LINE('',#2773,#626);
#427=LINE('',#2781,#627);
#428=LINE('',#2783,#628);
#429=LINE('',#2784,#629);
#430=LINE('',#2787,#630);
#431=LINE('',#2789,#631);
#432=LINE('',#2790,#632);
#433=LINE('',#2793,#633);
#434=LINE('',#2795,#634);
#435=LINE('',#2796,#635);
#436=LINE('',#2814,#636);
#437=LINE('',#2837,#637);
#438=LINE('',#2860,#638);
#439=LINE('',#2883,#639);
#440=LINE('',#2906,#640);
#441=LINE('',#2929,#641);
#442=LINE('',#2952,#642);
#443=LINE('',#2975,#643);
#444=LINE('',#2983,#644);
#445=LINE('',#2985,#645);
#446=LINE('',#2986,#646);
#447=LINE('',#2989,#647);
#448=LINE('',#2991,#648);
#449=LINE('',#2992,#649);
#450=LINE('',#2994,#650);
#451=LINE('',#2995,#651);
#452=LINE('',#3000,#652);
#453=LINE('',#3002,#653);
#454=LINE('',#3004,#654);
#455=LINE('',#3005,#655);
#456=LINE('',#3008,#656);
#457=LINE('',#3010,#657);
#458=LINE('',#3011,#658);
#459=LINE('',#3014,#659);
#460=LINE('',#3016,#660);
#461=LINE('',#3017,#661);
#462=LINE('',#3020,#662);
#463=LINE('',#3022,#663);
#464=LINE('',#3023,#664);
#465=LINE('',#3026,#665);
#466=LINE('',#3028,#666);
#467=LINE('',#3029,#667);
#468=LINE('',#3032,#668);
#469=LINE('',#3034,#669);
#470=LINE('',#3035,#670);
#471=LINE('',#3038,#671);
#472=LINE('',#3040,#672);
#473=LINE('',#3041,#673);
#474=LINE('',#3044,#674);
#475=LINE('',#3046,#675);
#476=LINE('',#3047,#676);
#477=LINE('',#3050,#677);
#478=LINE('',#3052,#678);
#479=LINE('',#3053,#679);
#480=LINE('',#3056,#680);
#481=LINE('',#3058,#681);
#482=LINE('',#3059,#682);
#483=LINE('',#3062,#683);
#484=LINE('',#3064,#684);
#485=LINE('',#3065,#685);
#486=LINE('',#3067,#686);
#487=LINE('',#3068,#687);
#488=LINE('',#3088,#688);
#489=LINE('',#3095,#689);
#490=LINE('',#3098,#690);
#491=LINE('',#3100,#691);
#492=LINE('',#3101,#692);
#493=LINE('',#3119,#693);
#494=LINE('',#3142,#694);
#495=LINE('',#3150,#695);
#496=LINE('',#3152,#696);
#497=LINE('',#3153,#697);
#498=LINE('',#3171,#698);
#499=LINE('',#3179,#699);
#500=LINE('',#3181,#700);
#501=LINE('',#3182,#701);
#502=LINE('',#3185,#702);
#503=LINE('',#3187,#703);
#504=LINE('',#3188,#704);
#505=LINE('',#3191,#705);
#506=LINE('',#3193,#706);
#507=LINE('',#3194,#707);
#508=LINE('',#3212,#708);
#509=LINE('',#3235,#709);
#510=LINE('',#3243,#710);
#511=LINE('',#3245,#711);
#512=LINE('',#3246,#712);
#513=LINE('',#3286,#713);
#514=LINE('',#3293,#714);
#515=LINE('',#3311,#715);
#516=LINE('',#3334,#716);
#517=LINE('',#3357,#717);
#518=LINE('',#3380,#718);
#519=LINE('',#3403,#719);
#520=LINE('',#3426,#720);
#521=LINE('',#3434,#721);
#522=LINE('',#3436,#722);
#523=LINE('',#3437,#723);
#524=LINE('',#3455,#724);
#525=LINE('',#3478,#725);
#526=LINE('',#3501,#726);
#527=LINE('',#3524,#727);
#528=LINE('',#3547,#728);
#529=LINE('',#3570,#729);
#530=LINE('',#3593,#730);
#531=LINE('',#3616,#731);
#532=LINE('',#3624,#732);
#533=LINE('',#3626,#733);
#534=LINE('',#3627,#734);
#535=LINE('',#3652,#735);
#536=LINE('',#3654,#736);
#537=LINE('',#3656,#737);
#538=LINE('',#3657,#738);
#539=LINE('',#3660,#739);
#540=LINE('',#3662,#740);
#541=LINE('',#3663,#741);
#542=LINE('',#3666,#742);
#543=LINE('',#3667,#743);
#544=LINE('',#3671,#744);
#545=LINE('',#3673,#745);
#546=LINE('',#3675,#746);
#547=LINE('',#3676,#747);
#548=LINE('',#3679,#748);
#549=LINE('',#3681,#749);
#550=LINE('',#3682,#750);
#551=LINE('',#3685,#751);
#552=LINE('',#3687,#752);
#553=LINE('',#3688,#753);
#554=LINE('',#3691,#754);
#555=LINE('',#3692,#755);
#556=LINE('',#3694,#756);
#557=LINE('',#3697,#757);
#558=LINE('',#3699,#758);
#559=LINE('',#3701,#759);
#560=LINE('',#3703,#760);
#561=LINE('',#3704,#761);
#562=LINE('',#3708,#762);
#563=LINE('',#3710,#763);
#564=LINE('',#3712,#764);
#565=LINE('',#3714,#765);
#566=LINE('',#3716,#766);
#567=LINE('',#3717,#767);
#568=LINE('',#3718,#768);
#569=LINE('',#3724,#769);
#570=LINE('',#3726,#770);
#571=LINE('',#3729,#771);
#572=LINE('',#3730,#772);
#573=LINE('',#3733,#773);
#574=LINE('',#3734,#774);
#575=LINE('',#3736,#775);
#576=LINE('',#3738,#776);
#577=LINE('',#3739,#777);
#578=LINE('',#3741,#778);
#579=LINE('',#3743,#779);
#580=LINE('',#3745,#780);
#581=LINE('',#3746,#781);
#582=LINE('',#3748,#782);
#583=LINE('',#3749,#783);
#584=LINE('',#3751,#784);
#585=LINE('',#3752,#785);
#586=LINE('',#3758,#786);
#587=LINE('',#3761,#787);
#588=LINE('',#3763,#788);
#589=LINE('',#3765,#789);
#590=LINE('',#3767,#790);
#591=LINE('',#3770,#791);
#592=VECTOR('',#2121,10.);
#593=VECTOR('',#2122,10.);
#594=VECTOR('',#2123,10.);
#595=VECTOR('',#2124,10.);
#596=VECTOR('',#2127,10.);
#597=VECTOR('',#2128,10.);
#598=VECTOR('',#2129,10.);
#599=VECTOR('',#2142,1.75);
#600=VECTOR('',#2147,10.);
#601=VECTOR('',#2148,10.);
#602=VECTOR('',#2149,10.);
#603=VECTOR('',#2150,10.);
#604=VECTOR('',#2153,10.);
#605=VECTOR('',#2154,10.);
#606=VECTOR('',#2155,10.);
#607=VECTOR('',#2156,10.);
#608=VECTOR('',#2157,10.);
#609=VECTOR('',#2158,10.);
#610=VECTOR('',#2159,10.);
#611=VECTOR('',#2160,10.);
#612=VECTOR('',#2161,10.);
#613=VECTOR('',#2164,10.);
#614=VECTOR('',#2165,10.);
#615=VECTOR('',#2166,10.);
#616=VECTOR('',#2169,10.);
#617=VECTOR('',#2170,10.);
#618=VECTOR('',#2171,10.);
#619=VECTOR('',#2174,10.);
#620=VECTOR('',#2175,10.);
#621=VECTOR('',#2176,10.);
#622=VECTOR('',#2177,10.);
#623=VECTOR('',#2178,10.);
#624=VECTOR('',#2179,10.);
#625=VECTOR('',#2180,10.);
#626=VECTOR('',#2181,10.);
#627=VECTOR('',#2184,10.);
#628=VECTOR('',#2185,10.);
#629=VECTOR('',#2186,10.);
#630=VECTOR('',#2189,10.);
#631=VECTOR('',#2190,10.);
#632=VECTOR('',#2191,10.);
#633=VECTOR('',#2194,10.);
#634=VECTOR('',#2195,10.);
#635=VECTOR('',#2196,10.);
#636=VECTOR('',#2197,10.);
#637=VECTOR('',#2198,10.);
#638=VECTOR('',#2199,10.);
#639=VECTOR('',#2200,10.);
#640=VECTOR('',#2201,10.);
#641=VECTOR('',#2202,10.);
#642=VECTOR('',#2203,10.);
#643=VECTOR('',#2204,10.);
#644=VECTOR('',#2207,10.);
#645=VECTOR('',#2208,10.);
#646=VECTOR('',#2209,10.);
#647=VECTOR('',#2212,10.);
#648=VECTOR('',#2213,10.);
#649=VECTOR('',#2214,10.);
#650=VECTOR('',#2217,10.);
#651=VECTOR('',#2218,10.);
#652=VECTOR('',#2223,10.);
#653=VECTOR('',#2224,10.);
#654=VECTOR('',#2225,10.);
#655=VECTOR('',#2226,10.);
#656=VECTOR('',#2229,10.);
#657=VECTOR('',#2230,10.);
#658=VECTOR('',#2231,10.);
#659=VECTOR('',#2234,10.);
#660=VECTOR('',#2235,10.);
#661=VECTOR('',#2236,10.);
#662=VECTOR('',#2239,10.);
#663=VECTOR('',#2240,10.);
#664=VECTOR('',#2241,10.);
#665=VECTOR('',#2244,10.);
#666=VECTOR('',#2245,10.);
#667=VECTOR('',#2246,10.);
#668=VECTOR('',#2249,10.);
#669=VECTOR('',#2250,10.);
#670=VECTOR('',#2251,10.);
#671=VECTOR('',#2254,10.);
#672=VECTOR('',#2255,10.);
#673=VECTOR('',#2256,10.);
#674=VECTOR('',#2259,10.);
#675=VECTOR('',#2260,10.);
#676=VECTOR('',#2261,10.);
#677=VECTOR('',#2264,10.);
#678=VECTOR('',#2265,10.);
#679=VECTOR('',#2266,10.);
#680=VECTOR('',#2269,10.);
#681=VECTOR('',#2270,10.);
#682=VECTOR('',#2271,10.);
#683=VECTOR('',#2274,10.);
#684=VECTOR('',#2275,10.);
#685=VECTOR('',#2276,10.);
#686=VECTOR('',#2279,10.);
#687=VECTOR('',#2280,10.);
#688=VECTOR('',#2283,10.);
#689=VECTOR('',#2284,10.);
#690=VECTOR('',#2287,10.);
#691=VECTOR('',#2288,10.);
#692=VECTOR('',#2289,10.);
#693=VECTOR('',#2290,10.);
#694=VECTOR('',#2291,10.);
#695=VECTOR('',#2294,10.);
#696=VECTOR('',#2295,10.);
#697=VECTOR('',#2296,10.);
#698=VECTOR('',#2297,10.);
#699=VECTOR('',#2300,10.);
#700=VECTOR('',#2301,10.);
#701=VECTOR('',#2302,10.);
#702=VECTOR('',#2305,10.);
#703=VECTOR('',#2306,10.);
#704=VECTOR('',#2307,10.);
#705=VECTOR('',#2310,10.);
#706=VECTOR('',#2311,10.);
#707=VECTOR('',#2312,10.);
#708=VECTOR('',#2313,10.);
#709=VECTOR('',#2314,10.);
#710=VECTOR('',#2317,10.);
#711=VECTOR('',#2318,10.);
#712=VECTOR('',#2319,10.);
#713=VECTOR('',#2322,10.);
#714=VECTOR('',#2323,10.);
#715=VECTOR('',#2324,10.);
#716=VECTOR('',#2325,10.);
#717=VECTOR('',#2326,10.);
#718=VECTOR('',#2327,10.);
#719=VECTOR('',#2328,10.);
#720=VECTOR('',#2329,10.);
#721=VECTOR('',#2332,10.);
#722=VECTOR('',#2333,10.);
#723=VECTOR('',#2334,10.);
#724=VECTOR('',#2335,10.);
#725=VECTOR('',#2336,10.);
#726=VECTOR('',#2337,10.);
#727=VECTOR('',#2338,10.);
#728=VECTOR('',#2339,10.);
#729=VECTOR('',#2340,10.);
#730=VECTOR('',#2341,10.);
#731=VECTOR('',#2342,10.);
#732=VECTOR('',#2345,10.);
#733=VECTOR('',#2346,10.);
#734=VECTOR('',#2347,10.);
#735=VECTOR('',#2352,10.);
#736=VECTOR('',#2353,10.);
#737=VECTOR('',#2354,10.);
#738=VECTOR('',#2355,10.);
#739=VECTOR('',#2358,10.);
#740=VECTOR('',#2359,10.);
#741=VECTOR('',#2360,10.);
#742=VECTOR('',#2363,10.);
#743=VECTOR('',#2364,10.);
#744=VECTOR('',#2367,10.);
#745=VECTOR('',#2368,10.);
#746=VECTOR('',#2369,10.);
#747=VECTOR('',#2370,10.);
#748=VECTOR('',#2373,10.);
#749=VECTOR('',#2374,10.);
#750=VECTOR('',#2375,10.);
#751=VECTOR('',#2378,10.);
#752=VECTOR('',#2379,10.);
#753=VECTOR('',#2380,10.);
#754=VECTOR('',#2383,10.);
#755=VECTOR('',#2384,10.);
#756=VECTOR('',#2387,10.);
#757=VECTOR('',#2390,10.);
#758=VECTOR('',#2391,10.);
#759=VECTOR('',#2392,10.);
#760=VECTOR('',#2393,10.);
#761=VECTOR('',#2394,10.);
#762=VECTOR('',#2397,10.);
#763=VECTOR('',#2398,10.);
#764=VECTOR('',#2399,10.);
#765=VECTOR('',#2400,10.);
#766=VECTOR('',#2401,10.);
#767=VECTOR('',#2402,10.);
#768=VECTOR('',#2403,10.);
#769=VECTOR('',#2410,1.5);
#770=VECTOR('',#2413,1.5);
#771=VECTOR('',#2416,10.);
#772=VECTOR('',#2417,10.);
#773=VECTOR('',#2420,10.);
#774=VECTOR('',#2421,10.);
#775=VECTOR('',#2422,10.);
#776=VECTOR('',#2423,10.);
#777=VECTOR('',#2424,10.);
#778=VECTOR('',#2427,10.);
#779=VECTOR('',#2428,10.);
#780=VECTOR('',#2429,10.);
#781=VECTOR('',#2430,10.);
#782=VECTOR('',#2431,10.);
#783=VECTOR('',#2432,10.);
#784=VECTOR('',#2433,10.);
#785=VECTOR('',#2434,10.);
#786=VECTOR('',#2441,1.75);
#787=VECTOR('',#2446,1.75);
#788=VECTOR('',#2449,10.);
#789=VECTOR('',#2452,10.);
#790=VECTOR('',#2455,10.);
#791=VECTOR('',#2460,10.);
#792=VERTEX_POINT('',#2465);
#793=VERTEX_POINT('',#2466);
#794=VERTEX_POINT('',#2468);
#795=VERTEX_POINT('',#2470);
#796=VERTEX_POINT('',#2474);
#797=VERTEX_POINT('',#2476);
#798=VERTEX_POINT('',#2479);
#799=VERTEX_POINT('',#2481);
#800=VERTEX_POINT('',#2483);
#801=VERTEX_POINT('',#2485);
#802=VERTEX_POINT('',#2487);
#803=VERTEX_POINT('',#2490);
#804=VERTEX_POINT('',#2494);
#805=VERTEX_POINT('',#2495);
#806=VERTEX_POINT('',#2497);
#807=VERTEX_POINT('',#2499);
#808=VERTEX_POINT('',#2503);
#809=VERTEX_POINT('',#2505);
#810=VERTEX_POINT('',#2518);
#811=VERTEX_POINT('',#2524);
#812=VERTEX_POINT('',#2541);
#813=VERTEX_POINT('',#2547);
#814=VERTEX_POINT('',#2564);
#815=VERTEX_POINT('',#2570);
#816=VERTEX_POINT('',#2587);
#817=VERTEX_POINT('',#2593);
#818=VERTEX_POINT('',#2610);
#819=VERTEX_POINT('',#2616);
#820=VERTEX_POINT('',#2633);
#821=VERTEX_POINT('',#2639);
#822=VERTEX_POINT('',#2647);
#823=VERTEX_POINT('',#2649);
#824=VERTEX_POINT('',#2653);
#825=VERTEX_POINT('',#2655);
#826=VERTEX_POINT('',#2659);
#827=VERTEX_POINT('',#2661);
#828=VERTEX_POINT('',#2674);
#829=VERTEX_POINT('',#2680);
#830=VERTEX_POINT('',#2697);
#831=VERTEX_POINT('',#2703);
#832=VERTEX_POINT('',#2720);
#833=VERTEX_POINT('',#2726);
#834=VERTEX_POINT('',#2743);
#835=VERTEX_POINT('',#2749);
#836=VERTEX_POINT('',#2766);
#837=VERTEX_POINT('',#2772);
#838=VERTEX_POINT('',#2780);
#839=VERTEX_POINT('',#2782);
#840=VERTEX_POINT('',#2786);
#841=VERTEX_POINT('',#2788);
#842=VERTEX_POINT('',#2792);
#843=VERTEX_POINT('',#2794);
#844=VERTEX_POINT('',#2807);
#845=VERTEX_POINT('',#2813);
#846=VERTEX_POINT('',#2830);
#847=VERTEX_POINT('',#2836);
#848=VERTEX_POINT('',#2853);
#849=VERTEX_POINT('',#2859);
#850=VERTEX_POINT('',#2876);
#851=VERTEX_POINT('',#2882);
#852=VERTEX_POINT('',#2899);
#853=VERTEX_POINT('',#2905);
#854=VERTEX_POINT('',#2922);
#855=VERTEX_POINT('',#2928);
#856=VERTEX_POINT('',#2945);
#857=VERTEX_POINT('',#2951);
#858=VERTEX_POINT('',#2968);
#859=VERTEX_POINT('',#2974);
#860=VERTEX_POINT('',#2982);
#861=VERTEX_POINT('',#2984);
#862=VERTEX_POINT('',#2988);
#863=VERTEX_POINT('',#2990);
#864=VERTEX_POINT('',#2998);
#865=VERTEX_POINT('',#2999);
#866=VERTEX_POINT('',#3001);
#867=VERTEX_POINT('',#3003);
#868=VERTEX_POINT('',#3007);
#869=VERTEX_POINT('',#3009);
#870=VERTEX_POINT('',#3013);
#871=VERTEX_POINT('',#3015);
#872=VERTEX_POINT('',#3019);
#873=VERTEX_POINT('',#3021);
#874=VERTEX_POINT('',#3025);
#875=VERTEX_POINT('',#3027);
#876=VERTEX_POINT('',#3031);
#877=VERTEX_POINT('',#3033);
#878=VERTEX_POINT('',#3037);
#879=VERTEX_POINT('',#3039);
#880=VERTEX_POINT('',#3043);
#881=VERTEX_POINT('',#3045);
#882=VERTEX_POINT('',#3049);
#883=VERTEX_POINT('',#3051);
#884=VERTEX_POINT('',#3055);
#885=VERTEX_POINT('',#3057);
#886=VERTEX_POINT('',#3061);
#887=VERTEX_POINT('',#3063);
#888=VERTEX_POINT('',#3080);
#889=VERTEX_POINT('',#3081);
#890=VERTEX_POINT('',#3087);
#891=VERTEX_POINT('',#3089);
#892=VERTEX_POINT('',#3097);
#893=VERTEX_POINT('',#3099);
#894=VERTEX_POINT('',#3112);
#895=VERTEX_POINT('',#3118);
#896=VERTEX_POINT('',#3135);
#897=VERTEX_POINT('',#3141);
#898=VERTEX_POINT('',#3149);
#899=VERTEX_POINT('',#3151);
#900=VERTEX_POINT('',#3164);
#901=VERTEX_POINT('',#3170);
#902=VERTEX_POINT('',#3178);
#903=VERTEX_POINT('',#3180);
#904=VERTEX_POINT('',#3184);
#905=VERTEX_POINT('',#3186);
#906=VERTEX_POINT('',#3190);
#907=VERTEX_POINT('',#3192);
#908=VERTEX_POINT('',#3205);
#909=VERTEX_POINT('',#3211);
#910=VERTEX_POINT('',#3228);
#911=VERTEX_POINT('',#3234);
#912=VERTEX_POINT('',#3242);
#913=VERTEX_POINT('',#3244);
#914=VERTEX_POINT('',#3278);
#915=VERTEX_POINT('',#3279);
#916=VERTEX_POINT('',#3285);
#917=VERTEX_POINT('',#3287);
#918=VERTEX_POINT('',#3304);
#919=VERTEX_POINT('',#3310);
#920=VERTEX_POINT('',#3327);
#921=VERTEX_POINT('',#3333);
#922=VERTEX_POINT('',#3350);
#923=VERTEX_POINT('',#3356);
#924=VERTEX_POINT('',#3373);
#925=VERTEX_POINT('',#3379);
#926=VERTEX_POINT('',#3396);
#927=VERTEX_POINT('',#3402);
#928=VERTEX_POINT('',#3419);
#929=VERTEX_POINT('',#3425);
#930=VERTEX_POINT('',#3433);
#931=VERTEX_POINT('',#3435);
#932=VERTEX_POINT('',#3448);
#933=VERTEX_POINT('',#3454);
#934=VERTEX_POINT('',#3471);
#935=VERTEX_POINT('',#3477);
#936=VERTEX_POINT('',#3494);
#937=VERTEX_POINT('',#3500);
#938=VERTEX_POINT('',#3517);
#939=VERTEX_POINT('',#3523);
#940=VERTEX_POINT('',#3540);
#941=VERTEX_POINT('',#3546);
#942=VERTEX_POINT('',#3563);
#943=VERTEX_POINT('',#3569);
#944=VERTEX_POINT('',#3586);
#945=VERTEX_POINT('',#3592);
#946=VERTEX_POINT('',#3609);
#947=VERTEX_POINT('',#3615);
#948=VERTEX_POINT('',#3623);
#949=VERTEX_POINT('',#3625);
#950=VERTEX_POINT('',#3650);
#951=VERTEX_POINT('',#3651);
#952=VERTEX_POINT('',#3653);
#953=VERTEX_POINT('',#3655);
#954=VERTEX_POINT('',#3659);
#955=VERTEX_POINT('',#3661);
#956=VERTEX_POINT('',#3665);
#957=VERTEX_POINT('',#3669);
#958=VERTEX_POINT('',#3670);
#959=VERTEX_POINT('',#3672);
#960=VERTEX_POINT('',#3674);
#961=VERTEX_POINT('',#3678);
#962=VERTEX_POINT('',#3680);
#963=VERTEX_POINT('',#3684);
#964=VERTEX_POINT('',#3686);
#965=VERTEX_POINT('',#3690);
#966=VERTEX_POINT('',#3696);
#967=VERTEX_POINT('',#3698);
#968=VERTEX_POINT('',#3700);
#969=VERTEX_POINT('',#3702);
#970=VERTEX_POINT('',#3706);
#971=VERTEX_POINT('',#3707);
#972=VERTEX_POINT('',#3709);
#973=VERTEX_POINT('',#3711);
#974=VERTEX_POINT('',#3713);
#975=VERTEX_POINT('',#3715);
#976=VERTEX_POINT('',#3719);
#977=VERTEX_POINT('',#3721);
#978=VERTEX_POINT('',#3728);
#979=VERTEX_POINT('',#3732);
#980=VERTEX_POINT('',#3735);
#981=VERTEX_POINT('',#3737);
#982=VERTEX_POINT('',#3742);
#983=VERTEX_POINT('',#3744);
#984=VERTEX_POINT('',#3747);
#985=VERTEX_POINT('',#3750);
#986=VERTEX_POINT('',#3753);
#987=VERTEX_POINT('',#3755);
#988=EDGE_CURVE('',#792,#793,#392,.T.);
#989=EDGE_CURVE('',#794,#793,#393,.T.);
#990=EDGE_CURVE('',#795,#794,#394,.T.);
#991=EDGE_CURVE('',#792,#795,#395,.T.);
#992=EDGE_CURVE('',#796,#792,#396,.T.);
#993=EDGE_CURVE('',#797,#796,#397,.T.);
#994=EDGE_CURVE('',#793,#797,#398,.T.);
#995=EDGE_CURVE('',#798,#798,#160,.T.);
#996=EDGE_CURVE('',#799,#799,#161,.T.);
#997=EDGE_CURVE('',#800,#800,#162,.T.);
#998=EDGE_CURVE('',#801,#801,#163,.T.);
#999=EDGE_CURVE('',#802,#802,#164,.T.);
#1000=EDGE_CURVE('',#802,#803,#399,.T.);
#1001=EDGE_CURVE('',#803,#803,#165,.T.);
#1002=EDGE_CURVE('',#804,#805,#400,.T.);
#1003=EDGE_CURVE('',#804,#806,#401,.T.);
#1004=EDGE_CURVE('',#806,#807,#402,.T.);
#1005=EDGE_CURVE('',#805,#807,#403,.T.);
#1006=EDGE_CURVE('',#808,#804,#404,.T.);
#1007=EDGE_CURVE('',#808,#809,#405,.T.);
#1008=EDGE_CURVE('',#809,#806,#406,.T.);
#1009=EDGE_CURVE('',#810,#808,#15,.T.);
#1010=EDGE_CURVE('',#810,#811,#407,.T.);
#1011=EDGE_CURVE('',#811,#809,#16,.T.);
#1012=EDGE_CURVE('',#812,#810,#17,.T.);
#1013=EDGE_CURVE('',#812,#813,#408,.T.);
#1014=EDGE_CURVE('',#813,#811,#18,.T.);
#1015=EDGE_CURVE('',#814,#812,#19,.T.);
#1016=EDGE_CURVE('',#814,#815,#409,.T.);
#1017=EDGE_CURVE('',#815,#813,#20,.T.);
#1018=EDGE_CURVE('',#816,#814,#21,.T.);
#1019=EDGE_CURVE('',#816,#817,#410,.T.);
#1020=EDGE_CURVE('',#817,#815,#22,.T.);
#1021=EDGE_CURVE('',#818,#816,#23,.T.);
#1022=EDGE_CURVE('',#818,#819,#411,.T.);
#1023=EDGE_CURVE('',#819,#817,#24,.T.);
#1024=EDGE_CURVE('',#820,#818,#25,.T.);
#1025=EDGE_CURVE('',#820,#821,#412,.T.);
#1026=EDGE_CURVE('',#821,#819,#26,.T.);
#1027=EDGE_CURVE('',#822,#820,#413,.T.);
#1028=EDGE_CURVE('',#822,#823,#414,.T.);
#1029=EDGE_CURVE('',#823,#821,#415,.T.);
#1030=EDGE_CURVE('',#824,#822,#416,.T.);
#1031=EDGE_CURVE('',#824,#825,#417,.T.);
#1032=EDGE_CURVE('',#825,#823,#418,.T.);
#1033=EDGE_CURVE('',#826,#824,#419,.T.);
#1034=EDGE_CURVE('',#826,#827,#420,.T.);
#1035=EDGE_CURVE('',#827,#825,#421,.T.);
#1036=EDGE_CURVE('',#828,#826,#27,.T.);
#1037=EDGE_CURVE('',#828,#829,#422,.T.);
#1038=EDGE_CURVE('',#829,#827,#28,.T.);
#1039=EDGE_CURVE('',#830,#828,#29,.T.);
#1040=EDGE_CURVE('',#830,#831,#423,.T.);
#1041=EDGE_CURVE('',#831,#829,#30,.T.);
#1042=EDGE_CURVE('',#832,#830,#31,.T.);
#1043=EDGE_CURVE('',#832,#833,#424,.T.);
#1044=EDGE_CURVE('',#833,#831,#32,.T.);
#1045=EDGE_CURVE('',#834,#832,#33,.T.);
#1046=EDGE_CURVE('',#834,#835,#425,.T.);
#1047=EDGE_CURVE('',#835,#833,#34,.T.);
#1048=EDGE_CURVE('',#836,#834,#35,.T.);
#1049=EDGE_CURVE('',#836,#837,#426,.T.);
#1050=EDGE_CURVE('',#837,#835,#36,.T.);
#1051=EDGE_CURVE('',#838,#836,#427,.T.);
#1052=EDGE_CURVE('',#838,#839,#428,.T.);
#1053=EDGE_CURVE('',#839,#837,#429,.T.);
#1054=EDGE_CURVE('',#840,#838,#430,.T.);
#1055=EDGE_CURVE('',#840,#841,#431,.T.);
#1056=EDGE_CURVE('',#841,#839,#432,.T.);
#1057=EDGE_CURVE('',#842,#840,#433,.T.);
#1058=EDGE_CURVE('',#842,#843,#434,.T.);
#1059=EDGE_CURVE('',#843,#841,#435,.T.);
#1060=EDGE_CURVE('',#844,#842,#37,.T.);
#1061=EDGE_CURVE('',#844,#845,#436,.T.);
#1062=EDGE_CURVE('',#845,#843,#38,.T.);
#1063=EDGE_CURVE('',#846,#844,#39,.T.);
#1064=EDGE_CURVE('',#846,#847,#437,.T.);
#1065=EDGE_CURVE('',#847,#845,#40,.T.);
#1066=EDGE_CURVE('',#848,#846,#41,.T.);
#1067=EDGE_CURVE('',#848,#849,#438,.T.);
#1068=EDGE_CURVE('',#849,#847,#42,.T.);
#1069=EDGE_CURVE('',#850,#848,#43,.T.);
#1070=EDGE_CURVE('',#850,#851,#439,.T.);
#1071=EDGE_CURVE('',#851,#849,#44,.T.);
#1072=EDGE_CURVE('',#852,#850,#45,.T.);
#1073=EDGE_CURVE('',#852,#853,#440,.T.);
#1074=EDGE_CURVE('',#853,#851,#46,.T.);
#1075=EDGE_CURVE('',#854,#852,#47,.T.);
#1076=EDGE_CURVE('',#854,#855,#441,.T.);
#1077=EDGE_CURVE('',#855,#853,#48,.T.);
#1078=EDGE_CURVE('',#856,#854,#49,.T.);
#1079=EDGE_CURVE('',#856,#857,#442,.T.);
#1080=EDGE_CURVE('',#857,#855,#50,.T.);
#1081=EDGE_CURVE('',#858,#856,#51,.T.);
#1082=EDGE_CURVE('',#858,#859,#443,.T.);
#1083=EDGE_CURVE('',#859,#857,#52,.T.);
#1084=EDGE_CURVE('',#860,#858,#444,.T.);
#1085=EDGE_CURVE('',#860,#861,#445,.T.);
#1086=EDGE_CURVE('',#861,#859,#446,.T.);
#1087=EDGE_CURVE('',#862,#860,#447,.T.);
#1088=EDGE_CURVE('',#862,#863,#448,.T.);
#1089=EDGE_CURVE('',#863,#861,#449,.T.);
#1090=EDGE_CURVE('',#805,#862,#450,.T.);
#1091=EDGE_CURVE('',#807,#863,#451,.T.);
#1092=EDGE_CURVE('',#864,#865,#452,.T.);
#1093=EDGE_CURVE('',#864,#866,#453,.T.);
#1094=EDGE_CURVE('',#866,#867,#454,.T.);
#1095=EDGE_CURVE('',#865,#867,#455,.T.);
#1096=EDGE_CURVE('',#868,#864,#456,.T.);
#1097=EDGE_CURVE('',#868,#869,#457,.T.);
#1098=EDGE_CURVE('',#869,#866,#458,.T.);
#1099=EDGE_CURVE('',#870,#868,#459,.T.);
#1100=EDGE_CURVE('',#870,#871,#460,.T.);
#1101=EDGE_CURVE('',#871,#869,#461,.T.);
#1102=EDGE_CURVE('',#872,#870,#462,.T.);
#1103=EDGE_CURVE('',#872,#873,#463,.T.);
#1104=EDGE_CURVE('',#873,#871,#464,.T.);
#1105=EDGE_CURVE('',#874,#872,#465,.T.);
#1106=EDGE_CURVE('',#874,#875,#466,.T.);
#1107=EDGE_CURVE('',#875,#873,#467,.T.);
#1108=EDGE_CURVE('',#876,#874,#468,.T.);
#1109=EDGE_CURVE('',#876,#877,#469,.T.);
#1110=EDGE_CURVE('',#877,#875,#470,.T.);
#1111=EDGE_CURVE('',#878,#876,#471,.T.);
#1112=EDGE_CURVE('',#878,#879,#472,.T.);
#1113=EDGE_CURVE('',#879,#877,#473,.T.);
#1114=EDGE_CURVE('',#880,#878,#474,.T.);
#1115=EDGE_CURVE('',#880,#881,#475,.T.);
#1116=EDGE_CURVE('',#881,#879,#476,.T.);
#1117=EDGE_CURVE('',#882,#880,#477,.T.);
#1118=EDGE_CURVE('',#882,#883,#478,.T.);
#1119=EDGE_CURVE('',#883,#881,#479,.T.);
#1120=EDGE_CURVE('',#884,#882,#480,.T.);
#1121=EDGE_CURVE('',#884,#885,#481,.T.);
#1122=EDGE_CURVE('',#885,#883,#482,.T.);
#1123=EDGE_CURVE('',#886,#884,#483,.T.);
#1124=EDGE_CURVE('',#886,#887,#484,.T.);
#1125=EDGE_CURVE('',#887,#885,#485,.T.);
#1126=EDGE_CURVE('',#865,#886,#486,.T.);
#1127=EDGE_CURVE('',#867,#887,#487,.T.);
#1128=EDGE_CURVE('',#888,#889,#53,.T.);
#1129=EDGE_CURVE('',#888,#890,#488,.T.);
#1130=EDGE_CURVE('',#890,#891,#54,.T.);
#1131=EDGE_CURVE('',#889,#891,#489,.T.);
#1132=EDGE_CURVE('',#892,#888,#490,.T.);
#1133=EDGE_CURVE('',#892,#893,#491,.T.);
#1134=EDGE_CURVE('',#893,#890,#492,.T.);
#1135=EDGE_CURVE('',#894,#892,#55,.T.);
#1136=EDGE_CURVE('',#894,#895,#493,.T.);
#1137=EDGE_CURVE('',#895,#893,#56,.T.);
#1138=EDGE_CURVE('',#896,#894,#57,.T.);
#1139=EDGE_CURVE('',#896,#897,#494,.T.);
#1140=EDGE_CURVE('',#897,#895,#58,.T.);
#1141=EDGE_CURVE('',#898,#896,#495,.T.);
#1142=EDGE_CURVE('',#898,#899,#496,.T.);
#1143=EDGE_CURVE('',#899,#897,#497,.T.);
#1144=EDGE_CURVE('',#900,#898,#59,.T.);
#1145=EDGE_CURVE('',#900,#901,#498,.T.);
#1146=EDGE_CURVE('',#901,#899,#60,.T.);
#1147=EDGE_CURVE('',#902,#900,#499,.T.);
#1148=EDGE_CURVE('',#902,#903,#500,.T.);
#1149=EDGE_CURVE('',#903,#901,#501,.T.);
#1150=EDGE_CURVE('',#904,#902,#502,.T.);
#1151=EDGE_CURVE('',#904,#905,#503,.T.);
#1152=EDGE_CURVE('',#905,#903,#504,.T.);
#1153=EDGE_CURVE('',#906,#904,#505,.T.);
#1154=EDGE_CURVE('',#906,#907,#506,.T.);
#1155=EDGE_CURVE('',#907,#905,#507,.T.);
#1156=EDGE_CURVE('',#908,#906,#61,.T.);
#1157=EDGE_CURVE('',#908,#909,#508,.T.);
#1158=EDGE_CURVE('',#909,#907,#62,.T.);
#1159=EDGE_CURVE('',#910,#908,#63,.T.);
#1160=EDGE_CURVE('',#910,#911,#509,.T.);
#1161=EDGE_CURVE('',#911,#909,#64,.T.);
#1162=EDGE_CURVE('',#912,#910,#510,.T.);
#1163=EDGE_CURVE('',#912,#913,#511,.T.);
#1164=EDGE_CURVE('',#913,#911,#512,.T.);
#1165=EDGE_CURVE('',#889,#912,#65,.T.);
#1166=EDGE_CURVE('',#891,#913,#66,.T.);
#1167=EDGE_CURVE('',#914,#915,#67,.T.);
#1168=EDGE_CURVE('',#914,#916,#513,.T.);
#1169=EDGE_CURVE('',#916,#917,#68,.T.);
#1170=EDGE_CURVE('',#915,#917,#514,.T.);
#1171=EDGE_CURVE('',#918,#914,#69,.T.);
#1172=EDGE_CURVE('',#918,#919,#515,.T.);
#1173=EDGE_CURVE('',#919,#916,#70,.T.);
#1174=EDGE_CURVE('',#920,#918,#71,.T.);
#1175=EDGE_CURVE('',#920,#921,#516,.T.);
#1176=EDGE_CURVE('',#921,#919,#72,.T.);
#1177=EDGE_CURVE('',#922,#920,#73,.T.);
#1178=EDGE_CURVE('',#922,#923,#517,.T.);
#1179=EDGE_CURVE('',#923,#921,#74,.T.);
#1180=EDGE_CURVE('',#924,#922,#75,.T.);
#1181=EDGE_CURVE('',#924,#925,#518,.T.);
#1182=EDGE_CURVE('',#925,#923,#76,.T.);
#1183=EDGE_CURVE('',#926,#924,#77,.T.);
#1184=EDGE_CURVE('',#926,#927,#519,.T.);
#1185=EDGE_CURVE('',#927,#925,#78,.T.);
#1186=EDGE_CURVE('',#928,#926,#79,.T.);
#1187=EDGE_CURVE('',#928,#929,#520,.T.);
#1188=EDGE_CURVE('',#929,#927,#80,.T.);
#1189=EDGE_CURVE('',#930,#928,#521,.T.);
#1190=EDGE_CURVE('',#930,#931,#522,.T.);
#1191=EDGE_CURVE('',#931,#929,#523,.T.);
#1192=EDGE_CURVE('',#932,#930,#81,.T.);
#1193=EDGE_CURVE('',#932,#933,#524,.T.);
#1194=EDGE_CURVE('',#933,#931,#82,.T.);
#1195=EDGE_CURVE('',#934,#932,#83,.T.);
#1196=EDGE_CURVE('',#934,#935,#525,.T.);
#1197=EDGE_CURVE('',#935,#933,#84,.T.);
#1198=EDGE_CURVE('',#936,#934,#85,.T.);
#1199=EDGE_CURVE('',#936,#937,#526,.T.);
#1200=EDGE_CURVE('',#937,#935,#86,.T.);
#1201=EDGE_CURVE('',#938,#936,#87,.T.);
#1202=EDGE_CURVE('',#938,#939,#527,.T.);
#1203=EDGE_CURVE('',#939,#937,#88,.T.);
#1204=EDGE_CURVE('',#940,#938,#89,.T.);
#1205=EDGE_CURVE('',#940,#941,#528,.T.);
#1206=EDGE_CURVE('',#941,#939,#90,.T.);
#1207=EDGE_CURVE('',#942,#940,#91,.T.);
#1208=EDGE_CURVE('',#942,#943,#529,.T.);
#1209=EDGE_CURVE('',#943,#941,#92,.T.);
#1210=EDGE_CURVE('',#944,#942,#93,.T.);
#1211=EDGE_CURVE('',#944,#945,#530,.T.);
#1212=EDGE_CURVE('',#945,#943,#94,.T.);
#1213=EDGE_CURVE('',#946,#944,#95,.T.);
#1214=EDGE_CURVE('',#946,#947,#531,.T.);
#1215=EDGE_CURVE('',#947,#945,#96,.T.);
#1216=EDGE_CURVE('',#948,#946,#532,.T.);
#1217=EDGE_CURVE('',#948,#949,#533,.T.);
#1218=EDGE_CURVE('',#949,#947,#534,.T.);
#1219=EDGE_CURVE('',#915,#948,#97,.T.);
#1220=EDGE_CURVE('',#917,#949,#98,.T.);
#1221=EDGE_CURVE('',#950,#951,#535,.T.);
#1222=EDGE_CURVE('',#952,#950,#536,.T.);
#1223=EDGE_CURVE('',#953,#952,#537,.T.);
#1224=EDGE_CURVE('',#953,#951,#538,.T.);
#1225=EDGE_CURVE('',#954,#952,#539,.T.);
#1226=EDGE_CURVE('',#954,#955,#540,.T.);
#1227=EDGE_CURVE('',#955,#953,#541,.T.);
#1228=EDGE_CURVE('',#950,#956,#542,.T.);
#1229=EDGE_CURVE('',#954,#956,#543,.T.);
#1230=EDGE_CURVE('',#957,#958,#544,.T.);
#1231=EDGE_CURVE('',#957,#959,#545,.T.);
#1232=EDGE_CURVE('',#960,#959,#546,.T.);
#1233=EDGE_CURVE('',#958,#960,#547,.T.);
#1234=EDGE_CURVE('',#959,#961,#548,.T.);
#1235=EDGE_CURVE('',#961,#962,#549,.T.);
#1236=EDGE_CURVE('',#960,#962,#550,.T.);
#1237=EDGE_CURVE('',#963,#958,#551,.T.);
#1238=EDGE_CURVE('',#963,#964,#552,.T.);
#1239=EDGE_CURVE('',#964,#957,#553,.T.);
#1240=EDGE_CURVE('',#951,#965,#554,.T.);
#1241=EDGE_CURVE('',#965,#956,#555,.T.);
#1242=EDGE_CURVE('',#963,#962,#556,.T.);
#1243=EDGE_CURVE('',#966,#964,#557,.T.);
#1244=EDGE_CURVE('',#967,#961,#558,.T.);
#1245=EDGE_CURVE('',#967,#968,#559,.T.);
#1246=EDGE_CURVE('',#968,#969,#560,.T.);
#1247=EDGE_CURVE('',#966,#969,#561,.T.);
#1248=EDGE_CURVE('',#970,#971,#562,.T.);
#1249=EDGE_CURVE('',#972,#971,#563,.T.);
#1250=EDGE_CURVE('',#973,#972,#564,.T.);
#1251=EDGE_CURVE('',#974,#973,#565,.T.);
#1252=EDGE_CURVE('',#975,#974,#566,.T.);
#1253=EDGE_CURVE('',#969,#975,#567,.T.);
#1254=EDGE_CURVE('',#970,#968,#568,.T.);
#1255=EDGE_CURVE('',#976,#976,#166,.T.);
#1256=EDGE_CURVE('',#977,#977,#167,.T.);
#1257=EDGE_CURVE('',#977,#801,#569,.T.);
#1258=EDGE_CURVE('',#976,#800,#570,.T.);
#1259=EDGE_CURVE('',#978,#795,#571,.T.);
#1260=EDGE_CURVE('',#978,#796,#572,.T.);
#1261=EDGE_CURVE('',#979,#978,#573,.T.);
#1262=EDGE_CURVE('',#979,#974,#574,.T.);
#1263=EDGE_CURVE('',#973,#980,#575,.T.);
#1264=EDGE_CURVE('',#981,#980,#576,.T.);
#1265=EDGE_CURVE('',#797,#981,#577,.T.);
#1266=EDGE_CURVE('',#981,#794,#578,.T.);
#1267=EDGE_CURVE('',#980,#982,#579,.T.);
#1268=EDGE_CURVE('',#982,#983,#580,.T.);
#1269=EDGE_CURVE('',#983,#965,#581,.T.);
#1270=EDGE_CURVE('',#984,#955,#582,.T.);
#1271=EDGE_CURVE('',#984,#967,#583,.T.);
#1272=EDGE_CURVE('',#966,#985,#584,.T.);
#1273=EDGE_CURVE('',#985,#979,#585,.T.);
#1274=EDGE_CURVE('',#986,#986,#168,.T.);
#1275=EDGE_CURVE('',#987,#987,#169,.T.);
#1276=EDGE_CURVE('',#987,#799,#586,.T.);
#1277=EDGE_CURVE('',#986,#798,#587,.T.);
#1278=EDGE_CURVE('',#982,#972,#588,.T.);
#1279=EDGE_CURVE('',#983,#971,#589,.T.);
#1280=EDGE_CURVE('',#984,#970,#590,.T.);
#1281=EDGE_CURVE('',#985,#975,#591,.T.);
#1282=ORIENTED_EDGE('',*,*,#988,.T.);
#1283=ORIENTED_EDGE('',*,*,#989,.F.);
#1284=ORIENTED_EDGE('',*,*,#990,.F.);
#1285=ORIENTED_EDGE('',*,*,#991,.F.);
#1286=ORIENTED_EDGE('',*,*,#988,.F.);
#1287=ORIENTED_EDGE('',*,*,#992,.F.);
#1288=ORIENTED_EDGE('',*,*,#993,.F.);
#1289=ORIENTED_EDGE('',*,*,#994,.F.);
#1290=ORIENTED_EDGE('',*,*,#995,.F.);
#1291=ORIENTED_EDGE('',*,*,#996,.F.);
#1292=ORIENTED_EDGE('',*,*,#997,.T.);
#1293=ORIENTED_EDGE('',*,*,#998,.T.);
#1294=ORIENTED_EDGE('',*,*,#999,.T.);
#1295=ORIENTED_EDGE('',*,*,#999,.F.);
#1296=ORIENTED_EDGE('',*,*,#1000,.T.);
#1297=ORIENTED_EDGE('',*,*,#1001,.F.);
#1298=ORIENTED_EDGE('',*,*,#1000,.F.);
#1299=ORIENTED_EDGE('',*,*,#1002,.F.);
#1300=ORIENTED_EDGE('',*,*,#1003,.T.);
#1301=ORIENTED_EDGE('',*,*,#1004,.T.);
#1302=ORIENTED_EDGE('',*,*,#1005,.F.);
#1303=ORIENTED_EDGE('',*,*,#1006,.F.);
#1304=ORIENTED_EDGE('',*,*,#1007,.T.);
#1305=ORIENTED_EDGE('',*,*,#1008,.T.);
#1306=ORIENTED_EDGE('',*,*,#1003,.F.);
#1307=ORIENTED_EDGE('',*,*,#1009,.F.);
#1308=ORIENTED_EDGE('',*,*,#1010,.T.);
#1309=ORIENTED_EDGE('',*,*,#1011,.T.);
#1310=ORIENTED_EDGE('',*,*,#1007,.F.);
#1311=ORIENTED_EDGE('',*,*,#1012,.F.);
#1312=ORIENTED_EDGE('',*,*,#1013,.T.);
#1313=ORIENTED_EDGE('',*,*,#1014,.T.);
#1314=ORIENTED_EDGE('',*,*,#1010,.F.);
#1315=ORIENTED_EDGE('',*,*,#1015,.F.);
#1316=ORIENTED_EDGE('',*,*,#1016,.T.);
#1317=ORIENTED_EDGE('',*,*,#1017,.T.);
#1318=ORIENTED_EDGE('',*,*,#1013,.F.);
#1319=ORIENTED_EDGE('',*,*,#1018,.F.);
#1320=ORIENTED_EDGE('',*,*,#1019,.T.);
#1321=ORIENTED_EDGE('',*,*,#1020,.T.);
#1322=ORIENTED_EDGE('',*,*,#1016,.F.);
#1323=ORIENTED_EDGE('',*,*,#1021,.F.);
#1324=ORIENTED_EDGE('',*,*,#1022,.T.);
#1325=ORIENTED_EDGE('',*,*,#1023,.T.);
#1326=ORIENTED_EDGE('',*,*,#1019,.F.);
#1327=ORIENTED_EDGE('',*,*,#1024,.F.);
#1328=ORIENTED_EDGE('',*,*,#1025,.T.);
#1329=ORIENTED_EDGE('',*,*,#1026,.T.);
#1330=ORIENTED_EDGE('',*,*,#1022,.F.);
#1331=ORIENTED_EDGE('',*,*,#1027,.F.);
#1332=ORIENTED_EDGE('',*,*,#1028,.T.);
#1333=ORIENTED_EDGE('',*,*,#1029,.T.);
#1334=ORIENTED_EDGE('',*,*,#1025,.F.);
#1335=ORIENTED_EDGE('',*,*,#1030,.F.);
#1336=ORIENTED_EDGE('',*,*,#1031,.T.);
#1337=ORIENTED_EDGE('',*,*,#1032,.T.);
#1338=ORIENTED_EDGE('',*,*,#1028,.F.);
#1339=ORIENTED_EDGE('',*,*,#1033,.F.);
#1340=ORIENTED_EDGE('',*,*,#1034,.T.);
#1341=ORIENTED_EDGE('',*,*,#1035,.T.);
#1342=ORIENTED_EDGE('',*,*,#1031,.F.);
#1343=ORIENTED_EDGE('',*,*,#1036,.F.);
#1344=ORIENTED_EDGE('',*,*,#1037,.T.);
#1345=ORIENTED_EDGE('',*,*,#1038,.T.);
#1346=ORIENTED_EDGE('',*,*,#1034,.F.);
#1347=ORIENTED_EDGE('',*,*,#1039,.F.);
#1348=ORIENTED_EDGE('',*,*,#1040,.T.);
#1349=ORIENTED_EDGE('',*,*,#1041,.T.);
#1350=ORIENTED_EDGE('',*,*,#1037,.F.);
#1351=ORIENTED_EDGE('',*,*,#1042,.F.);
#1352=ORIENTED_EDGE('',*,*,#1043,.T.);
#1353=ORIENTED_EDGE('',*,*,#1044,.T.);
#1354=ORIENTED_EDGE('',*,*,#1040,.F.);
#1355=ORIENTED_EDGE('',*,*,#1045,.F.);
#1356=ORIENTED_EDGE('',*,*,#1046,.T.);
#1357=ORIENTED_EDGE('',*,*,#1047,.T.);
#1358=ORIENTED_EDGE('',*,*,#1043,.F.);
#1359=ORIENTED_EDGE('',*,*,#1048,.F.);
#1360=ORIENTED_EDGE('',*,*,#1049,.T.);
#1361=ORIENTED_EDGE('',*,*,#1050,.T.);
#1362=ORIENTED_EDGE('',*,*,#1046,.F.);
#1363=ORIENTED_EDGE('',*,*,#1051,.F.);
#1364=ORIENTED_EDGE('',*,*,#1052,.T.);
#1365=ORIENTED_EDGE('',*,*,#1053,.T.);
#1366=ORIENTED_EDGE('',*,*,#1049,.F.);
#1367=ORIENTED_EDGE('',*,*,#1054,.F.);
#1368=ORIENTED_EDGE('',*,*,#1055,.T.);
#1369=ORIENTED_EDGE('',*,*,#1056,.T.);
#1370=ORIENTED_EDGE('',*,*,#1052,.F.);
#1371=ORIENTED_EDGE('',*,*,#1057,.F.);
#1372=ORIENTED_EDGE('',*,*,#1058,.T.);
#1373=ORIENTED_EDGE('',*,*,#1059,.T.);
#1374=ORIENTED_EDGE('',*,*,#1055,.F.);
#1375=ORIENTED_EDGE('',*,*,#1060,.F.);
#1376=ORIENTED_EDGE('',*,*,#1061,.T.);
#1377=ORIENTED_EDGE('',*,*,#1062,.T.);
#1378=ORIENTED_EDGE('',*,*,#1058,.F.);
#1379=ORIENTED_EDGE('',*,*,#1063,.F.);
#1380=ORIENTED_EDGE('',*,*,#1064,.T.);
#1381=ORIENTED_EDGE('',*,*,#1065,.T.);
#1382=ORIENTED_EDGE('',*,*,#1061,.F.);
#1383=ORIENTED_EDGE('',*,*,#1066,.F.);
#1384=ORIENTED_EDGE('',*,*,#1067,.T.);
#1385=ORIENTED_EDGE('',*,*,#1068,.T.);
#1386=ORIENTED_EDGE('',*,*,#1064,.F.);
#1387=ORIENTED_EDGE('',*,*,#1069,.F.);
#1388=ORIENTED_EDGE('',*,*,#1070,.T.);
#1389=ORIENTED_EDGE('',*,*,#1071,.T.);
#1390=ORIENTED_EDGE('',*,*,#1067,.F.);
#1391=ORIENTED_EDGE('',*,*,#1072,.F.);
#1392=ORIENTED_EDGE('',*,*,#1073,.T.);
#1393=ORIENTED_EDGE('',*,*,#1074,.T.);
#1394=ORIENTED_EDGE('',*,*,#1070,.F.);
#1395=ORIENTED_EDGE('',*,*,#1075,.F.);
#1396=ORIENTED_EDGE('',*,*,#1076,.T.);
#1397=ORIENTED_EDGE('',*,*,#1077,.T.);
#1398=ORIENTED_EDGE('',*,*,#1073,.F.);
#1399=ORIENTED_EDGE('',*,*,#1078,.F.);
#1400=ORIENTED_EDGE('',*,*,#1079,.T.);
#1401=ORIENTED_EDGE('',*,*,#1080,.T.);
#1402=ORIENTED_EDGE('',*,*,#1076,.F.);
#1403=ORIENTED_EDGE('',*,*,#1081,.F.);
#1404=ORIENTED_EDGE('',*,*,#1082,.T.);
#1405=ORIENTED_EDGE('',*,*,#1083,.T.);
#1406=ORIENTED_EDGE('',*,*,#1079,.F.);
#1407=ORIENTED_EDGE('',*,*,#1084,.F.);
#1408=ORIENTED_EDGE('',*,*,#1085,.T.);
#1409=ORIENTED_EDGE('',*,*,#1086,.T.);
#1410=ORIENTED_EDGE('',*,*,#1082,.F.);
#1411=ORIENTED_EDGE('',*,*,#1087,.F.);
#1412=ORIENTED_EDGE('',*,*,#1088,.T.);
#1413=ORIENTED_EDGE('',*,*,#1089,.T.);
#1414=ORIENTED_EDGE('',*,*,#1085,.F.);
#1415=ORIENTED_EDGE('',*,*,#1090,.F.);
#1416=ORIENTED_EDGE('',*,*,#1005,.T.);
#1417=ORIENTED_EDGE('',*,*,#1091,.T.);
#1418=ORIENTED_EDGE('',*,*,#1088,.F.);
#1419=ORIENTED_EDGE('',*,*,#1091,.F.);
#1420=ORIENTED_EDGE('',*,*,#1004,.F.);
#1421=ORIENTED_EDGE('',*,*,#1008,.F.);
#1422=ORIENTED_EDGE('',*,*,#1011,.F.);
#1423=ORIENTED_EDGE('',*,*,#1014,.F.);
#1424=ORIENTED_EDGE('',*,*,#1017,.F.);
#1425=ORIENTED_EDGE('',*,*,#1020,.F.);
#1426=ORIENTED_EDGE('',*,*,#1023,.F.);
#1427=ORIENTED_EDGE('',*,*,#1026,.F.);
#1428=ORIENTED_EDGE('',*,*,#1029,.F.);
#1429=ORIENTED_EDGE('',*,*,#1032,.F.);
#1430=ORIENTED_EDGE('',*,*,#1035,.F.);
#1431=ORIENTED_EDGE('',*,*,#1038,.F.);
#1432=ORIENTED_EDGE('',*,*,#1041,.F.);
#1433=ORIENTED_EDGE('',*,*,#1044,.F.);
#1434=ORIENTED_EDGE('',*,*,#1047,.F.);
#1435=ORIENTED_EDGE('',*,*,#1050,.F.);
#1436=ORIENTED_EDGE('',*,*,#1053,.F.);
#1437=ORIENTED_EDGE('',*,*,#1056,.F.);
#1438=ORIENTED_EDGE('',*,*,#1059,.F.);
#1439=ORIENTED_EDGE('',*,*,#1062,.F.);
#1440=ORIENTED_EDGE('',*,*,#1065,.F.);
#1441=ORIENTED_EDGE('',*,*,#1068,.F.);
#1442=ORIENTED_EDGE('',*,*,#1071,.F.);
#1443=ORIENTED_EDGE('',*,*,#1074,.F.);
#1444=ORIENTED_EDGE('',*,*,#1077,.F.);
#1445=ORIENTED_EDGE('',*,*,#1080,.F.);
#1446=ORIENTED_EDGE('',*,*,#1083,.F.);
#1447=ORIENTED_EDGE('',*,*,#1086,.F.);
#1448=ORIENTED_EDGE('',*,*,#1089,.F.);
#1449=ORIENTED_EDGE('',*,*,#1092,.F.);
#1450=ORIENTED_EDGE('',*,*,#1093,.T.);
#1451=ORIENTED_EDGE('',*,*,#1094,.T.);
#1452=ORIENTED_EDGE('',*,*,#1095,.F.);
#1453=ORIENTED_EDGE('',*,*,#1096,.F.);
#1454=ORIENTED_EDGE('',*,*,#1097,.T.);
#1455=ORIENTED_EDGE('',*,*,#1098,.T.);
#1456=ORIENTED_EDGE('',*,*,#1093,.F.);
#1457=ORIENTED_EDGE('',*,*,#1099,.F.);
#1458=ORIENTED_EDGE('',*,*,#1100,.T.);
#1459=ORIENTED_EDGE('',*,*,#1101,.T.);
#1460=ORIENTED_EDGE('',*,*,#1097,.F.);
#1461=ORIENTED_EDGE('',*,*,#1102,.F.);
#1462=ORIENTED_EDGE('',*,*,#1103,.T.);
#1463=ORIENTED_EDGE('',*,*,#1104,.T.);
#1464=ORIENTED_EDGE('',*,*,#1100,.F.);
#1465=ORIENTED_EDGE('',*,*,#1105,.F.);
#1466=ORIENTED_EDGE('',*,*,#1106,.T.);
#1467=ORIENTED_EDGE('',*,*,#1107,.T.);
#1468=ORIENTED_EDGE('',*,*,#1103,.F.);
#1469=ORIENTED_EDGE('',*,*,#1108,.F.);
#1470=ORIENTED_EDGE('',*,*,#1109,.T.);
#1471=ORIENTED_EDGE('',*,*,#1110,.T.);
#1472=ORIENTED_EDGE('',*,*,#1106,.F.);
#1473=ORIENTED_EDGE('',*,*,#1111,.F.);
#1474=ORIENTED_EDGE('',*,*,#1112,.T.);
#1475=ORIENTED_EDGE('',*,*,#1113,.T.);
#1476=ORIENTED_EDGE('',*,*,#1109,.F.);
#1477=ORIENTED_EDGE('',*,*,#1114,.F.);
#1478=ORIENTED_EDGE('',*,*,#1115,.T.);
#1479=ORIENTED_EDGE('',*,*,#1116,.T.);
#1480=ORIENTED_EDGE('',*,*,#1112,.F.);
#1481=ORIENTED_EDGE('',*,*,#1117,.F.);
#1482=ORIENTED_EDGE('',*,*,#1118,.T.);
#1483=ORIENTED_EDGE('',*,*,#1119,.T.);
#1484=ORIENTED_EDGE('',*,*,#1115,.F.);
#1485=ORIENTED_EDGE('',*,*,#1120,.F.);
#1486=ORIENTED_EDGE('',*,*,#1121,.T.);
#1487=ORIENTED_EDGE('',*,*,#1122,.T.);
#1488=ORIENTED_EDGE('',*,*,#1118,.F.);
#1489=ORIENTED_EDGE('',*,*,#1123,.F.);
#1490=ORIENTED_EDGE('',*,*,#1124,.T.);
#1491=ORIENTED_EDGE('',*,*,#1125,.T.);
#1492=ORIENTED_EDGE('',*,*,#1121,.F.);
#1493=ORIENTED_EDGE('',*,*,#1126,.F.);
#1494=ORIENTED_EDGE('',*,*,#1095,.T.);
#1495=ORIENTED_EDGE('',*,*,#1127,.T.);
#1496=ORIENTED_EDGE('',*,*,#1124,.F.);
#1497=ORIENTED_EDGE('',*,*,#1127,.F.);
#1498=ORIENTED_EDGE('',*,*,#1094,.F.);
#1499=ORIENTED_EDGE('',*,*,#1098,.F.);
#1500=ORIENTED_EDGE('',*,*,#1101,.F.);
#1501=ORIENTED_EDGE('',*,*,#1104,.F.);
#1502=ORIENTED_EDGE('',*,*,#1107,.F.);
#1503=ORIENTED_EDGE('',*,*,#1110,.F.);
#1504=ORIENTED_EDGE('',*,*,#1113,.F.);
#1505=ORIENTED_EDGE('',*,*,#1116,.F.);
#1506=ORIENTED_EDGE('',*,*,#1119,.F.);
#1507=ORIENTED_EDGE('',*,*,#1122,.F.);
#1508=ORIENTED_EDGE('',*,*,#1125,.F.);
#1509=ORIENTED_EDGE('',*,*,#1128,.F.);
#1510=ORIENTED_EDGE('',*,*,#1129,.T.);
#1511=ORIENTED_EDGE('',*,*,#1130,.T.);
#1512=ORIENTED_EDGE('',*,*,#1131,.F.);
#1513=ORIENTED_EDGE('',*,*,#1132,.F.);
#1514=ORIENTED_EDGE('',*,*,#1133,.T.);
#1515=ORIENTED_EDGE('',*,*,#1134,.T.);
#1516=ORIENTED_EDGE('',*,*,#1129,.F.);
#1517=ORIENTED_EDGE('',*,*,#1135,.F.);
#1518=ORIENTED_EDGE('',*,*,#1136,.T.);
#1519=ORIENTED_EDGE('',*,*,#1137,.T.);
#1520=ORIENTED_EDGE('',*,*,#1133,.F.);
#1521=ORIENTED_EDGE('',*,*,#1138,.F.);
#1522=ORIENTED_EDGE('',*,*,#1139,.T.);
#1523=ORIENTED_EDGE('',*,*,#1140,.T.);
#1524=ORIENTED_EDGE('',*,*,#1136,.F.);
#1525=ORIENTED_EDGE('',*,*,#1141,.F.);
#1526=ORIENTED_EDGE('',*,*,#1142,.T.);
#1527=ORIENTED_EDGE('',*,*,#1143,.T.);
#1528=ORIENTED_EDGE('',*,*,#1139,.F.);
#1529=ORIENTED_EDGE('',*,*,#1144,.F.);
#1530=ORIENTED_EDGE('',*,*,#1145,.T.);
#1531=ORIENTED_EDGE('',*,*,#1146,.T.);
#1532=ORIENTED_EDGE('',*,*,#1142,.F.);
#1533=ORIENTED_EDGE('',*,*,#1147,.F.);
#1534=ORIENTED_EDGE('',*,*,#1148,.T.);
#1535=ORIENTED_EDGE('',*,*,#1149,.T.);
#1536=ORIENTED_EDGE('',*,*,#1145,.F.);
#1537=ORIENTED_EDGE('',*,*,#1150,.F.);
#1538=ORIENTED_EDGE('',*,*,#1151,.T.);
#1539=ORIENTED_EDGE('',*,*,#1152,.T.);
#1540=ORIENTED_EDGE('',*,*,#1148,.F.);
#1541=ORIENTED_EDGE('',*,*,#1153,.F.);
#1542=ORIENTED_EDGE('',*,*,#1154,.T.);
#1543=ORIENTED_EDGE('',*,*,#1155,.T.);
#1544=ORIENTED_EDGE('',*,*,#1151,.F.);
#1545=ORIENTED_EDGE('',*,*,#1156,.F.);
#1546=ORIENTED_EDGE('',*,*,#1157,.T.);
#1547=ORIENTED_EDGE('',*,*,#1158,.T.);
#1548=ORIENTED_EDGE('',*,*,#1154,.F.);
#1549=ORIENTED_EDGE('',*,*,#1159,.F.);
#1550=ORIENTED_EDGE('',*,*,#1160,.T.);
#1551=ORIENTED_EDGE('',*,*,#1161,.T.);
#1552=ORIENTED_EDGE('',*,*,#1157,.F.);
#1553=ORIENTED_EDGE('',*,*,#1162,.F.);
#1554=ORIENTED_EDGE('',*,*,#1163,.T.);
#1555=ORIENTED_EDGE('',*,*,#1164,.T.);
#1556=ORIENTED_EDGE('',*,*,#1160,.F.);
#1557=ORIENTED_EDGE('',*,*,#1165,.F.);
#1558=ORIENTED_EDGE('',*,*,#1131,.T.);
#1559=ORIENTED_EDGE('',*,*,#1166,.T.);
#1560=ORIENTED_EDGE('',*,*,#1163,.F.);
#1561=ORIENTED_EDGE('',*,*,#1166,.F.);
#1562=ORIENTED_EDGE('',*,*,#1130,.F.);
#1563=ORIENTED_EDGE('',*,*,#1134,.F.);
#1564=ORIENTED_EDGE('',*,*,#1137,.F.);
#1565=ORIENTED_EDGE('',*,*,#1140,.F.);
#1566=ORIENTED_EDGE('',*,*,#1143,.F.);
#1567=ORIENTED_EDGE('',*,*,#1146,.F.);
#1568=ORIENTED_EDGE('',*,*,#1149,.F.);
#1569=ORIENTED_EDGE('',*,*,#1152,.F.);
#1570=ORIENTED_EDGE('',*,*,#1155,.F.);
#1571=ORIENTED_EDGE('',*,*,#1158,.F.);
#1572=ORIENTED_EDGE('',*,*,#1161,.F.);
#1573=ORIENTED_EDGE('',*,*,#1164,.F.);
#1574=ORIENTED_EDGE('',*,*,#1167,.F.);
#1575=ORIENTED_EDGE('',*,*,#1168,.T.);
#1576=ORIENTED_EDGE('',*,*,#1169,.T.);
#1577=ORIENTED_EDGE('',*,*,#1170,.F.);
#1578=ORIENTED_EDGE('',*,*,#1171,.F.);
#1579=ORIENTED_EDGE('',*,*,#1172,.T.);
#1580=ORIENTED_EDGE('',*,*,#1173,.T.);
#1581=ORIENTED_EDGE('',*,*,#1168,.F.);
#1582=ORIENTED_EDGE('',*,*,#1174,.F.);
#1583=ORIENTED_EDGE('',*,*,#1175,.T.);
#1584=ORIENTED_EDGE('',*,*,#1176,.T.);
#1585=ORIENTED_EDGE('',*,*,#1172,.F.);
#1586=ORIENTED_EDGE('',*,*,#1177,.F.);
#1587=ORIENTED_EDGE('',*,*,#1178,.T.);
#1588=ORIENTED_EDGE('',*,*,#1179,.T.);
#1589=ORIENTED_EDGE('',*,*,#1175,.F.);
#1590=ORIENTED_EDGE('',*,*,#1180,.F.);
#1591=ORIENTED_EDGE('',*,*,#1181,.T.);
#1592=ORIENTED_EDGE('',*,*,#1182,.T.);
#1593=ORIENTED_EDGE('',*,*,#1178,.F.);
#1594=ORIENTED_EDGE('',*,*,#1183,.F.);
#1595=ORIENTED_EDGE('',*,*,#1184,.T.);
#1596=ORIENTED_EDGE('',*,*,#1185,.T.);
#1597=ORIENTED_EDGE('',*,*,#1181,.F.);
#1598=ORIENTED_EDGE('',*,*,#1186,.F.);
#1599=ORIENTED_EDGE('',*,*,#1187,.T.);
#1600=ORIENTED_EDGE('',*,*,#1188,.T.);
#1601=ORIENTED_EDGE('',*,*,#1184,.F.);
#1602=ORIENTED_EDGE('',*,*,#1189,.F.);
#1603=ORIENTED_EDGE('',*,*,#1190,.T.);
#1604=ORIENTED_EDGE('',*,*,#1191,.T.);
#1605=ORIENTED_EDGE('',*,*,#1187,.F.);
#1606=ORIENTED_EDGE('',*,*,#1192,.F.);
#1607=ORIENTED_EDGE('',*,*,#1193,.T.);
#1608=ORIENTED_EDGE('',*,*,#1194,.T.);
#1609=ORIENTED_EDGE('',*,*,#1190,.F.);
#1610=ORIENTED_EDGE('',*,*,#1195,.F.);
#1611=ORIENTED_EDGE('',*,*,#1196,.T.);
#1612=ORIENTED_EDGE('',*,*,#1197,.T.);
#1613=ORIENTED_EDGE('',*,*,#1193,.F.);
#1614=ORIENTED_EDGE('',*,*,#1198,.F.);
#1615=ORIENTED_EDGE('',*,*,#1199,.T.);
#1616=ORIENTED_EDGE('',*,*,#1200,.T.);
#1617=ORIENTED_EDGE('',*,*,#1196,.F.);
#1618=ORIENTED_EDGE('',*,*,#1201,.F.);
#1619=ORIENTED_EDGE('',*,*,#1202,.T.);
#1620=ORIENTED_EDGE('',*,*,#1203,.T.);
#1621=ORIENTED_EDGE('',*,*,#1199,.F.);
#1622=ORIENTED_EDGE('',*,*,#1204,.F.);
#1623=ORIENTED_EDGE('',*,*,#1205,.T.);
#1624=ORIENTED_EDGE('',*,*,#1206,.T.);
#1625=ORIENTED_EDGE('',*,*,#1202,.F.);
#1626=ORIENTED_EDGE('',*,*,#1207,.F.);
#1627=ORIENTED_EDGE('',*,*,#1208,.T.);
#1628=ORIENTED_EDGE('',*,*,#1209,.T.);
#1629=ORIENTED_EDGE('',*,*,#1205,.F.);
#1630=ORIENTED_EDGE('',*,*,#1210,.F.);
#1631=ORIENTED_EDGE('',*,*,#1211,.T.);
#1632=ORIENTED_EDGE('',*,*,#1212,.T.);
#1633=ORIENTED_EDGE('',*,*,#1208,.F.);
#1634=ORIENTED_EDGE('',*,*,#1213,.F.);
#1635=ORIENTED_EDGE('',*,*,#1214,.T.);
#1636=ORIENTED_EDGE('',*,*,#1215,.T.);
#1637=ORIENTED_EDGE('',*,*,#1211,.F.);
#1638=ORIENTED_EDGE('',*,*,#1216,.F.);
#1639=ORIENTED_EDGE('',*,*,#1217,.T.);
#1640=ORIENTED_EDGE('',*,*,#1218,.T.);
#1641=ORIENTED_EDGE('',*,*,#1214,.F.);
#1642=ORIENTED_EDGE('',*,*,#1219,.F.);
#1643=ORIENTED_EDGE('',*,*,#1170,.T.);
#1644=ORIENTED_EDGE('',*,*,#1220,.T.);
#1645=ORIENTED_EDGE('',*,*,#1217,.F.);
#1646=ORIENTED_EDGE('',*,*,#1220,.F.);
#1647=ORIENTED_EDGE('',*,*,#1169,.F.);
#1648=ORIENTED_EDGE('',*,*,#1173,.F.);
#1649=ORIENTED_EDGE('',*,*,#1176,.F.);
#1650=ORIENTED_EDGE('',*,*,#1179,.F.);
#1651=ORIENTED_EDGE('',*,*,#1182,.F.);
#1652=ORIENTED_EDGE('',*,*,#1185,.F.);
#1653=ORIENTED_EDGE('',*,*,#1188,.F.);
#1654=ORIENTED_EDGE('',*,*,#1191,.F.);
#1655=ORIENTED_EDGE('',*,*,#1194,.F.);
#1656=ORIENTED_EDGE('',*,*,#1197,.F.);
#1657=ORIENTED_EDGE('',*,*,#1200,.F.);
#1658=ORIENTED_EDGE('',*,*,#1203,.F.);
#1659=ORIENTED_EDGE('',*,*,#1206,.F.);
#1660=ORIENTED_EDGE('',*,*,#1209,.F.);
#1661=ORIENTED_EDGE('',*,*,#1212,.F.);
#1662=ORIENTED_EDGE('',*,*,#1215,.F.);
#1663=ORIENTED_EDGE('',*,*,#1218,.F.);
#1664=ORIENTED_EDGE('',*,*,#1221,.F.);
#1665=ORIENTED_EDGE('',*,*,#1222,.F.);
#1666=ORIENTED_EDGE('',*,*,#1223,.F.);
#1667=ORIENTED_EDGE('',*,*,#1224,.T.);
#1668=ORIENTED_EDGE('',*,*,#1223,.T.);
#1669=ORIENTED_EDGE('',*,*,#1225,.F.);
#1670=ORIENTED_EDGE('',*,*,#1226,.T.);
#1671=ORIENTED_EDGE('',*,*,#1227,.T.);
#1672=ORIENTED_EDGE('',*,*,#1222,.T.);
#1673=ORIENTED_EDGE('',*,*,#1228,.T.);
#1674=ORIENTED_EDGE('',*,*,#1229,.F.);
#1675=ORIENTED_EDGE('',*,*,#1225,.T.);
#1676=ORIENTED_EDGE('',*,*,#1230,.F.);
#1677=ORIENTED_EDGE('',*,*,#1231,.T.);
#1678=ORIENTED_EDGE('',*,*,#1232,.F.);
#1679=ORIENTED_EDGE('',*,*,#1233,.F.);
#1680=ORIENTED_EDGE('',*,*,#1232,.T.);
#1681=ORIENTED_EDGE('',*,*,#1234,.T.);
#1682=ORIENTED_EDGE('',*,*,#1235,.T.);
#1683=ORIENTED_EDGE('',*,*,#1236,.F.);
#1684=ORIENTED_EDGE('',*,*,#1230,.T.);
#1685=ORIENTED_EDGE('',*,*,#1237,.F.);
#1686=ORIENTED_EDGE('',*,*,#1238,.T.);
#1687=ORIENTED_EDGE('',*,*,#1239,.T.);
#1688=ORIENTED_EDGE('',*,*,#1221,.T.);
#1689=ORIENTED_EDGE('',*,*,#1240,.T.);
#1690=ORIENTED_EDGE('',*,*,#1241,.T.);
#1691=ORIENTED_EDGE('',*,*,#1228,.F.);
#1692=ORIENTED_EDGE('',*,*,#1233,.T.);
#1693=ORIENTED_EDGE('',*,*,#1236,.T.);
#1694=ORIENTED_EDGE('',*,*,#1242,.F.);
#1695=ORIENTED_EDGE('',*,*,#1237,.T.);
#1696=ORIENTED_EDGE('',*,*,#1243,.T.);
#1697=ORIENTED_EDGE('',*,*,#1238,.F.);
#1698=ORIENTED_EDGE('',*,*,#1242,.T.);
#1699=ORIENTED_EDGE('',*,*,#1235,.F.);
#1700=ORIENTED_EDGE('',*,*,#1244,.F.);
#1701=ORIENTED_EDGE('',*,*,#1245,.T.);
#1702=ORIENTED_EDGE('',*,*,#1246,.T.);
#1703=ORIENTED_EDGE('',*,*,#1247,.F.);
#1704=ORIENTED_EDGE('',*,*,#1248,.T.);
#1705=ORIENTED_EDGE('',*,*,#1249,.F.);
#1706=ORIENTED_EDGE('',*,*,#1250,.F.);
#1707=ORIENTED_EDGE('',*,*,#1251,.F.);
#1708=ORIENTED_EDGE('',*,*,#1252,.F.);
#1709=ORIENTED_EDGE('',*,*,#1253,.F.);
#1710=ORIENTED_EDGE('',*,*,#1246,.F.);
#1711=ORIENTED_EDGE('',*,*,#1254,.F.);
#1712=ORIENTED_EDGE('',*,*,#1255,.T.);
#1713=ORIENTED_EDGE('',*,*,#1256,.T.);
#1714=ORIENTED_EDGE('',*,*,#1256,.F.);
#1715=ORIENTED_EDGE('',*,*,#1257,.T.);
#1716=ORIENTED_EDGE('',*,*,#998,.F.);
#1717=ORIENTED_EDGE('',*,*,#1257,.F.);
#1718=ORIENTED_EDGE('',*,*,#1255,.F.);
#1719=ORIENTED_EDGE('',*,*,#1258,.T.);
#1720=ORIENTED_EDGE('',*,*,#997,.F.);
#1721=ORIENTED_EDGE('',*,*,#1258,.F.);
#1722=ORIENTED_EDGE('',*,*,#992,.T.);
#1723=ORIENTED_EDGE('',*,*,#991,.T.);
#1724=ORIENTED_EDGE('',*,*,#1259,.F.);
#1725=ORIENTED_EDGE('',*,*,#1260,.T.);
#1726=ORIENTED_EDGE('',*,*,#1002,.T.);
#1727=ORIENTED_EDGE('',*,*,#1090,.T.);
#1728=ORIENTED_EDGE('',*,*,#1087,.T.);
#1729=ORIENTED_EDGE('',*,*,#1084,.T.);
#1730=ORIENTED_EDGE('',*,*,#1081,.T.);
#1731=ORIENTED_EDGE('',*,*,#1078,.T.);
#1732=ORIENTED_EDGE('',*,*,#1075,.T.);
#1733=ORIENTED_EDGE('',*,*,#1072,.T.);
#1734=ORIENTED_EDGE('',*,*,#1069,.T.);
#1735=ORIENTED_EDGE('',*,*,#1066,.T.);
#1736=ORIENTED_EDGE('',*,*,#1063,.T.);
#1737=ORIENTED_EDGE('',*,*,#1060,.T.);
#1738=ORIENTED_EDGE('',*,*,#1057,.T.);
#1739=ORIENTED_EDGE('',*,*,#1054,.T.);
#1740=ORIENTED_EDGE('',*,*,#1051,.T.);
#1741=ORIENTED_EDGE('',*,*,#1048,.T.);
#1742=ORIENTED_EDGE('',*,*,#1045,.T.);
#1743=ORIENTED_EDGE('',*,*,#1042,.T.);
#1744=ORIENTED_EDGE('',*,*,#1039,.T.);
#1745=ORIENTED_EDGE('',*,*,#1036,.T.);
#1746=ORIENTED_EDGE('',*,*,#1033,.T.);
#1747=ORIENTED_EDGE('',*,*,#1030,.T.);
#1748=ORIENTED_EDGE('',*,*,#1027,.T.);
#1749=ORIENTED_EDGE('',*,*,#1024,.T.);
#1750=ORIENTED_EDGE('',*,*,#1021,.T.);
#1751=ORIENTED_EDGE('',*,*,#1018,.T.);
#1752=ORIENTED_EDGE('',*,*,#1015,.T.);
#1753=ORIENTED_EDGE('',*,*,#1012,.T.);
#1754=ORIENTED_EDGE('',*,*,#1009,.T.);
#1755=ORIENTED_EDGE('',*,*,#1006,.T.);
#1756=ORIENTED_EDGE('',*,*,#1092,.T.);
#1757=ORIENTED_EDGE('',*,*,#1126,.T.);
#1758=ORIENTED_EDGE('',*,*,#1123,.T.);
#1759=ORIENTED_EDGE('',*,*,#1120,.T.);
#1760=ORIENTED_EDGE('',*,*,#1117,.T.);
#1761=ORIENTED_EDGE('',*,*,#1114,.T.);
#1762=ORIENTED_EDGE('',*,*,#1111,.T.);
#1763=ORIENTED_EDGE('',*,*,#1108,.T.);
#1764=ORIENTED_EDGE('',*,*,#1105,.T.);
#1765=ORIENTED_EDGE('',*,*,#1102,.T.);
#1766=ORIENTED_EDGE('',*,*,#1099,.T.);
#1767=ORIENTED_EDGE('',*,*,#1096,.T.);
#1768=ORIENTED_EDGE('',*,*,#1128,.T.);
#1769=ORIENTED_EDGE('',*,*,#1165,.T.);
#1770=ORIENTED_EDGE('',*,*,#1162,.T.);
#1771=ORIENTED_EDGE('',*,*,#1159,.T.);
#1772=ORIENTED_EDGE('',*,*,#1156,.T.);
#1773=ORIENTED_EDGE('',*,*,#1153,.T.);
#1774=ORIENTED_EDGE('',*,*,#1150,.T.);
#1775=ORIENTED_EDGE('',*,*,#1147,.T.);
#1776=ORIENTED_EDGE('',*,*,#1144,.T.);
#1777=ORIENTED_EDGE('',*,*,#1141,.T.);
#1778=ORIENTED_EDGE('',*,*,#1138,.T.);
#1779=ORIENTED_EDGE('',*,*,#1135,.T.);
#1780=ORIENTED_EDGE('',*,*,#1132,.T.);
#1781=ORIENTED_EDGE('',*,*,#1167,.T.);
#1782=ORIENTED_EDGE('',*,*,#1219,.T.);
#1783=ORIENTED_EDGE('',*,*,#1216,.T.);
#1784=ORIENTED_EDGE('',*,*,#1213,.T.);
#1785=ORIENTED_EDGE('',*,*,#1210,.T.);
#1786=ORIENTED_EDGE('',*,*,#1207,.T.);
#1787=ORIENTED_EDGE('',*,*,#1204,.T.);
#1788=ORIENTED_EDGE('',*,*,#1201,.T.);
#1789=ORIENTED_EDGE('',*,*,#1198,.T.);
#1790=ORIENTED_EDGE('',*,*,#1195,.T.);
#1791=ORIENTED_EDGE('',*,*,#1192,.T.);
#1792=ORIENTED_EDGE('',*,*,#1189,.T.);
#1793=ORIENTED_EDGE('',*,*,#1186,.T.);
#1794=ORIENTED_EDGE('',*,*,#1183,.T.);
#1795=ORIENTED_EDGE('',*,*,#1180,.T.);
#1796=ORIENTED_EDGE('',*,*,#1177,.T.);
#1797=ORIENTED_EDGE('',*,*,#1174,.T.);
#1798=ORIENTED_EDGE('',*,*,#1171,.T.);
#1799=ORIENTED_EDGE('',*,*,#993,.T.);
#1800=ORIENTED_EDGE('',*,*,#1260,.F.);
#1801=ORIENTED_EDGE('',*,*,#1261,.F.);
#1802=ORIENTED_EDGE('',*,*,#1262,.T.);
#1803=ORIENTED_EDGE('',*,*,#1251,.T.);
#1804=ORIENTED_EDGE('',*,*,#1263,.T.);
#1805=ORIENTED_EDGE('',*,*,#1264,.F.);
#1806=ORIENTED_EDGE('',*,*,#1265,.F.);
#1807=ORIENTED_EDGE('',*,*,#990,.T.);
#1808=ORIENTED_EDGE('',*,*,#1266,.F.);
#1809=ORIENTED_EDGE('',*,*,#1264,.T.);
#1810=ORIENTED_EDGE('',*,*,#1267,.T.);
#1811=ORIENTED_EDGE('',*,*,#1268,.T.);
#1812=ORIENTED_EDGE('',*,*,#1269,.T.);
#1813=ORIENTED_EDGE('',*,*,#1240,.F.);
#1814=ORIENTED_EDGE('',*,*,#1224,.F.);
#1815=ORIENTED_EDGE('',*,*,#1227,.F.);
#1816=ORIENTED_EDGE('',*,*,#1270,.F.);
#1817=ORIENTED_EDGE('',*,*,#1271,.T.);
#1818=ORIENTED_EDGE('',*,*,#1244,.T.);
#1819=ORIENTED_EDGE('',*,*,#1234,.F.);
#1820=ORIENTED_EDGE('',*,*,#1231,.F.);
#1821=ORIENTED_EDGE('',*,*,#1239,.F.);
#1822=ORIENTED_EDGE('',*,*,#1243,.F.);
#1823=ORIENTED_EDGE('',*,*,#1272,.T.);
#1824=ORIENTED_EDGE('',*,*,#1273,.T.);
#1825=ORIENTED_EDGE('',*,*,#1261,.T.);
#1826=ORIENTED_EDGE('',*,*,#1259,.T.);
#1827=ORIENTED_EDGE('',*,*,#1001,.T.);
#1828=ORIENTED_EDGE('',*,*,#1274,.T.);
#1829=ORIENTED_EDGE('',*,*,#1275,.T.);
#1830=ORIENTED_EDGE('',*,*,#1275,.F.);
#1831=ORIENTED_EDGE('',*,*,#1276,.T.);
#1832=ORIENTED_EDGE('',*,*,#996,.T.);
#1833=ORIENTED_EDGE('',*,*,#1276,.F.);
#1834=ORIENTED_EDGE('',*,*,#994,.T.);
#1835=ORIENTED_EDGE('',*,*,#1265,.T.);
#1836=ORIENTED_EDGE('',*,*,#1266,.T.);
#1837=ORIENTED_EDGE('',*,*,#989,.T.);
#1838=ORIENTED_EDGE('',*,*,#1274,.F.);
#1839=ORIENTED_EDGE('',*,*,#1277,.T.);
#1840=ORIENTED_EDGE('',*,*,#995,.T.);
#1841=ORIENTED_EDGE('',*,*,#1277,.F.);
#1842=ORIENTED_EDGE('',*,*,#1278,.F.);
#1843=ORIENTED_EDGE('',*,*,#1267,.F.);
#1844=ORIENTED_EDGE('',*,*,#1263,.F.);
#1845=ORIENTED_EDGE('',*,*,#1250,.T.);
#1846=ORIENTED_EDGE('',*,*,#1279,.F.);
#1847=ORIENTED_EDGE('',*,*,#1268,.F.);
#1848=ORIENTED_EDGE('',*,*,#1278,.T.);
#1849=ORIENTED_EDGE('',*,*,#1249,.T.);
#1850=ORIENTED_EDGE('',*,*,#1269,.F.);
#1851=ORIENTED_EDGE('',*,*,#1279,.T.);
#1852=ORIENTED_EDGE('',*,*,#1248,.F.);
#1853=ORIENTED_EDGE('',*,*,#1280,.F.);
#1854=ORIENTED_EDGE('',*,*,#1270,.T.);
#1855=ORIENTED_EDGE('',*,*,#1226,.F.);
#1856=ORIENTED_EDGE('',*,*,#1229,.T.);
#1857=ORIENTED_EDGE('',*,*,#1241,.F.);
#1858=ORIENTED_EDGE('',*,*,#1245,.F.);
#1859=ORIENTED_EDGE('',*,*,#1271,.F.);
#1860=ORIENTED_EDGE('',*,*,#1280,.T.);
#1861=ORIENTED_EDGE('',*,*,#1254,.T.);
#1862=ORIENTED_EDGE('',*,*,#1262,.F.);
#1863=ORIENTED_EDGE('',*,*,#1273,.F.);
#1864=ORIENTED_EDGE('',*,*,#1281,.T.);
#1865=ORIENTED_EDGE('',*,*,#1252,.T.);
#1866=ORIENTED_EDGE('',*,*,#1281,.F.);
#1867=ORIENTED_EDGE('',*,*,#1272,.F.);
#1868=ORIENTED_EDGE('',*,*,#1247,.T.);
#1869=ORIENTED_EDGE('',*,*,#1253,.T.);
#1870=PLANE('',#2045);
#1871=PLANE('',#2046);
#1872=PLANE('',#2054);
#1873=PLANE('',#2055);
#1874=PLANE('',#2056);
#1875=PLANE('',#2057);
#1876=PLANE('',#2058);
#1877=PLANE('',#2059);
#1878=PLANE('',#2060);
#1879=PLANE('',#2061);
#1880=PLANE('',#2062);
#1881=PLANE('',#2063);
#1882=PLANE('',#2064);
#1883=PLANE('',#2065);
#1884=PLANE('',#2066);
#1885=PLANE('',#2067);
#1886=PLANE('',#2068);
#1887=PLANE('',#2069);
#1888=PLANE('',#2070);
#1889=PLANE('',#2071);
#1890=PLANE('',#2072);
#1891=PLANE('',#2073);
#1892=PLANE('',#2074);
#1893=PLANE('',#2075);
#1894=PLANE('',#2076);
#1895=PLANE('',#2077);
#1896=PLANE('',#2078);
#1897=PLANE('',#2079);
#1898=PLANE('',#2080);
#1899=PLANE('',#2081);
#1900=PLANE('',#2082);
#1901=PLANE('',#2083);
#1902=PLANE('',#2084);
#1903=PLANE('',#2085);
#1904=PLANE('',#2086);
#1905=PLANE('',#2087);
#1906=PLANE('',#2088);
#1907=PLANE('',#2089);
#1908=PLANE('',#2090);
#1909=PLANE('',#2091);
#1910=PLANE('',#2092);
#1911=PLANE('',#2093);
#1912=PLANE('',#2094);
#1913=PLANE('',#2095);
#1914=PLANE('',#2096);
#1915=PLANE('',#2097);
#1916=PLANE('',#2098);
#1917=PLANE('',#2103);
#1918=PLANE('',#2104);
#1919=PLANE('',#2105);
#1920=PLANE('',#2109);
#1921=PLANE('',#2111);
#1922=PLANE('',#2112);
#1923=PLANE('',#2113);
#1924=PLANE('',#2114);
#1925=PLANE('',#2115);
#1926=PLANE('',#2116);
#1927=ADVANCED_FACE('',(#170),#1870,.F.);
#1928=ADVANCED_FACE('',(#171,#146,#147,#148,#149,#150),#1871,.T.);
#1929=ADVANCED_FACE('',(#172),#141,.F.);
#1930=ADVANCED_FACE('',(#173),#1872,.F.);
#1931=ADVANCED_FACE('',(#174),#1873,.F.);
#1932=ADVANCED_FACE('',(#175),#99,.F.);
#1933=ADVANCED_FACE('',(#176),#100,.F.);
#1934=ADVANCED_FACE('',(#177),#101,.F.);
#1935=ADVANCED_FACE('',(#178),#102,.F.);
#1936=ADVANCED_FACE('',(#179),#103,.F.);
#1937=ADVANCED_FACE('',(#180),#104,.F.);
#1938=ADVANCED_FACE('',(#181),#1874,.F.);
#1939=ADVANCED_FACE('',(#182),#1875,.F.);
#1940=ADVANCED_FACE('',(#183),#1876,.F.);
#1941=ADVANCED_FACE('',(#184),#105,.F.);
#1942=ADVANCED_FACE('',(#185),#106,.F.);
#1943=ADVANCED_FACE('',(#186),#107,.F.);
#1944=ADVANCED_FACE('',(#187),#108,.F.);
#1945=ADVANCED_FACE('',(#188),#109,.F.);
#1946=ADVANCED_FACE('',(#189),#1877,.F.);
#1947=ADVANCED_FACE('',(#190),#1878,.F.);
#1948=ADVANCED_FACE('',(#191),#1879,.F.);
#1949=ADVANCED_FACE('',(#192),#110,.F.);
#1950=ADVANCED_FACE('',(#193),#111,.F.);
#1951=ADVANCED_FACE('',(#194),#112,.F.);
#1952=ADVANCED_FACE('',(#195),#113,.F.);
#1953=ADVANCED_FACE('',(#196),#114,.F.);
#1954=ADVANCED_FACE('',(#197),#115,.F.);
#1955=ADVANCED_FACE('',(#198),#116,.F.);
#1956=ADVANCED_FACE('',(#199),#117,.F.);
#1957=ADVANCED_FACE('',(#200),#1880,.F.);
#1958=ADVANCED_FACE('',(#201),#1881,.F.);
#1959=ADVANCED_FACE('',(#202),#1882,.F.);
#1960=ADVANCED_FACE('',(#203),#1883,.T.);
#1961=ADVANCED_FACE('',(#204),#1884,.F.);
#1962=ADVANCED_FACE('',(#205),#1885,.F.);
#1963=ADVANCED_FACE('',(#206),#1886,.F.);
#1964=ADVANCED_FACE('',(#207),#1887,.F.);
#1965=ADVANCED_FACE('',(#208),#1888,.F.);
#1966=ADVANCED_FACE('',(#209),#1889,.F.);
#1967=ADVANCED_FACE('',(#210),#1890,.F.);
#1968=ADVANCED_FACE('',(#211),#1891,.F.);
#1969=ADVANCED_FACE('',(#212),#1892,.F.);
#1970=ADVANCED_FACE('',(#213),#1893,.F.);
#1971=ADVANCED_FACE('',(#214),#1894,.F.);
#1972=ADVANCED_FACE('',(#215),#1895,.F.);
#1973=ADVANCED_FACE('',(#216),#1896,.F.);
#1974=ADVANCED_FACE('',(#217),#118,.F.);
#1975=ADVANCED_FACE('',(#218),#1897,.F.);
#1976=ADVANCED_FACE('',(#219),#119,.F.);
#1977=ADVANCED_FACE('',(#220),#120,.F.);
#1978=ADVANCED_FACE('',(#221),#1898,.F.);
#1979=ADVANCED_FACE('',(#222),#121,.F.);
#1980=ADVANCED_FACE('',(#223),#1899,.F.);
#1981=ADVANCED_FACE('',(#224),#1900,.F.);
#1982=ADVANCED_FACE('',(#225),#1901,.F.);
#1983=ADVANCED_FACE('',(#226),#122,.F.);
#1984=ADVANCED_FACE('',(#227),#123,.F.);
#1985=ADVANCED_FACE('',(#228),#1902,.F.);
#1986=ADVANCED_FACE('',(#229),#124,.F.);
#1987=ADVANCED_FACE('',(#230),#1903,.T.);
#1988=ADVANCED_FACE('',(#231),#125,.F.);
#1989=ADVANCED_FACE('',(#232),#126,.F.);
#1990=ADVANCED_FACE('',(#233),#127,.F.);
#1991=ADVANCED_FACE('',(#234),#128,.F.);
#1992=ADVANCED_FACE('',(#235),#129,.F.);
#1993=ADVANCED_FACE('',(#236),#130,.F.);
#1994=ADVANCED_FACE('',(#237),#131,.F.);
#1995=ADVANCED_FACE('',(#238),#1904,.F.);
#1996=ADVANCED_FACE('',(#239),#132,.F.);
#1997=ADVANCED_FACE('',(#240),#133,.F.);
#1998=ADVANCED_FACE('',(#241),#134,.F.);
#1999=ADVANCED_FACE('',(#242),#135,.F.);
#2000=ADVANCED_FACE('',(#243),#136,.F.);
#2001=ADVANCED_FACE('',(#244),#137,.F.);
#2002=ADVANCED_FACE('',(#245),#138,.F.);
#2003=ADVANCED_FACE('',(#246),#139,.F.);
#2004=ADVANCED_FACE('',(#247),#1905,.F.);
#2005=ADVANCED_FACE('',(#248),#140,.F.);
#2006=ADVANCED_FACE('',(#249),#1906,.T.);
#2007=ADVANCED_FACE('',(#250),#1907,.T.);
#2008=ADVANCED_FACE('',(#251),#1908,.T.);
#2009=ADVANCED_FACE('',(#252),#1909,.F.);
#2010=ADVANCED_FACE('',(#253),#1910,.T.);
#2011=ADVANCED_FACE('',(#254),#1911,.T.);
#2012=ADVANCED_FACE('',(#255),#1912,.T.);
#2013=ADVANCED_FACE('',(#256),#1913,.T.);
#2014=ADVANCED_FACE('',(#257),#1914,.F.);
#2015=ADVANCED_FACE('',(#258),#1915,.F.);
#2016=ADVANCED_FACE('',(#259,#151,#152),#1916,.T.);
#2017=ADVANCED_FACE('',(#260),#142,.F.);
#2018=ADVANCED_FACE('',(#261),#143,.F.);
#2019=ADVANCED_FACE('',(#262,#153,#154,#155,#156),#1917,.T.);
#2020=ADVANCED_FACE('',(#263),#1918,.T.);
#2021=ADVANCED_FACE('',(#264,#157,#158,#159),#1919,.T.);
#2022=ADVANCED_FACE('',(#265),#144,.F.);
#2023=ADVANCED_FACE('',(#266),#1920,.T.);
#2024=ADVANCED_FACE('',(#267),#145,.F.);
#2025=ADVANCED_FACE('',(#268),#1921,.F.);
#2026=ADVANCED_FACE('',(#269),#1922,.F.);
#2027=ADVANCED_FACE('',(#270),#1923,.F.);
#2028=ADVANCED_FACE('',(#271),#1924,.F.);
#2029=ADVANCED_FACE('',(#272),#1925,.F.);
#2030=ADVANCED_FACE('',(#273),#1926,.F.);
#2031=CLOSED_SHELL('',(#1927,#1928,#1929,#1930,#1931,#1932,#1933,#1934,
#1935,#1936,#1937,#1938,#1939,#1940,#1941,#1942,#1943,#1944,#1945,#1946,
#1947,#1948,#1949,#1950,#1951,#1952,#1953,#1954,#1955,#1956,#1957,#1958,
#1959,#1960,#1961,#1962,#1963,#1964,#1965,#1966,#1967,#1968,#1969,#1970,
#1971,#1972,#1973,#1974,#1975,#1976,#1977,#1978,#1979,#1980,#1981,#1982,
#1983,#1984,#1985,#1986,#1987,#1988,#1989,#1990,#1991,#1992,#1993,#1994,
#1995,#1996,#1997,#1998,#1999,#2000,#2001,#2002,#2003,#2004,#2005,#2006,
#2007,#2008,#2009,#2010,#2011,#2012,#2013,#2014,#2015,#2016,#2017,#2018,
#2019,#2020,#2021,#2022,#2023,#2024,#2025,#2026,#2027,#2028,#2029,#2030));
#2032=DERIVED_UNIT_ELEMENT(#2034,1.);
#2033=DERIVED_UNIT_ELEMENT(#3777,-3.);
#2034=(
MASS_UNIT()
NAMED_UNIT(*)
SI_UNIT(.KILO.,.GRAM.)
);
#2035=DERIVED_UNIT((#2032,#2033));
#2036=MEASURE_REPRESENTATION_ITEM('density measure',
POSITIVE_RATIO_MEASURE(7850.),#2035);
#2037=PROPERTY_DEFINITION_REPRESENTATION(#2042,#2039);
#2038=PROPERTY_DEFINITION_REPRESENTATION(#2043,#2040);
#2039=REPRESENTATION('material name',(#2041),#3774);
#2040=REPRESENTATION('density',(#2036),#3774);
#2041=DESCRIPTIVE_REPRESENTATION_ITEM('Stahl','Stahl');
#2042=PROPERTY_DEFINITION('material property','material name',#3784);
#2043=PROPERTY_DEFINITION('material property','density of part',#3784);
#2044=AXIS2_PLACEMENT_3D('',#2463,#2117,#2118);
#2045=AXIS2_PLACEMENT_3D('',#2464,#2119,#2120);
#2046=AXIS2_PLACEMENT_3D('',#2473,#2125,#2126);
#2047=AXIS2_PLACEMENT_3D('',#2480,#2130,#2131);
#2048=AXIS2_PLACEMENT_3D('',#2482,#2132,#2133);
#2049=AXIS2_PLACEMENT_3D('',#2484,#2134,#2135);
#2050=AXIS2_PLACEMENT_3D('',#2486,#2136,#2137);
#2051=AXIS2_PLACEMENT_3D('',#2488,#2138,#2139);
#2052=AXIS2_PLACEMENT_3D('',#2489,#2140,#2141);
#2053=AXIS2_PLACEMENT_3D('',#2492,#2143,#2144);
#2054=AXIS2_PLACEMENT_3D('',#2493,#2145,#2146);
#2055=AXIS2_PLACEMENT_3D('',#2502,#2151,#2152);
#2056=AXIS2_PLACEMENT_3D('',#2646,#2162,#2163);
#2057=AXIS2_PLACEMENT_3D('',#2652,#2167,#2168);
#2058=AXIS2_PLACEMENT_3D('',#2658,#2172,#2173);
#2059=AXIS2_PLACEMENT_3D('',#2779,#2182,#2183);
#2060=AXIS2_PLACEMENT_3D('',#2785,#2187,#2188);
#2061=AXIS2_PLACEMENT_3D('',#2791,#2192,#2193);
#2062=AXIS2_PLACEMENT_3D('',#2981,#2205,#2206);
#2063=AXIS2_PLACEMENT_3D('',#2987,#2210,#2211);
#2064=AXIS2_PLACEMENT_3D('',#2993,#2215,#2216);
#2065=AXIS2_PLACEMENT_3D('',#2996,#2219,#2220);
#2066=AXIS2_PLACEMENT_3D('',#2997,#2221,#2222);
#2067=AXIS2_PLACEMENT_3D('',#3006,#2227,#2228);
#2068=AXIS2_PLACEMENT_3D('',#3012,#2232,#2233);
#2069=AXIS2_PLACEMENT_3D('',#3018,#2237,#2238);
#2070=AXIS2_PLACEMENT_3D('',#3024,#2242,#2243);
#2071=AXIS2_PLACEMENT_3D('',#3030,#2247,#2248);
#2072=AXIS2_PLACEMENT_3D('',#3036,#2252,#2253);
#2073=AXIS2_PLACEMENT_3D('',#3042,#2257,#2258);
#2074=AXIS2_PLACEMENT_3D('',#3048,#2262,#2263);
#2075=AXIS2_PLACEMENT_3D('',#3054,#2267,#2268);
#2076=AXIS2_PLACEMENT_3D('',#3060,#2272,#2273);
#2077=AXIS2_PLACEMENT_3D('',#3066,#2277,#2278);
#2078=AXIS2_PLACEMENT_3D('',#3069,#2281,#2282);
#2079=AXIS2_PLACEMENT_3D('',#3096,#2285,#2286);
#2080=AXIS2_PLACEMENT_3D('',#3148,#2292,#2293);
#2081=AXIS2_PLACEMENT_3D('',#3177,#2298,#2299);
#2082=AXIS2_PLACEMENT_3D('',#3183,#2303,#2304);
#2083=AXIS2_PLACEMENT_3D('',#3189,#2308,#2309);
#2084=AXIS2_PLACEMENT_3D('',#3241,#2315,#2316);
#2085=AXIS2_PLACEMENT_3D('',#3267,#2320,#2321);
#2086=AXIS2_PLACEMENT_3D('',#3432,#2330,#2331);
#2087=AXIS2_PLACEMENT_3D('',#3622,#2343,#2344);
#2088=AXIS2_PLACEMENT_3D('',#3648,#2348,#2349);
#2089=AXIS2_PLACEMENT_3D('',#3649,#2350,#2351);
#2090=AXIS2_PLACEMENT_3D('',#3658,#2356,#2357);
#2091=AXIS2_PLACEMENT_3D('',#3664,#2361,#2362);
#2092=AXIS2_PLACEMENT_3D('',#3668,#2365,#2366);
#2093=AXIS2_PLACEMENT_3D('',#3677,#2371,#2372);
#2094=AXIS2_PLACEMENT_3D('',#3683,#2376,#2377);
#2095=AXIS2_PLACEMENT_3D('',#3689,#2381,#2382);
#2096=AXIS2_PLACEMENT_3D('',#3693,#2385,#2386);
#2097=AXIS2_PLACEMENT_3D('',#3695,#2388,#2389);
#2098=AXIS2_PLACEMENT_3D('',#3705,#2395,#2396);
#2099=AXIS2_PLACEMENT_3D('',#3720,#2404,#2405);
#2100=AXIS2_PLACEMENT_3D('',#3722,#2406,#2407);
#2101=AXIS2_PLACEMENT_3D('',#3723,#2408,#2409);
#2102=AXIS2_PLACEMENT_3D('',#3725,#2411,#2412);
#2103=AXIS2_PLACEMENT_3D('',#3727,#2414,#2415);
#2104=AXIS2_PLACEMENT_3D('',#3731,#2418,#2419);
#2105=AXIS2_PLACEMENT_3D('',#3740,#2425,#2426);
#2106=AXIS2_PLACEMENT_3D('',#3754,#2435,#2436);
#2107=AXIS2_PLACEMENT_3D('',#3756,#2437,#2438);
#2108=AXIS2_PLACEMENT_3D('',#3757,#2439,#2440);
#2109=AXIS2_PLACEMENT_3D('',#3759,#2442,#2443);
#2110=AXIS2_PLACEMENT_3D('',#3760,#2444,#2445);
#2111=AXIS2_PLACEMENT_3D('',#3762,#2447,#2448);
#2112=AXIS2_PLACEMENT_3D('',#3764,#2450,#2451);
#2113=AXIS2_PLACEMENT_3D('',#3766,#2453,#2454);
#2114=AXIS2_PLACEMENT_3D('',#3768,#2456,#2457);
#2115=AXIS2_PLACEMENT_3D('',#3769,#2458,#2459);
#2116=AXIS2_PLACEMENT_3D('',#3771,#2461,#2462);
#2117=DIRECTION('axis',(0.,0.,1.));
#2118=DIRECTION('refdir',(1.,0.,0.));
#2119=DIRECTION('center_axis',(-1.,0.,0.));
#2120=DIRECTION('ref_axis',(0.,-1.,-1.90323947483748E-16));
#2121=DIRECTION('',(0.,1.,1.90323947483748E-16));
#2122=DIRECTION('',(0.,1.90323947483748E-16,-1.));
#2123=DIRECTION('',(0.,1.,1.90323947483748E-16));
#2124=DIRECTION('',(0.,-1.90323947483748E-16,1.));
#2125=DIRECTION('center_axis',(0.,1.90323947483748E-16,-1.));
#2126=DIRECTION('ref_axis',(1.,0.,0.));
#2127=DIRECTION('',(1.,0.,0.));
#2128=DIRECTION('',(0.,-1.,-1.90323947483748E-16));
#2129=DIRECTION('',(-1.,0.,0.));
#2130=DIRECTION('center_axis',(0.,1.90323947483748E-16,-1.));
#2131=DIRECTION('ref_axis',(-1.,0.,0.));
#2132=DIRECTION('center_axis',(0.,1.90323947483748E-16,-1.));
#2133=DIRECTION('ref_axis',(-1.,-2.73691106313441E-47,-5.20899717447682E-63));
#2134=DIRECTION('center_axis',(0.,-1.90323947483748E-16,1.));
#2135=DIRECTION('ref_axis',(-1.,0.,0.));
#2136=DIRECTION('center_axis',(0.,-1.90323947483748E-16,1.));
#2137=DIRECTION('ref_axis',(-1.,0.,0.));
#2138=DIRECTION('center_axis',(0.,-1.90323947483748E-16,1.));
#2139=DIRECTION('ref_axis',(1.,0.,0.));
#2140=DIRECTION('center_axis',(0.,0.,1.));
#2141=DIRECTION('ref_axis',(1.,0.,0.));
#2142=DIRECTION('',(0.,0.,1.));
#2143=DIRECTION('center_axis',(0.,1.90323947483748E-16,-1.));
#2144=DIRECTION('ref_axis',(1.,0.,0.));
#2145=DIRECTION('center_axis',(-8.70552353022037E-30,7.12763181809353E-14,
-1.));
#2146=DIRECTION('ref_axis',(-1.,-1.22464679914735E-16,-2.33079613086791E-32));
#2147=DIRECTION('',(-1.,-1.65686960318419E-45,8.70552353022037E-30));
#2148=DIRECTION('',(3.55271367880051E-14,1.,7.12763181809353E-14));
#2149=DIRECTION('',(-1.,-1.22464679914735E-16,-2.33079613087061E-32));
#2150=DIRECTION('',(3.55271367880051E-14,1.,7.12763181809353E-14));
#2151=DIRECTION('center_axis',(1.,-3.55271367880051E-14,-2.41084548125815E-30));
#2152=DIRECTION('ref_axis',(-1.05097384824361E-45,6.78592675690126E-17,
-1.));
#2153=DIRECTION('',(4.35081943503007E-30,1.90323947483748E-16,-1.));
#2154=DIRECTION('',(3.55271367880051E-14,1.,7.12763181809353E-14));
#2155=DIRECTION('',(0.,6.78592675690126E-17,-1.));
#2156=DIRECTION('',(3.55271367880051E-14,1.,7.12763181809353E-14));
#2157=DIRECTION('',(3.55271367880051E-14,1.,7.12763181809353E-14));
#2158=DIRECTION('',(3.55271367880051E-14,1.,7.12763181809353E-14));
#2159=DIRECTION('',(3.55271367880051E-14,1.,7.12763181809353E-14));
#2160=DIRECTION('',(3.55271367880051E-14,1.,7.12763181809353E-14));
#2161=DIRECTION('',(3.55271367880051E-14,1.,7.12763181809353E-14));
#2162=DIRECTION('center_axis',(-1.,3.55271367880051E-14,2.41084548125815E-30));
#2163=DIRECTION('ref_axis',(1.05097384824361E-45,-6.78592675690126E-17,
1.));
#2164=DIRECTION('',(-4.35081943503007E-30,-1.90323947483748E-16,1.));
#2165=DIRECTION('',(3.55271367880051E-14,1.,7.12763181809353E-14));
#2166=DIRECTION('',(0.,-6.78592675690126E-17,1.));
#2167=DIRECTION('center_axis',(-8.70552353022036E-30,7.12763181809353E-14,
-1.));
#2168=DIRECTION('ref_axis',(-1.,-1.22464679914735E-16,-2.33079613086889E-32));
#2169=DIRECTION('',(-1.,-1.65686960318419E-45,8.70552353022036E-30));
#2170=DIRECTION('',(3.55271367880051E-14,1.,7.12763181809353E-14));
#2171=DIRECTION('',(-1.,-1.22464679914735E-16,-2.33079613087061E-32));
#2172=DIRECTION('center_axis',(1.,-3.55271367880051E-14,-2.41084548125815E-30));
#2173=DIRECTION('ref_axis',(-1.05097384824361E-45,6.78592675690126E-17,
-1.));
#2174=DIRECTION('',(4.35081943503007E-30,1.90323947483748E-16,-1.));
#2175=DIRECTION('',(3.55271367880051E-14,1.,7.12763181809353E-14));
#2176=DIRECTION('',(0.,6.78592675690126E-17,-1.));
#2177=DIRECTION('',(3.55271367880051E-14,1.,7.12763181809353E-14));
#2178=DIRECTION('',(3.55271367880051E-14,1.,7.12763181809353E-14));
#2179=DIRECTION('',(3.55271367880051E-14,1.,7.12763181809353E-14));
#2180=DIRECTION('',(3.55271367880051E-14,1.,7.12763181809353E-14));
#2181=DIRECTION('',(3.55271367880051E-14,1.,7.12763181809353E-14));
#2182=DIRECTION('center_axis',(-1.,3.55271367880051E-14,2.41084548125815E-30));
#2183=DIRECTION('ref_axis',(1.05097384824361E-45,-6.78592675690126E-17,
1.));
#2184=DIRECTION('',(-4.35081943503007E-30,-1.90323947483748E-16,1.));
#2185=DIRECTION('',(3.55271367880051E-14,1.,7.12763181809353E-14));
#2186=DIRECTION('',(0.,-6.78592675690126E-17,1.));
#2187=DIRECTION('center_axis',(-8.70552353022037E-30,7.12763181809353E-14,
-1.));
#2188=DIRECTION('ref_axis',(-1.,-1.22464679914735E-16,-2.33079613086791E-32));
#2189=DIRECTION('',(-1.,-1.65686960318419E-45,8.70552353022037E-30));
#2190=DIRECTION('',(3.55271367880051E-14,1.,7.12763181809353E-14));
#2191=DIRECTION('',(-1.,-1.22464679914735E-16,-2.33079613087061E-32));
#2192=DIRECTION('center_axis',(1.,-3.55271367880051E-14,-2.41084548125815E-30));
#2193=DIRECTION('ref_axis',(-1.05097384824361E-45,6.78592675690126E-17,
-1.));
#2194=DIRECTION('',(4.35081943503007E-30,1.90323947483748E-16,-1.));
#2195=DIRECTION('',(3.55271367880051E-14,1.,7.12763181809353E-14));
#2196=DIRECTION('',(0.,6.78592675690126E-17,-1.));
#2197=DIRECTION('',(3.55271367880051E-14,1.,7.12763181809353E-14));
#2198=DIRECTION('',(3.55271367880051E-14,1.,7.12763181809353E-14));
#2199=DIRECTION('',(3.55271367880051E-14,1.,7.12763181809353E-14));
#2200=DIRECTION('',(3.55271367880051E-14,1.,7.12763181809353E-14));
#2201=DIRECTION('',(3.55271367880051E-14,1.,7.12763181809353E-14));
#2202=DIRECTION('',(3.55271367880051E-14,1.,7.12763181809353E-14));
#2203=DIRECTION('',(3.55271367880051E-14,1.,7.12763181809353E-14));
#2204=DIRECTION('',(3.55271367880051E-14,1.,7.12763181809353E-14));
#2205=DIRECTION('center_axis',(1.,-3.55271367880051E-14,-2.41084548125815E-30));
#2206=DIRECTION('ref_axis',(-1.05097384824361E-45,6.78592675690126E-17,
-1.));
#2207=DIRECTION('',(4.35081943503007E-30,1.90323947483748E-16,-1.));
#2208=DIRECTION('',(3.55271367880051E-14,1.,7.12763181809353E-14));
#2209=DIRECTION('',(0.,6.78592675690126E-17,-1.));
#2210=DIRECTION('center_axis',(8.70552353022037E-30,-7.12763181809353E-14,
1.));
#2211=DIRECTION('ref_axis',(1.,1.22464679914735E-16,2.33079613086791E-32));
#2212=DIRECTION('',(1.,1.65686960318419E-45,-8.70552353022037E-30));
#2213=DIRECTION('',(3.55271367880051E-14,1.,7.12763181809353E-14));
#2214=DIRECTION('',(1.,1.22464679914735E-16,2.33079613087061E-32));
#2215=DIRECTION('center_axis',(-1.,3.55271367880051E-14,2.41084548125815E-30));
#2216=DIRECTION('ref_axis',(1.05097384824361E-45,-6.78592675690126E-17,
1.));
#2217=DIRECTION('',(-4.35081943503007E-30,-1.90323947483748E-16,1.));
#2218=DIRECTION('',(0.,-6.78592675690126E-17,1.));
#2219=DIRECTION('center_axis',(-3.77353707349494E-14,-1.,-7.07786536582725E-14));
#2220=DIRECTION('ref_axis',(-1.,3.77353707349494E-14,7.18194471803826E-30));
#2221=DIRECTION('center_axis',(1.,-3.55271367880051E-14,-2.41084548125815E-30));
#2222=DIRECTION('ref_axis',(-1.05097384824361E-45,6.78592675690126E-17,
-1.));
#2223=DIRECTION('',(4.35081943503007E-30,1.90323947483748E-16,-1.));
#2224=DIRECTION('',(3.55271367880051E-14,1.,7.12763181809353E-14));
#2225=DIRECTION('',(0.,6.78592675690126E-17,-1.));
#2226=DIRECTION('',(3.55271367880051E-14,1.,7.12763181809353E-14));
#2227=DIRECTION('center_axis',(8.70552353022037E-30,-7.12763181809353E-14,
1.));
#2228=DIRECTION('ref_axis',(1.,1.22464679914735E-16,2.33079613086791E-32));
#2229=DIRECTION('',(1.,1.65686960318419E-45,-8.70552353022037E-30));
#2230=DIRECTION('',(3.55271367880051E-14,1.,7.12763181809353E-14));
#2231=DIRECTION('',(1.,1.22464679914735E-16,2.33079613087061E-32));
#2232=DIRECTION('center_axis',(1.,-3.55271367880051E-14,-2.41084548125815E-30));
#2233=DIRECTION('ref_axis',(-1.05097384824361E-45,6.78592675690126E-17,
-1.));
#2234=DIRECTION('',(4.35081943503007E-30,1.90323947483748E-16,-1.));
#2235=DIRECTION('',(3.55271367880051E-14,1.,7.12763181809353E-14));
#2236=DIRECTION('',(0.,6.78592675690126E-17,-1.));
#2237=DIRECTION('center_axis',(-8.70552353022037E-30,7.12763181809353E-14,
-1.));
#2238=DIRECTION('ref_axis',(-1.,-1.22464679914735E-16,-2.33079613086791E-32));
#2239=DIRECTION('',(-1.,-1.65686960318419E-45,8.70552353022037E-30));
#2240=DIRECTION('',(3.55271367880051E-14,1.,7.12763181809353E-14));
#2241=DIRECTION('',(-1.,-1.22464679914735E-16,-2.33079613087061E-32));
#2242=DIRECTION('center_axis',(1.,-3.55271367880051E-14,-2.41084548125815E-30));
#2243=DIRECTION('ref_axis',(-1.05097384824361E-45,6.78592675690126E-17,
-1.));
#2244=DIRECTION('',(4.35081943503007E-30,1.90323947483748E-16,-1.));
#2245=DIRECTION('',(3.55271367880051E-14,1.,7.12763181809353E-14));
#2246=DIRECTION('',(0.,6.78592675690126E-17,-1.));
#2247=DIRECTION('center_axis',(8.70552353022037E-30,-7.12763181809353E-14,
1.));
#2248=DIRECTION('ref_axis',(1.,1.22464679914735E-16,2.33079613086791E-32));
#2249=DIRECTION('',(1.,1.65686960318419E-45,-8.70552353022037E-30));
#2250=DIRECTION('',(3.55271367880051E-14,1.,7.12763181809353E-14));
#2251=DIRECTION('',(1.,1.22464679914735E-16,2.33079613087061E-32));
#2252=DIRECTION('center_axis',(1.,-3.55271367880051E-14,-2.41084548125815E-30));
#2253=DIRECTION('ref_axis',(-1.05097384824361E-45,6.78592675690126E-17,
-1.));
#2254=DIRECTION('',(4.35081943503007E-30,1.90323947483748E-16,-1.));
#2255=DIRECTION('',(3.55271367880051E-14,1.,7.12763181809353E-14));
#2256=DIRECTION('',(0.,6.78592675690126E-17,-1.));
#2257=DIRECTION('center_axis',(-8.70552353022037E-30,7.12763181809353E-14,
-1.));
#2258=DIRECTION('ref_axis',(-1.,-1.22464679914735E-16,-2.33079613086791E-32));
#2259=DIRECTION('',(-1.,-1.65686960318419E-45,8.70552353022037E-30));
#2260=DIRECTION('',(3.55271367880051E-14,1.,7.12763181809353E-14));
#2261=DIRECTION('',(-1.,-1.22464679914735E-16,-2.33079613087061E-32));
#2262=DIRECTION('center_axis',(1.,-3.55271367880051E-14,-2.41084548125815E-30));
#2263=DIRECTION('ref_axis',(-1.05097384824361E-45,6.78592675690126E-17,
-1.));
#2264=DIRECTION('',(4.35081943503007E-30,1.90323947483748E-16,-1.));
#2265=DIRECTION('',(3.55271367880051E-14,1.,7.12763181809353E-14));
#2266=DIRECTION('',(0.,6.78592675690126E-17,-1.));
#2267=DIRECTION('center_axis',(8.70552353022037E-30,-7.12763181809353E-14,
1.));
#2268=DIRECTION('ref_axis',(1.,1.22464679914735E-16,2.33079613086791E-32));
#2269=DIRECTION('',(1.,1.65686960318419E-45,-8.70552353022037E-30));
#2270=DIRECTION('',(3.55271367880051E-14,1.,7.12763181809353E-14));
#2271=DIRECTION('',(1.,1.22464679914735E-16,2.33079613087061E-32));
#2272=DIRECTION('center_axis',(-1.,3.55271367880051E-14,2.41084548125815E-30));
#2273=DIRECTION('ref_axis',(1.05097384824361E-45,-6.78592675690126E-17,
1.));
#2274=DIRECTION('',(-4.35081943503007E-30,-1.90323947483748E-16,1.));
#2275=DIRECTION('',(3.55271367880051E-14,1.,7.12763181809353E-14));
#2276=DIRECTION('',(0.,-6.78592675690126E-17,1.));
#2277=DIRECTION('center_axis',(-8.70552353022037E-30,7.12763181809353E-14,
-1.));
#2278=DIRECTION('ref_axis',(-1.,-1.22464679914735E-16,-2.33079613086791E-32));
#2279=DIRECTION('',(-1.,-1.65686960318419E-45,8.70552353022037E-30));
#2280=DIRECTION('',(-1.,-1.22464679914735E-16,-2.33079613087061E-32));
#2281=DIRECTION('center_axis',(3.55271367880051E-14,1.,7.12763181809353E-14));
#2282=DIRECTION('ref_axis',(-1.,3.55271367880051E-14,7.88860905221012E-30));
#2283=DIRECTION('',(3.55271367880051E-14,1.,7.12763181809353E-14));
#2284=DIRECTION('',(3.55271367880051E-14,1.,7.12763181809353E-14));
#2285=DIRECTION('center_axis',(-8.70552353022036E-30,7.12763181809353E-14,
-1.));
#2286=DIRECTION('ref_axis',(-1.,-1.22464679914735E-16,-2.33079613086889E-32));
#2287=DIRECTION('',(-1.,-1.65686960318419E-45,8.70552353022036E-30));
#2288=DIRECTION('',(3.55271367880051E-14,1.,7.12763181809353E-14));
#2289=DIRECTION('',(-1.,-1.22464679914735E-16,-2.33079613087061E-32));
#2290=DIRECTION('',(3.55271367880051E-14,1.,7.12763181809353E-14));
#2291=DIRECTION('',(3.55271367880051E-14,1.,7.12763181809353E-14));
#2292=DIRECTION('center_axis',(1.,-3.55271367880051E-14,-2.41084548125815E-30));
#2293=DIRECTION('ref_axis',(-4.55422000905566E-45,6.78592675690125E-17,
-1.));
#2294=DIRECTION('',(4.35081943503007E-30,1.90323947483748E-16,-1.));
#2295=DIRECTION('',(3.55271367880051E-14,1.,7.12763181809353E-14));
#2296=DIRECTION('',(0.,6.78592675690125E-17,-1.));
#2297=DIRECTION('',(3.55271367880051E-14,1.,7.12763181809353E-14));
#2298=DIRECTION('center_axis',(1.,-3.55271367880051E-14,-2.41084548125815E-30));
#2299=DIRECTION('ref_axis',(-1.05097384824361E-45,6.78592675690126E-17,
-1.));
#2300=DIRECTION('',(4.35081943503007E-30,1.90323947483748E-16,-1.));
#2301=DIRECTION('',(3.55271367880051E-14,1.,7.12763181809353E-14));
#2302=DIRECTION('',(0.,6.78592675690126E-17,-1.));
#2303=DIRECTION('center_axis',(8.70552353022036E-30,-7.12763181809353E-14,
1.));
#2304=DIRECTION('ref_axis',(1.,1.22464679914735E-16,2.33079613086889E-32));
#2305=DIRECTION('',(1.,1.65686960318419E-45,-8.70552353022036E-30));
#2306=DIRECTION('',(3.55271367880051E-14,1.,7.12763181809353E-14));
#2307=DIRECTION('',(1.,1.22464679914735E-16,2.33079613087061E-32));
#2308=DIRECTION('center_axis',(-1.,3.55271367880051E-14,2.41084548125815E-30));
#2309=DIRECTION('ref_axis',(1.05097384824361E-45,-6.78592675690126E-17,
1.));
#2310=DIRECTION('',(-4.35081943503007E-30,-1.90323947483748E-16,1.));
#2311=DIRECTION('',(3.55271367880051E-14,1.,7.12763181809353E-14));
#2312=DIRECTION('',(0.,-6.78592675690126E-17,1.));
#2313=DIRECTION('',(3.55271367880051E-14,1.,7.12763181809353E-14));
#2314=DIRECTION('',(3.55271367880051E-14,1.,7.12763181809353E-14));
#2315=DIRECTION('center_axis',(-1.,3.55271367880051E-14,2.41084548125815E-30));
#2316=DIRECTION('ref_axis',(8.0574661698677E-45,-6.78592675690124E-17,1.));
#2317=DIRECTION('',(-4.35081943503007E-30,-1.90323947483748E-16,1.));
#2318=DIRECTION('',(3.55271367880051E-14,1.,7.12763181809353E-14));
#2319=DIRECTION('',(0.,-6.78592675690124E-17,1.));
#2320=DIRECTION('center_axis',(-3.77353707349494E-14,-1.,-7.07786536582725E-14));
#2321=DIRECTION('ref_axis',(-1.,3.77353707349494E-14,7.18194471803826E-30));
#2322=DIRECTION('',(0.,1.,2.22044604925031E-16));
#2323=DIRECTION('',(0.,1.,2.22044604925031E-16));
#2324=DIRECTION('',(0.,1.,2.22044604925031E-16));
#2325=DIRECTION('',(0.,1.,2.22044604925031E-16));
#2326=DIRECTION('',(0.,1.,2.22044604925031E-16));
#2327=DIRECTION('',(0.,1.,2.22044604925031E-16));
#2328=DIRECTION('',(0.,1.,2.22044604925031E-16));
#2329=DIRECTION('',(0.,1.,2.22044604925031E-16));
#2330=DIRECTION('center_axis',(0.232368202985829,2.15966776240195E-16,-0.972627892999752));
#2331=DIRECTION('ref_axis',(-0.972627892999752,4.42252336619677E-17,-0.232368202985829));
#2332=DIRECTION('',(-0.972627892999752,4.42252336619677E-17,-0.232368202985829));
#2333=DIRECTION('',(0.,1.,2.22044604925031E-16));
#2334=DIRECTION('',(-0.972627892999752,4.42252336619677E-17,-0.232368202985829));
#2335=DIRECTION('',(0.,1.,2.22044604925031E-16));
#2336=DIRECTION('',(0.,1.,2.22044604925031E-16));
#2337=DIRECTION('',(0.,1.,2.22044604925031E-16));
#2338=DIRECTION('',(0.,1.,2.22044604925031E-16));
#2339=DIRECTION('',(0.,1.,2.22044604925031E-16));
#2340=DIRECTION('',(0.,1.,2.22044604925031E-16));
#2341=DIRECTION('',(0.,1.,2.22044604925031E-16));
#2342=DIRECTION('',(0.,1.,2.22044604925031E-16));
#2343=DIRECTION('center_axis',(0.302244034396425,-2.11659708123775E-16,
0.953230582635583));
#2344=DIRECTION('ref_axis',(0.953230582635583,5.75242777297413E-17,-0.302244034396425));
#2345=DIRECTION('',(0.953230582635583,5.75242777297413E-17,-0.302244034396425));
#2346=DIRECTION('',(0.,1.,2.22044604925031E-16));
#2347=DIRECTION('',(0.953230582635583,5.75242777297413E-17,-0.302244034396425));
#2348=DIRECTION('center_axis',(0.,-1.,-1.90323947483748E-16));
#2349=DIRECTION('ref_axis',(-1.,0.,0.));
#2350=DIRECTION('center_axis',(0.,-1.,-2.22044604925031E-16));
#2351=DIRECTION('ref_axis',(1.,0.,0.));
#2352=DIRECTION('',(0.,-2.22044604925031E-16,1.));
#2353=DIRECTION('',(-1.,0.,0.));
#2354=DIRECTION('',(0.,2.22044604925031E-16,-1.));
#2355=DIRECTION('',(-1.,0.,0.));
#2356=DIRECTION('center_axis',(-1.,0.,0.));
#2357=DIRECTION('ref_axis',(0.,-1.,-2.22044604925031E-16));
#2358=DIRECTION('',(0.,1.,2.22044604925031E-16));
#2359=DIRECTION('',(0.,-2.22044604925031E-16,1.));
#2360=DIRECTION('',(0.,1.,1.90323947483748E-16));
#2361=DIRECTION('center_axis',(0.,2.22044604925031E-16,-1.));
#2362=DIRECTION('ref_axis',(0.,1.,2.22044604925031E-16));
#2363=DIRECTION('',(0.,-1.,-2.22044604925031E-16));
#2364=DIRECTION('',(-1.,0.,0.));
#2365=DIRECTION('center_axis',(0.,1.,2.22044604925031E-16));
#2366=DIRECTION('ref_axis',(-1.,0.,0.));
#2367=DIRECTION('',(0.,2.22044604925031E-16,-1.));
#2368=DIRECTION('',(1.,6.34413156928661E-16,1.20744016362289E-31));
#2369=DIRECTION('',(0.,-2.22044604925031E-16,1.));
#2370=DIRECTION('',(1.,0.,0.));
#2371=DIRECTION('center_axis',(-1.,0.,0.));
#2372=DIRECTION('ref_axis',(0.,-1.,-2.22044604925031E-16));
#2373=DIRECTION('',(0.,1.,1.90323947483748E-16));
#2374=DIRECTION('',(0.,2.22044604925031E-16,-1.));
#2375=DIRECTION('',(0.,1.,2.22044604925031E-16));
#2376=DIRECTION('center_axis',(1.,0.,0.));
#2377=DIRECTION('ref_axis',(0.,1.,2.22044604925031E-16));
#2378=DIRECTION('',(0.,-1.,-2.22044604925031E-16));
#2379=DIRECTION('',(0.,-2.22044604925031E-16,1.));
#2380=DIRECTION('',(0.,-1.,-1.90323947483748E-16));
#2381=DIRECTION('center_axis',(1.,0.,0.));
#2382=DIRECTION('ref_axis',(0.,1.,2.22044604925031E-16));
#2383=DIRECTION('',(-1.85037170770859E-16,-1.,-1.90323947483748E-16));
#2384=DIRECTION('',(0.,2.22044604925031E-16,-1.));
#2385=DIRECTION('center_axis',(0.,2.22044604925031E-16,-1.));
#2386=DIRECTION('ref_axis',(0.,1.,2.22044604925031E-16));
#2387=DIRECTION('',(1.,0.,0.));
#2388=DIRECTION('center_axis',(0.,-1.,-1.90323947483748E-16));
#2389=DIRECTION('ref_axis',(-1.,0.,0.));
#2390=DIRECTION('',(1.,0.,0.));
#2391=DIRECTION('',(-1.,0.,0.));
#2392=DIRECTION('',(0.,1.90323947483748E-16,-1.));
#2393=DIRECTION('',(-1.,0.,0.));
#2394=DIRECTION('',(0.,1.90323947483748E-16,-1.));
#2395=DIRECTION('center_axis',(0.,-1.90323947483748E-16,1.));
#2396=DIRECTION('ref_axis',(0.,-1.,-1.90323947483748E-16));
#2397=DIRECTION('',(-1.,0.,0.));
#2398=DIRECTION('',(0.,1.,1.90323947483748E-16));
#2399=DIRECTION('',(1.,0.,0.));
#2400=DIRECTION('',(0.,1.,1.90323947483748E-16));
#2401=DIRECTION('',(-1.,0.,0.));
#2402=DIRECTION('',(0.,1.,1.90323947483748E-16));
#2403=DIRECTION('',(0.,-1.,-1.90323947483748E-16));
#2404=DIRECTION('center_axis',(0.,1.90323947483748E-16,-1.));
#2405=DIRECTION('ref_axis',(-1.,0.,0.));
#2406=DIRECTION('center_axis',(0.,1.90323947483748E-16,-1.));
#2407=DIRECTION('ref_axis',(-1.,0.,0.));
#2408=DIRECTION('center_axis',(0.,2.22044604925031E-16,-1.));
#2409=DIRECTION('ref_axis',(-1.,0.,0.));
#2410=DIRECTION('',(0.,2.22044604925031E-16,-1.));
#2411=DIRECTION('center_axis',(0.,2.22044604925031E-16,-1.));
#2412=DIRECTION('ref_axis',(-1.,0.,0.));
#2413=DIRECTION('',(0.,2.22044604925031E-16,-1.));
#2414=DIRECTION('center_axis',(0.,-1.,-1.90323947483748E-16));
#2415=DIRECTION('ref_axis',(1.,0.,0.));
#2416=DIRECTION('',(1.,0.,0.));
#2417=DIRECTION('',(0.,1.90323947483748E-16,-1.));
#2418=DIRECTION('center_axis',(-1.,0.,0.));
#2419=DIRECTION('ref_axis',(0.,1.90323947483748E-16,-1.));
#2420=DIRECTION('',(0.,-1.,-1.90323947483748E-16));
#2421=DIRECTION('',(0.,2.22044604925031E-16,-1.));
#2422=DIRECTION('',(0.,-1.90323947483748E-16,1.));
#2423=DIRECTION('',(0.,-1.,-1.90323947483748E-16));
#2424=DIRECTION('',(0.,-1.90323947483748E-16,1.));
#2425=DIRECTION('center_axis',(0.,-1.90323947483748E-16,1.));
#2426=DIRECTION('ref_axis',(-1.,0.,0.));
#2427=DIRECTION('',(1.,0.,0.));
#2428=DIRECTION('',(1.,0.,0.));
#2429=DIRECTION('',(0.,1.,1.90323947483748E-16));
#2430=DIRECTION('',(1.,0.,0.));
#2431=DIRECTION('',(-1.,0.,0.));
#2432=DIRECTION('',(0.,-1.,-1.90323947483748E-16));
#2433=DIRECTION('',(0.,1.,1.90323947483748E-16));
#2434=DIRECTION('',(-1.,0.,0.));
#2435=DIRECTION('center_axis',(0.,1.90323947483748E-16,-1.));
#2436=DIRECTION('ref_axis',(-1.,0.,0.));
#2437=DIRECTION('center_axis',(0.,1.90323947483748E-16,-1.));
#2438=DIRECTION('ref_axis',(-1.,-2.73691106313441E-47,-5.20899717447682E-63));
#2439=DIRECTION('center_axis',(2.05596856412066E-16,1.90323947483748E-16,
-1.));
#2440=DIRECTION('ref_axis',(-1.,3.91300053025937E-32,-2.05596856412066E-16));
#2441=DIRECTION('',(2.05596856412066E-16,1.90323947483748E-16,-1.));
#2442=DIRECTION('center_axis',(0.,1.,1.90323947483748E-16));
#2443=DIRECTION('ref_axis',(-1.,0.,0.));
#2444=DIRECTION('center_axis',(0.,1.90323947483748E-16,-1.));
#2445=DIRECTION('ref_axis',(-1.,0.,0.));
#2446=DIRECTION('',(0.,1.90323947483748E-16,-1.));
#2447=DIRECTION('center_axis',(0.,1.,1.90323947483748E-16));
#2448=DIRECTION('ref_axis',(1.,0.,0.));
#2449=DIRECTION('',(0.,2.22044604925031E-16,-1.));
#2450=DIRECTION('center_axis',(-1.,0.,0.));
#2451=DIRECTION('ref_axis',(0.,1.,1.90323947483748E-16));
#2452=DIRECTION('',(0.,2.22044604925031E-16,-1.));
#2453=DIRECTION('center_axis',(0.,1.,1.90323947483748E-16));
#2454=DIRECTION('ref_axis',(1.,0.,0.));
#2455=DIRECTION('',(0.,2.22044604925031E-16,-1.));
#2456=DIRECTION('center_axis',(1.,0.,0.));
#2457=DIRECTION('ref_axis',(0.,-1.,-1.90323947483748E-16));
#2458=DIRECTION('center_axis',(0.,-1.,-1.90323947483748E-16));
#2459=DIRECTION('ref_axis',(-1.,0.,0.));
#2460=DIRECTION('',(0.,1.90323947483748E-16,-1.));
#2461=DIRECTION('center_axis',(-1.,0.,0.));
#2462=DIRECTION('ref_axis',(0.,1.,1.90323947483748E-16));
#2463=CARTESIAN_POINT('',(0.,0.,0.));
#2464=CARTESIAN_POINT('Origin',(38.8000005215407,-39.7,-6.99999999999998));
#2465=CARTESIAN_POINT('',(38.8000005215407,-69.7,-4.99999999999999));
#2466=CARTESIAN_POINT('',(38.8000005215407,-34.7,-4.99999999999998));
#2467=CARTESIAN_POINT('',(38.8000005215407,-39.7,-4.99999999999998));
#2468=CARTESIAN_POINT('',(38.8000005215407,-34.7,3.00000000000002));
#2469=CARTESIAN_POINT('',(38.8000005215407,-34.7,-4.49999999999998));
#2470=CARTESIAN_POINT('',(38.8000005215407,-69.7,3.00000000000001));
#2471=CARTESIAN_POINT('',(38.8000005215406,-39.7,3.00000000000002));
#2472=CARTESIAN_POINT('',(38.8000005215407,-69.7,-4.49999999999999));
#2473=CARTESIAN_POINT('Origin',(8.70000052154065,-39.7,-4.99999999999998));
#2474=CARTESIAN_POINT('',(8.70000052154065,-69.7,-4.99999999999999));
#2475=CARTESIAN_POINT('',(16.2000005215406,-69.7,-4.99999999999999));
#2476=CARTESIAN_POINT('',(8.70000052154065,-34.7,-4.99999999999998));
#2477=CARTESIAN_POINT('',(8.70000052154065,-39.7,-4.99999999999998));
#2478=CARTESIAN_POINT('',(16.2000005215406,-34.7,-4.99999999999998));
#2479=CARTESIAN_POINT('',(36.7500005215406,-66.2000004023314,-4.99999999999998));
#2480=CARTESIAN_POINT('Origin',(35.0000005215406,-66.2000004023314,-4.99999999999999));
#2481=CARTESIAN_POINT('',(15.4500005215407,-38.2,-4.99999999999999));
#2482=CARTESIAN_POINT('Origin',(13.7000005215407,-38.2,-4.99999999999998));
#2483=CARTESIAN_POINT('',(35.2000005215371,-48.45,-4.99999999999999));
#2484=CARTESIAN_POINT('Origin',(33.7000005215371,-48.45,-4.99999999999998));
#2485=CARTESIAN_POINT('',(15.2000005215371,-60.95,-4.99999999999999));
#2486=CARTESIAN_POINT('Origin',(13.7000005215371,-60.95,-4.99999999999999));
#2487=CARTESIAN_POINT('',(33.2500005215406,-38.1999995976686,-4.99999999999998));
#2488=CARTESIAN_POINT('Origin',(35.0000005215406,-38.1999995976686,-4.99999999999998));
#2489=CARTESIAN_POINT('Origin',(35.0000005215406,-38.1999995976686,-4.99999999999998));
#2490=CARTESIAN_POINT('',(33.2500005215406,-38.1999995976686,3.00000000000002));
#2491=CARTESIAN_POINT('',(33.2500005215406,-38.1999995976686,-4.99999999999998));
#2492=CARTESIAN_POINT('Origin',(35.0000005215406,-38.1999995976686,3.00000000000002));
#2493=CARTESIAN_POINT('Origin',(27.8074568395266,-69.7,-1.00000011920928));
#2494=CARTESIAN_POINT('',(27.8074568395266,-69.7,-1.00000011920928));
#2495=CARTESIAN_POINT('',(27.2324228171954,-69.7,-1.00000011920928));
#2496=CARTESIAN_POINT('',(25.7537286805336,-69.7,-1.00000011920928));
#2497=CARTESIAN_POINT('',(27.8074568395266,-69.2,-1.00000011920925));
#2498=CARTESIAN_POINT('',(27.8074568395266,-69.7,-1.00000011920928));
#2499=CARTESIAN_POINT('',(27.2324228171954,-69.2,-1.00000011920925));
#2500=CARTESIAN_POINT('',(27.8074568395266,-69.2,-1.00000011920925));
#2501=CARTESIAN_POINT('',(27.2324228171954,-69.7,-1.00000011920928));
#2502=CARTESIAN_POINT('Origin',(27.8074568395266,-69.7,0.0559343099594178));
#2503=CARTESIAN_POINT('',(27.8074568395266,-69.7,0.0559343099594178));
#2504=CARTESIAN_POINT('',(27.8074568395266,-69.7,-0.972032845020285));
#2505=CARTESIAN_POINT('',(27.8074568395266,-69.2,0.0559343099594534));
#2506=CARTESIAN_POINT('',(27.8074568395266,-69.7,0.0559343099594178));
#2507=CARTESIAN_POINT('',(27.8074568395266,-69.2,0.0559343099594534));
#2508=CARTESIAN_POINT('Ctrl Pts',(27.8535008315691,-69.7,0.504092693328864));
#2509=CARTESIAN_POINT('Ctrl Pts',(27.8535008315692,-69.1,0.504092693328906));
#2510=CARTESIAN_POINT('Ctrl Pts',(27.840188046207,-69.7,0.444446614738614));
#2511=CARTESIAN_POINT('Ctrl Pts',(27.8401880462071,-69.1,0.444446614738656));
#2512=CARTESIAN_POINT('Ctrl Pts',(27.8073033275102,-69.7,0.297111217790671));
#2513=CARTESIAN_POINT('Ctrl Pts',(27.8073033275103,-69.1,0.297111217790713));
#2514=CARTESIAN_POINT('Ctrl Pts',(27.8073995631501,-69.7,0.145919053154771));
#2515=CARTESIAN_POINT('Ctrl Pts',(27.8073995631502,-69.1,0.145919053154813));
#2516=CARTESIAN_POINT('Ctrl Pts',(27.8074568395266,-69.7,0.0559343099594178));
#2517=CARTESIAN_POINT('Ctrl Pts',(27.8074568395267,-69.1,0.0559343099594599));
#2518=CARTESIAN_POINT('',(27.8535008315691,-69.7,0.504092693328864));
#2519=CARTESIAN_POINT('Ctrl Pts',(27.8535008315691,-69.7,0.504092693328864));
#2520=CARTESIAN_POINT('Ctrl Pts',(27.840188046207,-69.7,0.444446614738614));
#2521=CARTESIAN_POINT('Ctrl Pts',(27.8073033275102,-69.7,0.297111217790671));
#2522=CARTESIAN_POINT('Ctrl Pts',(27.8073995631501,-69.7,0.145919053154771));
#2523=CARTESIAN_POINT('Ctrl Pts',(27.8074568395266,-69.7,0.0559343099594178));
#2524=CARTESIAN_POINT('',(27.8535008315692,-69.2,0.504092693328899));
#2525=CARTESIAN_POINT('',(27.8535008315691,-69.7,0.504092693328864));
#2526=CARTESIAN_POINT('Ctrl Pts',(27.8535008315692,-69.2,0.504092693328899));
#2527=CARTESIAN_POINT('Ctrl Pts',(27.840188046207,-69.2,0.444446614738649));
#2528=CARTESIAN_POINT('Ctrl Pts',(27.8073033275102,-69.2,0.297111217790706));
#2529=CARTESIAN_POINT('Ctrl Pts',(27.8073995631501,-69.2,0.145919053154806));
#2530=CARTESIAN_POINT('Ctrl Pts',(27.8074568395266,-69.2,0.0559343099594534));
#2531=CARTESIAN_POINT('Ctrl Pts',(28.0059563998827,-69.7,0.710777610540396));
#2532=CARTESIAN_POINT('Ctrl Pts',(28.0059563998828,-69.1,0.710777610540439));
#2533=CARTESIAN_POINT('Ctrl Pts',(27.9727962548281,-69.7,0.683643363608493));
#2534=CARTESIAN_POINT('Ctrl Pts',(27.9727962548282,-69.1,0.683643363608536));
#2535=CARTESIAN_POINT('Ctrl Pts',(27.9045086380368,-69.7,0.627765047836664));
#2536=CARTESIAN_POINT('Ctrl Pts',(27.9045086380369,-69.1,0.627765047836707));
#2537=CARTESIAN_POINT('Ctrl Pts',(27.8708268843294,-69.7,0.546101042394862));
#2538=CARTESIAN_POINT('Ctrl Pts',(27.8708268843295,-69.1,0.546101042394905));
#2539=CARTESIAN_POINT('Ctrl Pts',(27.8535008315691,-69.7,0.504092693328864));
#2540=CARTESIAN_POINT('Ctrl Pts',(27.8535008315692,-69.1,0.504092693328907));
#2541=CARTESIAN_POINT('',(28.0059563998827,-69.7,0.710777610540396));
#2542=CARTESIAN_POINT('Ctrl Pts',(28.0059563998827,-69.7,0.710777610540396));
#2543=CARTESIAN_POINT('Ctrl Pts',(27.9727962548281,-69.7,0.683643363608493));
#2544=CARTESIAN_POINT('Ctrl Pts',(27.9045086380368,-69.7,0.627765047836664));
#2545=CARTESIAN_POINT('Ctrl Pts',(27.8708268843294,-69.7,0.546101042394862));
#2546=CARTESIAN_POINT('Ctrl Pts',(27.8535008315691,-69.7,0.504092693328864));
#2547=CARTESIAN_POINT('',(28.0059563998828,-69.2,0.710777610540432));
#2548=CARTESIAN_POINT('',(28.0059563998827,-69.7,0.710777610540396));
#2549=CARTESIAN_POINT('Ctrl Pts',(28.0059563998828,-69.2,0.710777610540432));
#2550=CARTESIAN_POINT('Ctrl Pts',(27.9727962548281,-69.2,0.683643363608528));
#2551=CARTESIAN_POINT('Ctrl Pts',(27.9045086380369,-69.2,0.627765047836699));
#2552=CARTESIAN_POINT('Ctrl Pts',(27.8708268843294,-69.2,0.546101042394898));
#2553=CARTESIAN_POINT('Ctrl Pts',(27.8535008315692,-69.2,0.504092693328899));
#2554=CARTESIAN_POINT('Ctrl Pts',(28.2453834895739,-69.7,0.782400935888297));
#2555=CARTESIAN_POINT('Ctrl Pts',(28.2453834895739,-69.1,0.782400935888339));
#2556=CARTESIAN_POINT('Ctrl Pts',(28.2023292004238,-69.7,0.779534093143788));
#2557=CARTESIAN_POINT('Ctrl Pts',(28.2023292004238,-69.1,0.77953409314383));
#2558=CARTESIAN_POINT('Ctrl Pts',(28.1170476462266,-69.7,0.773855476455014));
#2559=CARTESIAN_POINT('Ctrl Pts',(28.1170476462266,-69.1,0.773855476455056));
#2560=CARTESIAN_POINT('Ctrl Pts',(28.0427466355039,-69.7,0.731667191185648));
#2561=CARTESIAN_POINT('Ctrl Pts',(28.0427466355039,-69.1,0.73166719118569));
#2562=CARTESIAN_POINT('Ctrl Pts',(28.0059563998827,-69.7,0.710777610540396));
#2563=CARTESIAN_POINT('Ctrl Pts',(28.0059563998827,-69.1,0.710777610540438));
#2564=CARTESIAN_POINT('',(28.2453834895739,-69.7,0.782400935888297));
#2565=CARTESIAN_POINT('Ctrl Pts',(28.2453834895739,-69.7,0.782400935888297));
#2566=CARTESIAN_POINT('Ctrl Pts',(28.2023292004238,-69.7,0.779534093143788));
#2567=CARTESIAN_POINT('Ctrl Pts',(28.1170476462266,-69.7,0.773855476455014));
#2568=CARTESIAN_POINT('Ctrl Pts',(28.0427466355039,-69.7,0.731667191185648));
#2569=CARTESIAN_POINT('Ctrl Pts',(28.0059563998827,-69.7,0.710777610540396));
#2570=CARTESIAN_POINT('',(28.2453834895739,-69.2,0.782400935888332));
#2571=CARTESIAN_POINT('',(28.2453834895739,-69.7,0.782400935888297));
#2572=CARTESIAN_POINT('Ctrl Pts',(28.2453834895739,-69.2,0.782400935888332));
#2573=CARTESIAN_POINT('Ctrl Pts',(28.2023292004239,-69.2,0.779534093143823));
#2574=CARTESIAN_POINT('Ctrl Pts',(28.1170476462266,-69.2,0.77385547645505));
#2575=CARTESIAN_POINT('Ctrl Pts',(28.042746635504,-69.2,0.731667191185683));
#2576=CARTESIAN_POINT('Ctrl Pts',(28.0059563998828,-69.2,0.710777610540432));
#2577=CARTESIAN_POINT('Ctrl Pts',(28.4203493480334,-69.7,0.737380504608161));
#2578=CARTESIAN_POINT('Ctrl Pts',(28.4203493480334,-69.1,0.737380504608203));
#2579=CARTESIAN_POINT('Ctrl Pts',(28.395528209123,-69.7,0.75048342077864));
#2580=CARTESIAN_POINT('Ctrl Pts',(28.395528209123,-69.1,0.750483420778682));
#2581=CARTESIAN_POINT('Ctrl Pts',(28.340961561126,-69.7,0.779288795785331));
#2582=CARTESIAN_POINT('Ctrl Pts',(28.340961561126,-69.1,0.779288795785373));
#2583=CARTESIAN_POINT('Ctrl Pts',(28.2791036373458,-69.7,0.7813029662133));
#2584=CARTESIAN_POINT('Ctrl Pts',(28.2791036373458,-69.1,0.781302966213342));
#2585=CARTESIAN_POINT('Ctrl Pts',(28.2453834895739,-69.7,0.782400935888297));
#2586=CARTESIAN_POINT('Ctrl Pts',(28.2453834895739,-69.1,0.782400935888339));
#2587=CARTESIAN_POINT('',(28.4203493480334,-69.7,0.737380504608161));
#2588=CARTESIAN_POINT('Ctrl Pts',(28.4203493480334,-69.7,0.737380504608161));
#2589=CARTESIAN_POINT('Ctrl Pts',(28.395528209123,-69.7,0.75048342077864));
#2590=CARTESIAN_POINT('Ctrl Pts',(28.340961561126,-69.7,0.779288795785331));
#2591=CARTESIAN_POINT('Ctrl Pts',(28.2791036373458,-69.7,0.7813029662133));
#2592=CARTESIAN_POINT('Ctrl Pts',(28.2453834895739,-69.7,0.782400935888297));
#2593=CARTESIAN_POINT('',(28.4203493480334,-69.2,0.737380504608196));
#2594=CARTESIAN_POINT('',(28.4203493480334,-69.7,0.737380504608161));
#2595=CARTESIAN_POINT('Ctrl Pts',(28.4203493480334,-69.2,0.737380504608196));
#2596=CARTESIAN_POINT('Ctrl Pts',(28.395528209123,-69.2,0.750483420778676));
#2597=CARTESIAN_POINT('Ctrl Pts',(28.340961561126,-69.2,0.779288795785367));
#2598=CARTESIAN_POINT('Ctrl Pts',(28.2791036373459,-69.2,0.781302966213335));
#2599=CARTESIAN_POINT('Ctrl Pts',(28.2453834895739,-69.2,0.782400935888332));
#2600=CARTESIAN_POINT('Ctrl Pts',(28.5155057792315,-69.7,0.600272834301001));
#2601=CARTESIAN_POINT('Ctrl Pts',(28.5155057792315,-69.1,0.600272834301044));
#2602=CARTESIAN_POINT('Ctrl Pts',(28.5045390883421,-69.7,0.628518023888467));
#2603=CARTESIAN_POINT('Ctrl Pts',(28.5045390883421,-69.1,0.62851802388851));
#2604=CARTESIAN_POINT('Ctrl Pts',(28.4837815700843,-69.7,0.681979915398494));
#2605=CARTESIAN_POINT('Ctrl Pts',(28.4837815700843,-69.1,0.681979915398537));
#2606=CARTESIAN_POINT('Ctrl Pts',(28.4406795467057,-69.7,0.719624465976998));
#2607=CARTESIAN_POINT('Ctrl Pts',(28.4406795467057,-69.1,0.719624465977041));
#2608=CARTESIAN_POINT('Ctrl Pts',(28.4203493480334,-69.7,0.737380504608161));
#2609=CARTESIAN_POINT('Ctrl Pts',(28.4203493480334,-69.1,0.737380504608204));
#2610=CARTESIAN_POINT('',(28.5155057792315,-69.7,0.600272834301001));
#2611=CARTESIAN_POINT('Ctrl Pts',(28.5155057792315,-69.7,0.600272834301001));
#2612=CARTESIAN_POINT('Ctrl Pts',(28.5045390883421,-69.7,0.628518023888467));
#2613=CARTESIAN_POINT('Ctrl Pts',(28.4837815700843,-69.7,0.681979915398494));
#2614=CARTESIAN_POINT('Ctrl Pts',(28.4406795467057,-69.7,0.719624465976998));
#2615=CARTESIAN_POINT('Ctrl Pts',(28.4203493480334,-69.7,0.737380504608161));
#2616=CARTESIAN_POINT('',(28.5155057792315,-69.2,0.600272834301037));
#2617=CARTESIAN_POINT('',(28.5155057792315,-69.7,0.600272834301001));
#2618=CARTESIAN_POINT('Ctrl Pts',(28.5155057792315,-69.2,0.600272834301037));
#2619=CARTESIAN_POINT('Ctrl Pts',(28.5045390883421,-69.2,0.628518023888502));
#2620=CARTESIAN_POINT('Ctrl Pts',(28.4837815700844,-69.2,0.68197991539853));
#2621=CARTESIAN_POINT('Ctrl Pts',(28.4406795467057,-69.2,0.719624465977033));
#2622=CARTESIAN_POINT('Ctrl Pts',(28.4203493480334,-69.2,0.737380504608196));
#2623=CARTESIAN_POINT('Ctrl Pts',(28.5462015752444,-69.7,0.190995752811438));
#2624=CARTESIAN_POINT('Ctrl Pts',(28.5462015752444,-69.1,0.190995752811481));
#2625=CARTESIAN_POINT('Ctrl Pts',(28.5470665119782,-69.7,0.278281803830418));
#2626=CARTESIAN_POINT('Ctrl Pts',(28.5470665119782,-69.1,0.278281803830461));
#2627=CARTESIAN_POINT('Ctrl Pts',(28.5484289463847,-69.7,0.415773384956561));
#2628=CARTESIAN_POINT('Ctrl Pts',(28.5484289463847,-69.1,0.415773384956604));
#2629=CARTESIAN_POINT('Ctrl Pts',(28.5243121217952,-69.7,0.550922620022511));
#2630=CARTESIAN_POINT('Ctrl Pts',(28.5243121217952,-69.1,0.550922620022554));
#2631=CARTESIAN_POINT('Ctrl Pts',(28.5155057792315,-69.7,0.600272834301001));
#2632=CARTESIAN_POINT('Ctrl Pts',(28.5155057792315,-69.1,0.600272834301044));
#2633=CARTESIAN_POINT('',(28.5462015752444,-69.7,0.190995752811438));
#2634=CARTESIAN_POINT('Ctrl Pts',(28.5462015752444,-69.7,0.190995752811438));
#2635=CARTESIAN_POINT('Ctrl Pts',(28.5470665119782,-69.7,0.278281803830418));
#2636=CARTESIAN_POINT('Ctrl Pts',(28.5484289463847,-69.7,0.415773384956561));
#2637=CARTESIAN_POINT('Ctrl Pts',(28.5243121217952,-69.7,0.550922620022511));
#2638=CARTESIAN_POINT('Ctrl Pts',(28.5155057792315,-69.7,0.600272834301001));
#2639=CARTESIAN_POINT('',(28.5462015752444,-69.2,0.190995752811474));
#2640=CARTESIAN_POINT('',(28.5462015752444,-69.7,0.190995752811438));
#2641=CARTESIAN_POINT('Ctrl Pts',(28.5462015752444,-69.2,0.190995752811474));
#2642=CARTESIAN_POINT('Ctrl Pts',(28.5470665119782,-69.2,0.278281803830454));
#2643=CARTESIAN_POINT('Ctrl Pts',(28.5484289463847,-69.2,0.415773384956597));
#2644=CARTESIAN_POINT('Ctrl Pts',(28.5243121217952,-69.2,0.550922620022547));
#2645=CARTESIAN_POINT('Ctrl Pts',(28.5155057792315,-69.2,0.600272834301037));
#2646=CARTESIAN_POINT('Origin',(28.5462015752444,-69.7,-1.00000011920928));
#2647=CARTESIAN_POINT('',(28.5462015752444,-69.7,-1.00000011920928));
#2648=CARTESIAN_POINT('',(28.5462015752444,-69.7,-1.50000005960464));
#2649=CARTESIAN_POINT('',(28.5462015752444,-69.2,-1.00000011920925));
#2650=CARTESIAN_POINT('',(28.5462015752444,-69.7,-1.00000011920928));
#2651=CARTESIAN_POINT('',(28.5462015752444,-69.2,-1.00000011920925));
#2652=CARTESIAN_POINT('Origin',(29.1212355975756,-69.7,-1.00000011920928));
#2653=CARTESIAN_POINT('',(29.1212355975756,-69.7,-1.00000011920928));
#2654=CARTESIAN_POINT('',(26.4106180595581,-69.7,-1.00000011920928));
#2655=CARTESIAN_POINT('',(29.1212355975756,-69.2,-1.00000011920925));
#2656=CARTESIAN_POINT('',(29.1212355975756,-69.7,-1.00000011920928));
#2657=CARTESIAN_POINT('',(29.1212355975756,-69.2,-1.00000011920925));
#2658=CARTESIAN_POINT('Origin',(29.1212355975756,-69.7,0.0436560511589112));
#2659=CARTESIAN_POINT('',(29.1212355975756,-69.7,0.0436560511589112));
#2660=CARTESIAN_POINT('',(29.1212355975756,-69.7,-0.978171974420539));
#2661=CARTESIAN_POINT('',(29.1212355975756,-69.2,0.0436560511589468));
#2662=CARTESIAN_POINT('',(29.1212355975756,-69.7,0.0436560511589112));
#2663=CARTESIAN_POINT('',(29.1212355975756,-69.2,0.0436560511589468));
#2664=CARTESIAN_POINT('Ctrl Pts',(29.1683030013689,-69.7,0.492837548255927));
#2665=CARTESIAN_POINT('Ctrl Pts',(29.168303001369,-69.1,0.492837548255969));
#2666=CARTESIAN_POINT('Ctrl Pts',(29.1546774198309,-69.7,0.431920657769735));
#2667=CARTESIAN_POINT('Ctrl Pts',(29.154677419831,-69.1,0.431920657769777));
#2668=CARTESIAN_POINT('Ctrl Pts',(29.1216439561404,-69.7,0.284235519751452));
#2669=CARTESIAN_POINT('Ctrl Pts',(29.1216439561405,-69.1,0.284235519751494));
#2670=CARTESIAN_POINT('Ctrl Pts',(29.1213867259415,-69.7,0.1326914849317));
#2671=CARTESIAN_POINT('Ctrl Pts',(29.1213867259416,-69.1,0.132691484931742));
#2672=CARTESIAN_POINT('Ctrl Pts',(29.1212355975756,-69.7,0.0436560511589112));
#2673=CARTESIAN_POINT('Ctrl Pts',(29.1212355975757,-69.1,0.0436560511589532));
#2674=CARTESIAN_POINT('',(29.1683030013689,-69.7,0.492837548255927));
#2675=CARTESIAN_POINT('Ctrl Pts',(29.1683030013689,-69.7,0.492837548255927));
#2676=CARTESIAN_POINT('Ctrl Pts',(29.1546774198309,-69.7,0.431920657769735));
#2677=CARTESIAN_POINT('Ctrl Pts',(29.1216439561404,-69.7,0.284235519751452));
#2678=CARTESIAN_POINT('Ctrl Pts',(29.1213867259415,-69.7,0.1326914849317));
#2679=CARTESIAN_POINT('Ctrl Pts',(29.1212355975756,-69.7,0.0436560511589112));
#2680=CARTESIAN_POINT('',(29.168303001369,-69.2,0.492837548255962));
#2681=CARTESIAN_POINT('',(29.1683030013689,-69.7,0.492837548255927));
#2682=CARTESIAN_POINT('Ctrl Pts',(29.168303001369,-69.2,0.492837548255962));
#2683=CARTESIAN_POINT('Ctrl Pts',(29.154677419831,-69.2,0.431920657769771));
#2684=CARTESIAN_POINT('Ctrl Pts',(29.1216439561404,-69.2,0.284235519751488));
#2685=CARTESIAN_POINT('Ctrl Pts',(29.1213867259415,-69.2,0.132691484931735));
#2686=CARTESIAN_POINT('Ctrl Pts',(29.1212355975756,-69.2,0.0436560511589468));
#2687=CARTESIAN_POINT('Ctrl Pts',(29.3217813853869,-69.7,0.708731085062033));
#2688=CARTESIAN_POINT('Ctrl Pts',(29.3217813853869,-69.1,0.708731085062076));
#2689=CARTESIAN_POINT('Ctrl Pts',(29.2885048698116,-69.7,0.680444921713792));
#2690=CARTESIAN_POINT('Ctrl Pts',(29.2885048698116,-69.1,0.680444921713835));
#2691=CARTESIAN_POINT('Ctrl Pts',(29.2192171294898,-69.7,0.621547999758696));
#2692=CARTESIAN_POINT('Ctrl Pts',(29.2192171294898,-69.1,0.621547999758739));
#2693=CARTESIAN_POINT('Ctrl Pts',(29.1857151393643,-69.7,0.536855274292343));
#2694=CARTESIAN_POINT('Ctrl Pts',(29.1857151393643,-69.1,0.536855274292386));
#2695=CARTESIAN_POINT('Ctrl Pts',(29.1683030013689,-69.7,0.492837548255927));
#2696=CARTESIAN_POINT('Ctrl Pts',(29.1683030013689,-69.1,0.49283754825597));
#2697=CARTESIAN_POINT('',(29.3217813853869,-69.7,0.708731085062033));
#2698=CARTESIAN_POINT('Ctrl Pts',(29.3217813853869,-69.7,0.708731085062033));
#2699=CARTESIAN_POINT('Ctrl Pts',(29.2885048698116,-69.7,0.680444921713792));
#2700=CARTESIAN_POINT('Ctrl Pts',(29.2192171294898,-69.7,0.621547999758696));
#2701=CARTESIAN_POINT('Ctrl Pts',(29.1857151393643,-69.7,0.536855274292343));
#2702=CARTESIAN_POINT('Ctrl Pts',(29.1683030013689,-69.7,0.492837548255927));
#2703=CARTESIAN_POINT('',(29.3217813853869,-69.2,0.708731085062069));
#2704=CARTESIAN_POINT('',(29.3217813853869,-69.7,0.708731085062033));
#2705=CARTESIAN_POINT('Ctrl Pts',(29.3217813853869,-69.2,0.708731085062069));
#2706=CARTESIAN_POINT('Ctrl Pts',(29.2885048698116,-69.2,0.680444921713828));
#2707=CARTESIAN_POINT('Ctrl Pts',(29.2192171294898,-69.2,0.621547999758731));
#2708=CARTESIAN_POINT('Ctrl Pts',(29.1857151393643,-69.2,0.536855274292378));
#2709=CARTESIAN_POINT('Ctrl Pts',(29.168303001369,-69.2,0.492837548255962));
#2710=CARTESIAN_POINT('Ctrl Pts',(29.5489299182543,-69.7,0.782400935888297));
#2711=CARTESIAN_POINT('Ctrl Pts',(29.5489299182543,-69.1,0.782400935888339));
#2712=CARTESIAN_POINT('Ctrl Pts',(29.5089637912297,-69.7,0.779109210877249));
#2713=CARTESIAN_POINT('Ctrl Pts',(29.5089637912297,-69.1,0.779109210877291));
#2714=CARTESIAN_POINT('Ctrl Pts',(29.4275161658681,-69.7,0.772400950521481));
#2715=CARTESIAN_POINT('Ctrl Pts',(29.4275161658681,-69.1,0.772400950521523));
#2716=CARTESIAN_POINT('Ctrl Pts',(29.3574607833093,-69.7,0.730215997169967));
#2717=CARTESIAN_POINT('Ctrl Pts',(29.3574607833093,-69.1,0.730215997170009));
#2718=CARTESIAN_POINT('Ctrl Pts',(29.3217813853869,-69.7,0.708731085062033));
#2719=CARTESIAN_POINT('Ctrl Pts',(29.3217813853869,-69.1,0.708731085062075));
#2720=CARTESIAN_POINT('',(29.5489299182543,-69.7,0.782400935888297));
#2721=CARTESIAN_POINT('Ctrl Pts',(29.5489299182543,-69.7,0.782400935888297));
#2722=CARTESIAN_POINT('Ctrl Pts',(29.5089637912297,-69.7,0.779109210877249));
#2723=CARTESIAN_POINT('Ctrl Pts',(29.4275161658681,-69.7,0.772400950521481));
#2724=CARTESIAN_POINT('Ctrl Pts',(29.3574607833093,-69.7,0.730215997169967));
#2725=CARTESIAN_POINT('Ctrl Pts',(29.3217813853869,-69.7,0.708731085062033));
#2726=CARTESIAN_POINT('',(29.5489299182543,-69.2,0.782400935888332));
#2727=CARTESIAN_POINT('',(29.5489299182543,-69.7,0.782400935888297));
#2728=CARTESIAN_POINT('Ctrl Pts',(29.5489299182543,-69.2,0.782400935888332));
#2729=CARTESIAN_POINT('Ctrl Pts',(29.5089637912297,-69.2,0.779109210877285));
#2730=CARTESIAN_POINT('Ctrl Pts',(29.4275161658681,-69.2,0.772400950521517));
#2731=CARTESIAN_POINT('Ctrl Pts',(29.3574607833093,-69.2,0.730215997170003));
#2732=CARTESIAN_POINT('Ctrl Pts',(29.3217813853869,-69.2,0.708731085062069));
#2733=CARTESIAN_POINT('Ctrl Pts',(29.7944962863573,-69.7,0.659617900848395));
#2734=CARTESIAN_POINT('Ctrl Pts',(29.7944962863574,-69.1,0.659617900848438));
#2735=CARTESIAN_POINT('Ctrl Pts',(29.7633467890173,-69.7,0.69541589111267));
#2736=CARTESIAN_POINT('Ctrl Pts',(29.7633467890174,-69.1,0.695415891112713));
#2737=CARTESIAN_POINT('Ctrl Pts',(29.6986352697561,-69.7,0.769784421404087));
#2738=CARTESIAN_POINT('Ctrl Pts',(29.6986352697562,-69.1,0.76978442140413));
#2739=CARTESIAN_POINT('Ctrl Pts',(29.6000567447466,-69.7,0.778092189804735));
#2740=CARTESIAN_POINT('Ctrl Pts',(29.6000567447467,-69.1,0.778092189804778));
#2741=CARTESIAN_POINT('Ctrl Pts',(29.5489299182543,-69.7,0.782400935888297));
#2742=CARTESIAN_POINT('Ctrl Pts',(29.5489299182544,-69.1,0.78240093588834));
#2743=CARTESIAN_POINT('',(29.7944962863573,-69.7,0.659617900848395));
#2744=CARTESIAN_POINT('Ctrl Pts',(29.7944962863573,-69.7,0.659617900848395));
#2745=CARTESIAN_POINT('Ctrl Pts',(29.7633467890173,-69.7,0.69541589111267));
#2746=CARTESIAN_POINT('Ctrl Pts',(29.6986352697561,-69.7,0.769784421404087));
#2747=CARTESIAN_POINT('Ctrl Pts',(29.6000567447466,-69.7,0.778092189804735));
#2748=CARTESIAN_POINT('Ctrl Pts',(29.5489299182543,-69.7,0.782400935888297));
#2749=CARTESIAN_POINT('',(29.7944962863574,-69.2,0.65961790084843));
#2750=CARTESIAN_POINT('',(29.7944962863573,-69.7,0.659617900848395));
#2751=CARTESIAN_POINT('Ctrl Pts',(29.7944962863574,-69.2,0.65961790084843));
#2752=CARTESIAN_POINT('Ctrl Pts',(29.7633467890173,-69.2,0.695415891112705));
#2753=CARTESIAN_POINT('Ctrl Pts',(29.6986352697561,-69.2,0.769784421404123));
#2754=CARTESIAN_POINT('Ctrl Pts',(29.6000567447466,-69.2,0.778092189804771));
#2755=CARTESIAN_POINT('Ctrl Pts',(29.5489299182543,-69.2,0.782400935888332));
#2756=CARTESIAN_POINT('Ctrl Pts',(29.8538410548815,-69.7,0.242155611515051));
#2757=CARTESIAN_POINT('Ctrl Pts',(29.8538410548815,-69.1,0.242155611515094));
#2758=CARTESIAN_POINT('Ctrl Pts',(29.8552063580296,-69.7,0.331920654122349));
#2759=CARTESIAN_POINT('Ctrl Pts',(29.8552063580296,-69.1,0.331920654122392));
#2760=CARTESIAN_POINT('Ctrl Pts',(29.8573804501086,-69.7,0.474861413010039));
#2761=CARTESIAN_POINT('Ctrl Pts',(29.8573804501086,-69.1,0.474861413010082));
#2762=CARTESIAN_POINT('Ctrl Pts',(29.8115469214317,-69.7,0.609522371802025));
#2763=CARTESIAN_POINT('Ctrl Pts',(29.8115469214317,-69.1,0.609522371802068));
#2764=CARTESIAN_POINT('Ctrl Pts',(29.7944962863573,-69.7,0.659617900848395));
#2765=CARTESIAN_POINT('Ctrl Pts',(29.7944962863573,-69.1,0.659617900848438));
#2766=CARTESIAN_POINT('',(29.8538410548815,-69.7,0.242155611515051));
#2767=CARTESIAN_POINT('Ctrl Pts',(29.8538410548815,-69.7,0.242155611515051));
#2768=CARTESIAN_POINT('Ctrl Pts',(29.8552063580296,-69.7,0.331920654122349));
#2769=CARTESIAN_POINT('Ctrl Pts',(29.8573804501086,-69.7,0.474861413010039));
#2770=CARTESIAN_POINT('Ctrl Pts',(29.8115469214317,-69.7,0.609522371802025));
#2771=CARTESIAN_POINT('Ctrl Pts',(29.7944962863573,-69.7,0.659617900848395));
#2772=CARTESIAN_POINT('',(29.8538410548815,-69.2,0.242155611515087));
#2773=CARTESIAN_POINT('',(29.8538410548815,-69.7,0.242155611515051));
#2774=CARTESIAN_POINT('Ctrl Pts',(29.8538410548815,-69.2,0.242155611515087));
#2775=CARTESIAN_POINT('Ctrl Pts',(29.8552063580296,-69.2,0.331920654122384));
#2776=CARTESIAN_POINT('Ctrl Pts',(29.8573804501086,-69.2,0.474861413010075));
#2777=CARTESIAN_POINT('Ctrl Pts',(29.8115469214317,-69.2,0.60952237180206));
#2778=CARTESIAN_POINT('Ctrl Pts',(29.7944962863574,-69.2,0.65961790084843));
#2779=CARTESIAN_POINT('Origin',(29.8538410548815,-69.7,-1.00000011920928));
#2780=CARTESIAN_POINT('',(29.8538410548815,-69.7,-1.00000011920928));
#2781=CARTESIAN_POINT('',(29.8538410548815,-69.7,-1.50000005960464));
#2782=CARTESIAN_POINT('',(29.8538410548815,-69.2,-1.00000011920925));
#2783=CARTESIAN_POINT('',(29.8538410548815,-69.7,-1.00000011920928));
#2784=CARTESIAN_POINT('',(29.8538410548815,-69.2,-1.00000011920925));
#2785=CARTESIAN_POINT('Origin',(30.4288756732592,-69.7,-1.00000011920928));
#2786=CARTESIAN_POINT('',(30.4288756732592,-69.7,-1.00000011920928));
#2787=CARTESIAN_POINT('',(27.0644380973999,-69.7,-1.00000011920928));
#2788=CARTESIAN_POINT('',(30.4288756732592,-69.2,-1.00000011920925));
#2789=CARTESIAN_POINT('',(30.4288756732592,-69.7,-1.00000011920928));
#2790=CARTESIAN_POINT('',(30.4288756732592,-69.2,-1.00000011920925));
#2791=CARTESIAN_POINT('Origin',(30.4288756732592,-69.7,0.389495164155966));
#2792=CARTESIAN_POINT('',(30.4288756732592,-69.7,0.389495164155966));
#2793=CARTESIAN_POINT('',(30.4288756732592,-69.7,-0.805252417922011));
#2794=CARTESIAN_POINT('',(30.4288756732592,-69.2,0.389495164156002));
#2795=CARTESIAN_POINT('',(30.4288756732592,-69.7,0.389495164155966));
#2796=CARTESIAN_POINT('',(30.4288756732592,-69.2,0.389495164156002));
#2797=CARTESIAN_POINT('Ctrl Pts',(30.369530904735,-69.7,0.839699774980551));
#2798=CARTESIAN_POINT('Ctrl Pts',(30.369530904735,-69.1,0.839699774980594));
#2799=CARTESIAN_POINT('Ctrl Pts',(30.3867070122303,-69.7,0.77933801250484));
#2800=CARTESIAN_POINT('Ctrl Pts',(30.3867070122303,-69.1,0.779338012504883));
#2801=CARTESIAN_POINT('Ctrl Pts',(30.4284796857077,-69.7,0.63253687056303));
#2802=CARTESIAN_POINT('Ctrl Pts',(30.4284796857077,-69.1,0.632536870563073));
#2803=CARTESIAN_POINT('Ctrl Pts',(30.4287289195218,-69.7,0.479566881366149));
#2804=CARTESIAN_POINT('Ctrl Pts',(30.4287289195218,-69.1,0.479566881366192));
#2805=CARTESIAN_POINT('Ctrl Pts',(30.4288756732592,-69.7,0.389495164155966));
#2806=CARTESIAN_POINT('Ctrl Pts',(30.4288756732592,-69.1,0.389495164156009));
#2807=CARTESIAN_POINT('',(30.369530904735,-69.7,0.839699774980551));
#2808=CARTESIAN_POINT('Ctrl Pts',(30.369530904735,-69.7,0.839699774980551));
#2809=CARTESIAN_POINT('Ctrl Pts',(30.3867070122303,-69.7,0.77933801250484));
#2810=CARTESIAN_POINT('Ctrl Pts',(30.4284796857077,-69.7,0.63253687056303));
#2811=CARTESIAN_POINT('Ctrl Pts',(30.4287289195218,-69.7,0.479566881366149));
#2812=CARTESIAN_POINT('Ctrl Pts',(30.4288756732592,-69.7,0.389495164155966));
#2813=CARTESIAN_POINT('',(30.369530904735,-69.2,0.839699774980587));
#2814=CARTESIAN_POINT('',(30.369530904735,-69.7,0.839699774980551));
#2815=CARTESIAN_POINT('Ctrl Pts',(30.369530904735,-69.2,0.839699774980587));
#2816=CARTESIAN_POINT('Ctrl Pts',(30.3867070122303,-69.2,0.779338012504875));
#2817=CARTESIAN_POINT('Ctrl Pts',(30.4284796857077,-69.2,0.632536870563065));
#2818=CARTESIAN_POINT('Ctrl Pts',(30.4287289195218,-69.2,0.479566881366185));
#2819=CARTESIAN_POINT('Ctrl Pts',(30.4288756732592,-69.2,0.389495164156002));
#2820=CARTESIAN_POINT('Ctrl Pts',(30.1219177131304,-69.7,1.12517040967942));
#2821=CARTESIAN_POINT('Ctrl Pts',(30.1219177131304,-69.1,1.12517040967946));
#2822=CARTESIAN_POINT('Ctrl Pts',(30.1739060397751,-69.7,1.08843330336628));
#2823=CARTESIAN_POINT('Ctrl Pts',(30.1739060397751,-69.1,1.08843330336632));
#2824=CARTESIAN_POINT('Ctrl Pts',(30.2797682920811,-69.7,1.01362664832432));
#2825=CARTESIAN_POINT('Ctrl Pts',(30.2797682920811,-69.1,1.01362664832436));
#2826=CARTESIAN_POINT('Ctrl Pts',(30.3392568341843,-69.7,0.898359770256949));
#2827=CARTESIAN_POINT('Ctrl Pts',(30.3392568341843,-69.1,0.898359770256985));
#2828=CARTESIAN_POINT('Ctrl Pts',(30.369530904735,-69.7,0.839699774980551));
#2829=CARTESIAN_POINT('Ctrl Pts',(30.369530904735,-69.1,0.839699774980587));
#2830=CARTESIAN_POINT('',(30.1219177131304,-69.7,1.12517040967942));
#2831=CARTESIAN_POINT('Ctrl Pts',(30.1219177131304,-69.7,1.12517040967942));
#2832=CARTESIAN_POINT('Ctrl Pts',(30.1739060397751,-69.7,1.08843330336628));
#2833=CARTESIAN_POINT('Ctrl Pts',(30.2797682920811,-69.7,1.01362664832432));
#2834=CARTESIAN_POINT('Ctrl Pts',(30.3392568341843,-69.7,0.898359770256949));
#2835=CARTESIAN_POINT('Ctrl Pts',(30.369530904735,-69.7,0.839699774980551));
#2836=CARTESIAN_POINT('',(30.1219177131304,-69.2,1.12517040967945));
#2837=CARTESIAN_POINT('',(30.1219177131304,-69.7,1.12517040967942));
#2838=CARTESIAN_POINT('Ctrl Pts',(30.1219177131304,-69.2,1.12517040967945));
#2839=CARTESIAN_POINT('Ctrl Pts',(30.1739060397751,-69.2,1.08843330336631));
#2840=CARTESIAN_POINT('Ctrl Pts',(30.2797682920812,-69.2,1.01362664832435));
#2841=CARTESIAN_POINT('Ctrl Pts',(30.3392568341843,-69.2,0.898359770256985));
#2842=CARTESIAN_POINT('Ctrl Pts',(30.369530904735,-69.2,0.839699774980587));
#2843=CARTESIAN_POINT('Ctrl Pts',(29.7167336825976,-69.7,1.22237366437913));
#2844=CARTESIAN_POINT('Ctrl Pts',(29.7167336825976,-69.1,1.22237366437917));
#2845=CARTESIAN_POINT('Ctrl Pts',(29.7916616588202,-69.7,1.21934436240727));
#2846=CARTESIAN_POINT('Ctrl Pts',(29.7916616588202,-69.1,1.21934436240731));
#2847=CARTESIAN_POINT('Ctrl Pts',(29.9333412026535,-69.7,1.21361632672362));
#2848=CARTESIAN_POINT('Ctrl Pts',(29.9333412026535,-69.1,1.21361632672366));
#2849=CARTESIAN_POINT('Ctrl Pts',(30.0615247247628,-69.7,1.15349585289452));
#2850=CARTESIAN_POINT('Ctrl Pts',(30.0615247247628,-69.1,1.15349585289456));
#2851=CARTESIAN_POINT('Ctrl Pts',(30.1219177131304,-69.7,1.12517040967942));
#2852=CARTESIAN_POINT('Ctrl Pts',(30.1219177131304,-69.1,1.12517040967946));
#2853=CARTESIAN_POINT('',(29.7167336825976,-69.7,1.22237366437913));
#2854=CARTESIAN_POINT('Ctrl Pts',(29.7167336825976,-69.7,1.22237366437913));
#2855=CARTESIAN_POINT('Ctrl Pts',(29.7916616588202,-69.7,1.21934436240727));
#2856=CARTESIAN_POINT('Ctrl Pts',(29.9333412026535,-69.7,1.21361632672362));
#2857=CARTESIAN_POINT('Ctrl Pts',(30.0615247247628,-69.7,1.15349585289452));
#2858=CARTESIAN_POINT('Ctrl Pts',(30.1219177131304,-69.7,1.12517040967942));
#2859=CARTESIAN_POINT('',(29.7167336825976,-69.2,1.22237366437916));
#2860=CARTESIAN_POINT('',(29.7167336825976,-69.7,1.22237366437913));
#2861=CARTESIAN_POINT('Ctrl Pts',(29.7167336825976,-69.2,1.22237366437916));
#2862=CARTESIAN_POINT('Ctrl Pts',(29.7916616588202,-69.2,1.2193443624073));
#2863=CARTESIAN_POINT('Ctrl Pts',(29.9333412026535,-69.2,1.21361632672366));
#2864=CARTESIAN_POINT('Ctrl Pts',(30.0615247247628,-69.2,1.15349585289456));
#2865=CARTESIAN_POINT('Ctrl Pts',(30.1219177131304,-69.2,1.12517040967945));
#2866=CARTESIAN_POINT('Ctrl Pts',(29.3627095107684,-69.7,1.13642555475236));
#2867=CARTESIAN_POINT('Ctrl Pts',(29.3627095107684,-69.1,1.1364255547524));
#2868=CARTESIAN_POINT('Ctrl Pts',(29.4189673731678,-69.7,1.16149372007025));
#2869=CARTESIAN_POINT('Ctrl Pts',(29.4189673731678,-69.1,1.16149372007029));
#2870=CARTESIAN_POINT('Ctrl Pts',(29.5317265797868,-69.7,1.21173854474149));
#2871=CARTESIAN_POINT('Ctrl Pts',(29.5317265797868,-69.1,1.21173854474153));
#2872=CARTESIAN_POINT('Ctrl Pts',(29.6549759372329,-69.7,1.21882352494921));
#2873=CARTESIAN_POINT('Ctrl Pts',(29.6549759372329,-69.1,1.21882352494925));
#2874=CARTESIAN_POINT('Ctrl Pts',(29.7167336825976,-69.7,1.22237366437913));
#2875=CARTESIAN_POINT('Ctrl Pts',(29.7167336825976,-69.1,1.22237366437917));
#2876=CARTESIAN_POINT('',(29.3627095107684,-69.7,1.13642555475236));
#2877=CARTESIAN_POINT('Ctrl Pts',(29.3627095107684,-69.7,1.13642555475236));
#2878=CARTESIAN_POINT('Ctrl Pts',(29.4189673731678,-69.7,1.16149372007025));
#2879=CARTESIAN_POINT('Ctrl Pts',(29.5317265797868,-69.7,1.21173854474149));
#2880=CARTESIAN_POINT('Ctrl Pts',(29.6549759372329,-69.7,1.21882352494921));
#2881=CARTESIAN_POINT('Ctrl Pts',(29.7167336825976,-69.7,1.22237366437913));
#2882=CARTESIAN_POINT('',(29.3627095107684,-69.2,1.13642555475239));
#2883=CARTESIAN_POINT('',(29.3627095107684,-69.7,1.13642555475236));
#2884=CARTESIAN_POINT('Ctrl Pts',(29.3627095107684,-69.2,1.13642555475239));
#2885=CARTESIAN_POINT('Ctrl Pts',(29.4189673731678,-69.2,1.16149372007028));
#2886=CARTESIAN_POINT('Ctrl Pts',(29.5317265797868,-69.2,1.21173854474153));
#2887=CARTESIAN_POINT('Ctrl Pts',(29.6549759372329,-69.2,1.21882352494924));
#2888=CARTESIAN_POINT('Ctrl Pts',(29.7167336825976,-69.2,1.22237366437916));
#2889=CARTESIAN_POINT('Ctrl Pts',(29.0537059192309,-69.7,0.876534700393683));
#2890=CARTESIAN_POINT('Ctrl Pts',(29.0537059192309,-69.1,0.876534700393726));
#2891=CARTESIAN_POINT('Ctrl Pts',(29.1009273759291,-69.7,0.930068948423637));
#2892=CARTESIAN_POINT('Ctrl Pts',(29.1009273759291,-69.1,0.93006894842368));
#2893=CARTESIAN_POINT('Ctrl Pts',(29.1910180276929,-69.7,1.03220335159404));
#2894=CARTESIAN_POINT('Ctrl Pts',(29.1910180276929,-69.1,1.03220335159408));
#2895=CARTESIAN_POINT('Ctrl Pts',(29.307352379615,-69.7,1.1028220115481));
#2896=CARTESIAN_POINT('Ctrl Pts',(29.307352379615,-69.1,1.10282201154814));
#2897=CARTESIAN_POINT('Ctrl Pts',(29.3627095107684,-69.7,1.13642555475236));
#2898=CARTESIAN_POINT('Ctrl Pts',(29.3627095107684,-69.1,1.1364255547524));
#2899=CARTESIAN_POINT('',(29.0537059192309,-69.7,0.876534700393683));
#2900=CARTESIAN_POINT('Ctrl Pts',(29.0537059192309,-69.7,0.876534700393683));
#2901=CARTESIAN_POINT('Ctrl Pts',(29.1009273759291,-69.7,0.930068948423637));
#2902=CARTESIAN_POINT('Ctrl Pts',(29.1910180276929,-69.7,1.03220335159404));
#2903=CARTESIAN_POINT('Ctrl Pts',(29.307352379615,-69.7,1.1028220115481));
#2904=CARTESIAN_POINT('Ctrl Pts',(29.3627095107684,-69.7,1.13642555475236));
#2905=CARTESIAN_POINT('',(29.0537059192309,-69.2,0.876534700393719));
#2906=CARTESIAN_POINT('',(29.0537059192309,-69.7,0.876534700393683));
#2907=CARTESIAN_POINT('Ctrl Pts',(29.0537059192309,-69.2,0.876534700393719));
#2908=CARTESIAN_POINT('Ctrl Pts',(29.1009273759291,-69.2,0.930068948423672));
#2909=CARTESIAN_POINT('Ctrl Pts',(29.1910180276929,-69.2,1.03220335159408));
#2910=CARTESIAN_POINT('Ctrl Pts',(29.307352379615,-69.2,1.10282201154813));
#2911=CARTESIAN_POINT('Ctrl Pts',(29.3627095107684,-69.2,1.13642555475239));
#2912=CARTESIAN_POINT('Ctrl Pts',(28.802000272716,-69.7,1.13642555475236));
#2913=CARTESIAN_POINT('Ctrl Pts',(28.802000272716,-69.1,1.1364255547524));
#2914=CARTESIAN_POINT('Ctrl Pts',(28.851366590409,-69.7,1.10319156101674));
#2915=CARTESIAN_POINT('Ctrl Pts',(28.851366590409,-69.1,1.10319156101678));
#2916=CARTESIAN_POINT('Ctrl Pts',(28.9535297605768,-69.7,1.03441409662327));
#2917=CARTESIAN_POINT('Ctrl Pts',(28.9535297605768,-69.1,1.03441409662331));
#2918=CARTESIAN_POINT('Ctrl Pts',(29.0195746266578,-69.7,0.930326220615449));
#2919=CARTESIAN_POINT('Ctrl Pts',(29.0195746266578,-69.1,0.930326220615485));
#2920=CARTESIAN_POINT('Ctrl Pts',(29.0537059192309,-69.7,0.876534700393683));
#2921=CARTESIAN_POINT('Ctrl Pts',(29.0537059192309,-69.1,0.876534700393719));
#2922=CARTESIAN_POINT('',(28.802000272716,-69.7,1.13642555475236));
#2923=CARTESIAN_POINT('Ctrl Pts',(28.802000272716,-69.7,1.13642555475236));
#2924=CARTESIAN_POINT('Ctrl Pts',(28.851366590409,-69.7,1.10319156101674));
#2925=CARTESIAN_POINT('Ctrl Pts',(28.9535297605768,-69.7,1.03441409662327));
#2926=CARTESIAN_POINT('Ctrl Pts',(29.0195746266578,-69.7,0.930326220615449));
#2927=CARTESIAN_POINT('Ctrl Pts',(29.0537059192309,-69.7,0.876534700393683));
#2928=CARTESIAN_POINT('',(28.802000272716,-69.2,1.13642555475239));
#2929=CARTESIAN_POINT('',(28.802000272716,-69.7,1.13642555475236));
#2930=CARTESIAN_POINT('Ctrl Pts',(28.802000272716,-69.2,1.13642555475239));
#2931=CARTESIAN_POINT('Ctrl Pts',(28.851366590409,-69.2,1.10319156101678));
#2932=CARTESIAN_POINT('Ctrl Pts',(28.9535297605769,-69.2,1.03441409662331));
#2933=CARTESIAN_POINT('Ctrl Pts',(29.0195746266578,-69.2,0.930326220615485));
#2934=CARTESIAN_POINT('Ctrl Pts',(29.0537059192309,-69.2,0.876534700393719));
#2935=CARTESIAN_POINT('Ctrl Pts',(28.4397899989733,-69.7,1.22237366437913));
#2936=CARTESIAN_POINT('Ctrl Pts',(28.4397899989733,-69.1,1.22237366437917));
#2937=CARTESIAN_POINT('Ctrl Pts',(28.5058016319543,-69.7,1.21947937919229));
#2938=CARTESIAN_POINT('Ctrl Pts',(28.5058016319543,-69.1,1.21947937919233));
#2939=CARTESIAN_POINT('Ctrl Pts',(28.6321639271541,-69.7,1.21393901452237));
#2940=CARTESIAN_POINT('Ctrl Pts',(28.6321639271541,-69.1,1.21393901452241));
#2941=CARTESIAN_POINT('Ctrl Pts',(28.7471045864969,-69.7,1.1614799949619));
#2942=CARTESIAN_POINT('Ctrl Pts',(28.7471045864969,-69.1,1.16147999496194));
#2943=CARTESIAN_POINT('Ctrl Pts',(28.802000272716,-69.7,1.13642555475236));
#2944=CARTESIAN_POINT('Ctrl Pts',(28.802000272716,-69.1,1.1364255547524));
#2945=CARTESIAN_POINT('',(28.4397899989733,-69.7,1.22237366437913));
#2946=CARTESIAN_POINT('Ctrl Pts',(28.4397899989733,-69.7,1.22237366437913));
#2947=CARTESIAN_POINT('Ctrl Pts',(28.5058016319543,-69.7,1.21947937919229));
#2948=CARTESIAN_POINT('Ctrl Pts',(28.6321639271541,-69.7,1.21393901452237));
#2949=CARTESIAN_POINT('Ctrl Pts',(28.7471045864969,-69.7,1.1614799949619));
#2950=CARTESIAN_POINT('Ctrl Pts',(28.802000272716,-69.7,1.13642555475236));
#2951=CARTESIAN_POINT('',(28.4397899989733,-69.2,1.22237366437916));
#2952=CARTESIAN_POINT('',(28.4397899989733,-69.7,1.22237366437913));
#2953=CARTESIAN_POINT('Ctrl Pts',(28.4397899989733,-69.2,1.22237366437916));
#2954=CARTESIAN_POINT('Ctrl Pts',(28.5058016319543,-69.2,1.21947937919233));
#2955=CARTESIAN_POINT('Ctrl Pts',(28.6321639271541,-69.2,1.2139390145224));
#2956=CARTESIAN_POINT('Ctrl Pts',(28.7471045864969,-69.2,1.16147999496194));
#2957=CARTESIAN_POINT('Ctrl Pts',(28.802000272716,-69.2,1.13642555475239));
#2958=CARTESIAN_POINT('Ctrl Pts',(27.7624368552813,-69.7,0.876534700393683));
#2959=CARTESIAN_POINT('Ctrl Pts',(27.7624368552813,-69.1,0.876534700393726));
#2960=CARTESIAN_POINT('Ctrl Pts',(27.8591156220702,-69.7,0.97736164957233));
#2961=CARTESIAN_POINT('Ctrl Pts',(27.8591156220702,-69.1,0.977361649572373));
#2962=CARTESIAN_POINT('Ctrl Pts',(28.0454312235752,-69.7,1.17167146865748));
#2963=CARTESIAN_POINT('Ctrl Pts',(28.0454312235752,-69.1,1.17167146865752));
#2964=CARTESIAN_POINT('Ctrl Pts',(28.3116915742837,-69.7,1.20590421623842));
#2965=CARTESIAN_POINT('Ctrl Pts',(28.3116915742837,-69.1,1.20590421623846));
#2966=CARTESIAN_POINT('Ctrl Pts',(28.4397899989733,-69.7,1.22237366437913));
#2967=CARTESIAN_POINT('Ctrl Pts',(28.4397899989733,-69.1,1.22237366437917));
#2968=CARTESIAN_POINT('',(27.7624368552813,-69.7,0.876534700393683));
#2969=CARTESIAN_POINT('Ctrl Pts',(27.7624368552813,-69.7,0.876534700393683));
#2970=CARTESIAN_POINT('Ctrl Pts',(27.8591156220702,-69.7,0.97736164957233));
#2971=CARTESIAN_POINT('Ctrl Pts',(28.0454312235752,-69.7,1.17167146865748));
#2972=CARTESIAN_POINT('Ctrl Pts',(28.3116915742837,-69.7,1.20590421623842));
#2973=CARTESIAN_POINT('Ctrl Pts',(28.4397899989733,-69.7,1.22237366437913));
#2974=CARTESIAN_POINT('',(27.7624368552813,-69.2,0.876534700393719));
#2975=CARTESIAN_POINT('',(27.7624368552813,-69.7,0.876534700393683));
#2976=CARTESIAN_POINT('Ctrl Pts',(27.7624368552813,-69.2,0.876534700393719));
#2977=CARTESIAN_POINT('Ctrl Pts',(27.8591156220702,-69.2,0.977361649572366));
#2978=CARTESIAN_POINT('Ctrl Pts',(28.0454312235752,-69.2,1.17167146865751));
#2979=CARTESIAN_POINT('Ctrl Pts',(28.3116915742837,-69.2,1.20590421623846));
#2980=CARTESIAN_POINT('Ctrl Pts',(28.4397899989733,-69.2,1.22237366437916));
#2981=CARTESIAN_POINT('Origin',(27.7624368552813,-69.7,1.17326048016549));
#2982=CARTESIAN_POINT('',(27.7624368552813,-69.7,1.17326048016549));
#2983=CARTESIAN_POINT('',(27.7624368552813,-69.7,-0.41336975991725));
#2984=CARTESIAN_POINT('',(27.7624368552813,-69.2,1.17326048016552));
#2985=CARTESIAN_POINT('',(27.7624368552813,-69.7,1.17326048016549));
#2986=CARTESIAN_POINT('',(27.7624368552813,-69.2,1.17326048016552));
#2987=CARTESIAN_POINT('Origin',(27.2324228171954,-69.7,1.17326048016549));
#2988=CARTESIAN_POINT('',(27.2324228171954,-69.7,1.17326048016549));
#2989=CARTESIAN_POINT('',(25.466211669368,-69.7,1.17326048016549));
#2990=CARTESIAN_POINT('',(27.2324228171954,-69.2,1.17326048016552));
#2991=CARTESIAN_POINT('',(27.2324228171954,-69.7,1.17326048016549));
#2992=CARTESIAN_POINT('',(27.2324228171954,-69.2,1.17326048016552));
#2993=CARTESIAN_POINT('Origin',(27.2324228171954,-69.7,-1.00000011920928));
#2994=CARTESIAN_POINT('',(27.2324228171954,-69.7,-1.50000005960464));
#2995=CARTESIAN_POINT('',(27.2324228171954,-69.2,-1.00000011920925));
#2996=CARTESIAN_POINT('Origin',(26.4128455404887,-69.2000000000002,0.0610503256321371));
#2997=CARTESIAN_POINT('Origin',(26.7658471946368,-69.7,-0.494543194770807));
#2998=CARTESIAN_POINT('',(26.7658471946368,-69.7,-0.494543194770807));
#2999=CARTESIAN_POINT('',(26.7658471946368,-69.7,-1.00000011920928));
#3000=CARTESIAN_POINT('',(26.7658471946368,-69.7,-1.2472715973854));
#3001=CARTESIAN_POINT('',(26.7658471946368,-69.2,-0.494543194770771));
#3002=CARTESIAN_POINT('',(26.7658471946368,-69.7,-0.494543194770807));
#3003=CARTESIAN_POINT('',(26.7658471946368,-69.2,-1.00000011920925));
#3004=CARTESIAN_POINT('',(26.7658471946368,-69.2,-0.494543194770771));
#3005=CARTESIAN_POINT('',(26.7658471946368,-69.7,-1.00000011920928));
#3006=CARTESIAN_POINT('Origin',(25.0898575667986,-69.7,-0.494543194770807));
#3007=CARTESIAN_POINT('',(25.0898575667986,-69.7,-0.494543194770807));
#3008=CARTESIAN_POINT('',(24.3949290441696,-69.7,-0.494543194770807));
#3009=CARTESIAN_POINT('',(25.0898575667986,-69.2,-0.494543194770771));
#3010=CARTESIAN_POINT('',(25.0898575667986,-69.7,-0.494543194770807));
#3011=CARTESIAN_POINT('',(25.0898575667986,-69.2,-0.494543194770771));
#3012=CARTESIAN_POINT('Origin',(25.0898575667986,-69.7,0.321964442729956));
#3013=CARTESIAN_POINT('',(25.0898575667986,-69.7,0.321964442729956));
#3014=CARTESIAN_POINT('',(25.0898575667986,-69.7,-0.839017778635016));
#3015=CARTESIAN_POINT('',(25.0898575667986,-69.2,0.321964442729992));
#3016=CARTESIAN_POINT('',(25.0898575667986,-69.7,0.321964442729956));
#3017=CARTESIAN_POINT('',(25.0898575667986,-69.2,0.321964442729992));
#3018=CARTESIAN_POINT('Origin',(26.5959966067919,-69.7,0.321964442729956));
#3019=CARTESIAN_POINT('',(26.5959966067919,-69.7,0.321964442729956));
#3020=CARTESIAN_POINT('',(25.1479985641663,-69.7,0.321964442729956));
#3021=CARTESIAN_POINT('',(26.5959966067919,-69.2,0.321964442729992));
#3022=CARTESIAN_POINT('',(26.5959966067919,-69.7,0.321964442729956));
#3023=CARTESIAN_POINT('',(26.5959966067919,-69.2,0.321964442729992));
#3024=CARTESIAN_POINT('Origin',(26.5959966067919,-69.7,0.827421516180045));
#3025=CARTESIAN_POINT('',(26.5959966067919,-69.7,0.827421516180045));
#3026=CARTESIAN_POINT('',(26.5959966067919,-69.7,-0.586289241909972));
#3027=CARTESIAN_POINT('',(26.5959966067919,-69.2,0.82742151618008));
#3028=CARTESIAN_POINT('',(26.5959966067919,-69.7,0.827421516180045));
#3029=CARTESIAN_POINT('',(26.5959966067919,-69.2,0.82742151618008));
#3030=CARTESIAN_POINT('Origin',(25.0898575667986,-69.7,0.827421516180045));
#3031=CARTESIAN_POINT('',(25.0898575667986,-69.7,0.827421516180045));
#3032=CARTESIAN_POINT('',(24.3949290441696,-69.7,0.827421516180045));
#3033=CARTESIAN_POINT('',(25.0898575667986,-69.2,0.82742151618008));
#3034=CARTESIAN_POINT('',(25.0898575667986,-69.7,0.827421516180045));
#3035=CARTESIAN_POINT('',(25.0898575667986,-69.2,0.82742151618008));
#3036=CARTESIAN_POINT('Origin',(25.0898575667986,-69.7,1.49249655008317));
#3037=CARTESIAN_POINT('',(25.0898575667986,-69.7,1.49249655008317));
#3038=CARTESIAN_POINT('',(25.0898575667986,-69.7,-0.253751724958411));
#3039=CARTESIAN_POINT('',(25.0898575667986,-69.2,1.4924965500832));
#3040=CARTESIAN_POINT('',(25.0898575667986,-69.7,1.49249655008317));
#3041=CARTESIAN_POINT('',(25.0898575667986,-69.2,1.4924965500832));
#3042=CARTESIAN_POINT('Origin',(26.7085480575213,-69.7,1.49249655008317));
#3043=CARTESIAN_POINT('',(26.7085480575213,-69.7,1.49249655008317));
#3044=CARTESIAN_POINT('',(25.204274289531,-69.7,1.49249655008317));
#3045=CARTESIAN_POINT('',(26.7085480575213,-69.2,1.4924965500832));
#3046=CARTESIAN_POINT('',(26.7085480575213,-69.7,1.49249655008317));
#3047=CARTESIAN_POINT('',(26.7085480575213,-69.2,1.4924965500832));
#3048=CARTESIAN_POINT('Origin',(26.7085480575213,-69.7,2.00000000000001));
#3049=CARTESIAN_POINT('',(26.7085480575213,-69.7,2.00000000000001));
#3050=CARTESIAN_POINT('',(26.7085480575213,-69.7,8.88178419700125E-15));
#3051=CARTESIAN_POINT('',(26.7085480575213,-69.2,2.00000000000004));
#3052=CARTESIAN_POINT('',(26.7085480575213,-69.7,2.00000000000001));
#3053=CARTESIAN_POINT('',(26.7085480575213,-69.2,2.00000000000004));
#3054=CARTESIAN_POINT('Origin',(24.4841277484545,-69.7,2.00000000000001));
#3055=CARTESIAN_POINT('',(24.4841277484545,-69.7,2.00000000000001));
#3056=CARTESIAN_POINT('',(24.0920641349976,-69.7,2.00000000000001));
#3057=CARTESIAN_POINT('',(24.4841277484545,-69.2,2.00000000000004));
#3058=CARTESIAN_POINT('',(24.4841277484545,-69.7,2.00000000000001));
#3059=CARTESIAN_POINT('',(24.4841277484545,-69.2,2.00000000000004));
#3060=CARTESIAN_POINT('Origin',(24.4841277484545,-69.7,-1.00000011920928));
#3061=CARTESIAN_POINT('',(24.4841277484545,-69.7,-1.00000011920928));
#3062=CARTESIAN_POINT('',(24.4841277484545,-69.7,-1.50000005960464));
#3063=CARTESIAN_POINT('',(24.4841277484545,-69.2,-1.00000011920925));
#3064=CARTESIAN_POINT('',(24.4841277484545,-69.7,-1.00000011920928));
#3065=CARTESIAN_POINT('',(24.4841277484545,-69.2,-1.00000011920925));
#3066=CARTESIAN_POINT('Origin',(26.7658471946368,-69.7,-1.00000011920928));
#3067=CARTESIAN_POINT('',(25.2329238580887,-69.7,-1.00000011920928));
#3068=CARTESIAN_POINT('',(26.7658471946368,-69.2,-1.00000011920925));
#3069=CARTESIAN_POINT('Origin',(26.4128455404887,-69.2000000000001,0.0610503256321371));
#3070=CARTESIAN_POINT('Ctrl Pts',(23.0782616023669,-69.7,-1.8778993487358));
#3071=CARTESIAN_POINT('Ctrl Pts',(23.0782616023669,-69.1,-1.87789934873576));
#3072=CARTESIAN_POINT('Ctrl Pts',(23.0481741581941,-69.7,-1.81631520537381));
#3073=CARTESIAN_POINT('Ctrl Pts',(23.0481741581941,-69.1,-1.81631520537377));
#3074=CARTESIAN_POINT('Ctrl Pts',(22.9835762992185,-69.7,-1.68409381145299));
#3075=CARTESIAN_POINT('Ctrl Pts',(22.9835762992185,-69.1,-1.68409381145295));
#3076=CARTESIAN_POINT('Ctrl Pts',(22.8952370307473,-69.7,-1.56632630121257));
#3077=CARTESIAN_POINT('Ctrl Pts',(22.8952370307473,-69.1,-1.56632630121253));
#3078=CARTESIAN_POINT('Ctrl Pts',(22.8480431322703,-69.7,-1.50341081619262));
#3079=CARTESIAN_POINT('Ctrl Pts',(22.8480431322703,-69.1,-1.50341081619258));
#3080=CARTESIAN_POINT('',(23.0782616023669,-69.7,-1.8778993487358));
#3081=CARTESIAN_POINT('',(22.8480431322703,-69.7,-1.50341081619262));
#3082=CARTESIAN_POINT('Ctrl Pts',(23.0782616023669,-69.7,-1.8778993487358));
#3083=CARTESIAN_POINT('Ctrl Pts',(23.0481741581941,-69.7,-1.81631520537381));
#3084=CARTESIAN_POINT('Ctrl Pts',(22.9835762992185,-69.7,-1.68409381145299));
#3085=CARTESIAN_POINT('Ctrl Pts',(22.8952370307473,-69.7,-1.56632630121257));
#3086=CARTESIAN_POINT('Ctrl Pts',(22.8480431322703,-69.7,-1.50341081619262));
#3087=CARTESIAN_POINT('',(23.0782616023669,-69.2,-1.87789934873577));
#3088=CARTESIAN_POINT('',(23.0782616023669,-69.7,-1.8778993487358));
#3089=CARTESIAN_POINT('',(22.8480431322703,-69.2,-1.50341081619259));
#3090=CARTESIAN_POINT('Ctrl Pts',(23.0782616023669,-69.2,-1.87789934873577));
#3091=CARTESIAN_POINT('Ctrl Pts',(23.0481741581942,-69.2,-1.81631520537377));
#3092=CARTESIAN_POINT('Ctrl Pts',(22.9835762992185,-69.2,-1.68409381145295));
#3093=CARTESIAN_POINT('Ctrl Pts',(22.8952370307473,-69.2,-1.56632630121253));
#3094=CARTESIAN_POINT('Ctrl Pts',(22.8480431322703,-69.2,-1.50341081619259));
#3095=CARTESIAN_POINT('',(22.8480431322703,-69.7,-1.50341081619262));
#3096=CARTESIAN_POINT('Origin',(23.1723952178606,-69.7,-1.8778993487358));
#3097=CARTESIAN_POINT('',(23.1723952178606,-69.7,-1.8778993487358));
#3098=CARTESIAN_POINT('',(23.4361978697006,-69.7,-1.8778993487358));
#3099=CARTESIAN_POINT('',(23.1723952178607,-69.2,-1.87789934873577));
#3100=CARTESIAN_POINT('',(23.1723952178606,-69.7,-1.8778993487358));
#3101=CARTESIAN_POINT('',(23.1723952178607,-69.2,-1.87789934873577));
#3102=CARTESIAN_POINT('Ctrl Pts',(23.4210309271464,-69.7,-1.48499327898025));
#3103=CARTESIAN_POINT('Ctrl Pts',(23.4210309271464,-69.1,-1.4849932789802));
#3104=CARTESIAN_POINT('Ctrl Pts',(23.3729126720573,-69.7,-1.54819896603389));
#3105=CARTESIAN_POINT('Ctrl Pts',(23.3729126720573,-69.1,-1.54819896603384));
#3106=CARTESIAN_POINT('Ctrl Pts',(23.2786676633617,-69.7,-1.67199440531069));
#3107=CARTESIAN_POINT('Ctrl Pts',(23.2786676633617,-69.1,-1.67199440531064));
#3108=CARTESIAN_POINT('Ctrl Pts',(23.207316792032,-69.7,-1.81023811519442));
#3109=CARTESIAN_POINT('Ctrl Pts',(23.207316792032,-69.1,-1.81023811519437));
#3110=CARTESIAN_POINT('Ctrl Pts',(23.1723952178606,-69.7,-1.8778993487358));
#3111=CARTESIAN_POINT('Ctrl Pts',(23.1723952178606,-69.1,-1.87789934873575));
#3112=CARTESIAN_POINT('',(23.4210309271464,-69.7,-1.48499327898025));
#3113=CARTESIAN_POINT('Ctrl Pts',(23.4210309271464,-69.7,-1.48499327898025));
#3114=CARTESIAN_POINT('Ctrl Pts',(23.3729126720573,-69.7,-1.54819896603389));
#3115=CARTESIAN_POINT('Ctrl Pts',(23.2786676633617,-69.7,-1.67199440531069));
#3116=CARTESIAN_POINT('Ctrl Pts',(23.207316792032,-69.7,-1.81023811519442));
#3117=CARTESIAN_POINT('Ctrl Pts',(23.1723952178606,-69.7,-1.8778993487358));
#3118=CARTESIAN_POINT('',(23.4210309271464,-69.2,-1.48499327898021));
#3119=CARTESIAN_POINT('',(23.4210309271464,-69.7,-1.48499327898025));
#3120=CARTESIAN_POINT('Ctrl Pts',(23.4210309271464,-69.2,-1.48499327898021));
#3121=CARTESIAN_POINT('Ctrl Pts',(23.3729126720574,-69.2,-1.54819896603386));
#3122=CARTESIAN_POINT('Ctrl Pts',(23.2786676633618,-69.2,-1.67199440531066));
#3123=CARTESIAN_POINT('Ctrl Pts',(23.207316792032,-69.2,-1.81023811519438));
#3124=CARTESIAN_POINT('Ctrl Pts',(23.1723952178607,-69.2,-1.87789934873577));
#3125=CARTESIAN_POINT('Ctrl Pts',(23.8681661967883,-69.7,-1.03069591522216));
#3126=CARTESIAN_POINT('Ctrl Pts',(23.8681661967883,-69.1,-1.03069591522212));
#3127=CARTESIAN_POINT('Ctrl Pts',(23.7799079666328,-69.7,-1.11071462625886));
#3128=CARTESIAN_POINT('Ctrl Pts',(23.7799079666328,-69.1,-1.11071462625882));
#3129=CARTESIAN_POINT('Ctrl Pts',(23.6221992770297,-69.7,-1.25370011372113));
#3130=CARTESIAN_POINT('Ctrl Pts',(23.6221992770297,-69.1,-1.25370011372109));
#3131=CARTESIAN_POINT('Ctrl Pts',(23.4825350945291,-69.7,-1.41427890686941));
#3132=CARTESIAN_POINT('Ctrl Pts',(23.4825350945291,-69.1,-1.41427890686937));
#3133=CARTESIAN_POINT('Ctrl Pts',(23.4210309271464,-69.7,-1.48499327898025));
#3134=CARTESIAN_POINT('Ctrl Pts',(23.4210309271464,-69.1,-1.48499327898021));
#3135=CARTESIAN_POINT('',(23.8681661967883,-69.7,-1.03069591522216));
#3136=CARTESIAN_POINT('Ctrl Pts',(23.8681661967883,-69.7,-1.03069591522216));
#3137=CARTESIAN_POINT('Ctrl Pts',(23.7799079666328,-69.7,-1.11071462625886));
#3138=CARTESIAN_POINT('Ctrl Pts',(23.6221992770297,-69.7,-1.25370011372113));
#3139=CARTESIAN_POINT('Ctrl Pts',(23.4825350945291,-69.7,-1.41427890686941));
#3140=CARTESIAN_POINT('Ctrl Pts',(23.4210309271464,-69.7,-1.48499327898025));
#3141=CARTESIAN_POINT('',(23.8681661967883,-69.2,-1.03069591522213));
#3142=CARTESIAN_POINT('',(23.8681661967883,-69.7,-1.03069591522216));
#3143=CARTESIAN_POINT('Ctrl Pts',(23.8681661967883,-69.2,-1.03069591522213));
#3144=CARTESIAN_POINT('Ctrl Pts',(23.7799079666329,-69.2,-1.11071462625882));
#3145=CARTESIAN_POINT('Ctrl Pts',(23.6221992770298,-69.2,-1.2537001137211));
#3146=CARTESIAN_POINT('Ctrl Pts',(23.4825350945291,-69.2,-1.41427890686938));
#3147=CARTESIAN_POINT('Ctrl Pts',(23.4210309271464,-69.2,-1.48499327898021));
#3148=CARTESIAN_POINT('Origin',(23.8681661967883,-69.7,-0.873124182224267));
#3149=CARTESIAN_POINT('',(23.8681661967883,-69.7,-0.873124182224267));
#3150=CARTESIAN_POINT('',(23.8681661967883,-69.7,-1.43656209111213));
#3151=CARTESIAN_POINT('',(23.8681661967883,-69.2,-0.873124182224232));
#3152=CARTESIAN_POINT('',(23.8681661967883,-69.7,-0.873124182224267));
#3153=CARTESIAN_POINT('',(23.8681661967883,-69.2,-0.873124182224232));
#3154=CARTESIAN_POINT('Ctrl Pts',(23.2358330373415,-69.7,-1.27626198530197));
#3155=CARTESIAN_POINT('Ctrl Pts',(23.2358330373416,-69.0999999999998,-1.27626198530192));
#3156=CARTESIAN_POINT('Ctrl Pts',(23.3231749849405,-69.7,-1.20416581846955));
#3157=CARTESIAN_POINT('Ctrl Pts',(23.3231749849406,-69.0999999999998,-1.2041658184695));
#3158=CARTESIAN_POINT('Ctrl Pts',(23.5172192530437,-69.7,-1.04399251903409));
#3159=CARTESIAN_POINT('Ctrl Pts',(23.5172192530438,-69.0999999999998,-1.04399251903404));
#3160=CARTESIAN_POINT('Ctrl Pts',(23.7436532191189,-69.7,-0.933746808478251));
#3161=CARTESIAN_POINT('Ctrl Pts',(23.743653219119,-69.0999999999998,-0.933746808478203));
#3162=CARTESIAN_POINT('Ctrl Pts',(23.8681661967883,-69.7,-0.873124182224267));
#3163=CARTESIAN_POINT('Ctrl Pts',(23.8681661967884,-69.0999999999998,-0.873124182224219));
#3164=CARTESIAN_POINT('',(23.2358330373415,-69.7,-1.27626198530197));
#3165=CARTESIAN_POINT('Ctrl Pts',(23.2358330373415,-69.7,-1.27626198530197));
#3166=CARTESIAN_POINT('Ctrl Pts',(23.3231749849405,-69.7,-1.20416581846955));
#3167=CARTESIAN_POINT('Ctrl Pts',(23.5172192530437,-69.7,-1.04399251903409));
#3168=CARTESIAN_POINT('Ctrl Pts',(23.7436532191189,-69.7,-0.933746808478251));
#3169=CARTESIAN_POINT('Ctrl Pts',(23.8681661967883,-69.7,-0.873124182224267));
#3170=CARTESIAN_POINT('',(23.2358330373416,-69.2,-1.27626198530193));
#3171=CARTESIAN_POINT('',(23.2358330373415,-69.7,-1.27626198530197));
#3172=CARTESIAN_POINT('Ctrl Pts',(23.2358330373416,-69.2,-1.27626198530193));
#3173=CARTESIAN_POINT('Ctrl Pts',(23.3231749849405,-69.2,-1.20416581846951));
#3174=CARTESIAN_POINT('Ctrl Pts',(23.5172192530437,-69.2,-1.04399251903405));
#3175=CARTESIAN_POINT('Ctrl Pts',(23.7436532191189,-69.2,-0.933746808478215));
#3176=CARTESIAN_POINT('Ctrl Pts',(23.8681661967883,-69.2,-0.873124182224232));
#3177=CARTESIAN_POINT('Origin',(23.2358330373415,-69.7,1.74010884761811));
#3178=CARTESIAN_POINT('',(23.2358330373415,-69.7,1.74010884761811));
#3179=CARTESIAN_POINT('',(23.2358330373415,-69.7,-0.12994557619094));
#3180=CARTESIAN_POINT('',(23.2358330373416,-69.2,1.74010884761814));
#3181=CARTESIAN_POINT('',(23.2358330373415,-69.7,1.74010884761811));
#3182=CARTESIAN_POINT('',(23.2358330373416,-69.2,1.74010884761814));
#3183=CARTESIAN_POINT('Origin',(23.0291482691416,-69.7,1.74010884761811));
#3184=CARTESIAN_POINT('',(23.0291482691416,-69.7,1.74010884761811));
#3185=CARTESIAN_POINT('',(23.3645743953411,-69.7,1.74010884761811));
#3186=CARTESIAN_POINT('',(23.0291482691416,-69.2,1.74010884761814));
#3187=CARTESIAN_POINT('',(23.0291482691416,-69.7,1.74010884761811));
#3188=CARTESIAN_POINT('',(23.0291482691416,-69.2,1.74010884761814));
#3189=CARTESIAN_POINT('Origin',(23.0291482691416,-69.7,-1.27626198530197));
#3190=CARTESIAN_POINT('',(23.0291482691416,-69.7,-1.27626198530197));
#3191=CARTESIAN_POINT('',(23.0291482691416,-69.7,-1.63813099265098));
#3192=CARTESIAN_POINT('',(23.0291482691416,-69.2,-1.27626198530193));
#3193=CARTESIAN_POINT('',(23.0291482691416,-69.7,-1.27626198530197));
#3194=CARTESIAN_POINT('',(23.0291482691416,-69.2,-1.27626198530193));
#3195=CARTESIAN_POINT('Ctrl Pts',(22.7375385050425,-69.7,-1.05934518575668));
#3196=CARTESIAN_POINT('Ctrl Pts',(22.7375385050425,-69.1,-1.05934518575663));
#3197=CARTESIAN_POINT('Ctrl Pts',(22.7783378802936,-69.7,-1.08724900516474));
#3198=CARTESIAN_POINT('Ctrl Pts',(22.7783378802936,-69.1,-1.08724900516469));
#3199=CARTESIAN_POINT('Ctrl Pts',(22.878395056042,-69.7,-1.15568087073568));
#3200=CARTESIAN_POINT('Ctrl Pts',(22.878395056042,-69.1,-1.15568087073563));
#3201=CARTESIAN_POINT('Ctrl Pts',(22.9730750484269,-69.7,-1.23141138933735));
#3202=CARTESIAN_POINT('Ctrl Pts',(22.9730750484269,-69.1,-1.2314113893373));
#3203=CARTESIAN_POINT('Ctrl Pts',(23.0291482691416,-69.7,-1.27626198530197));
#3204=CARTESIAN_POINT('Ctrl Pts',(23.0291482691416,-69.1,-1.27626198530192));
#3205=CARTESIAN_POINT('',(22.7375385050425,-69.7,-1.05934518575668));
#3206=CARTESIAN_POINT('Ctrl Pts',(22.7375385050425,-69.7,-1.05934518575668));
#3207=CARTESIAN_POINT('Ctrl Pts',(22.7783378802936,-69.7,-1.08724900516474));
#3208=CARTESIAN_POINT('Ctrl Pts',(22.878395056042,-69.7,-1.15568087073568));
#3209=CARTESIAN_POINT('Ctrl Pts',(22.9730750484269,-69.7,-1.23141138933735));
#3210=CARTESIAN_POINT('Ctrl Pts',(23.0291482691416,-69.7,-1.27626198530197));
#3211=CARTESIAN_POINT('',(22.7375385050425,-69.2,-1.05934518575664));
#3212=CARTESIAN_POINT('',(22.7375385050425,-69.7,-1.05934518575668));
#3213=CARTESIAN_POINT('Ctrl Pts',(22.7375385050425,-69.2,-1.05934518575664));
#3214=CARTESIAN_POINT('Ctrl Pts',(22.7783378802936,-69.2,-1.0872490051647));
#3215=CARTESIAN_POINT('Ctrl Pts',(22.878395056042,-69.2,-1.15568087073565));
#3216=CARTESIAN_POINT('Ctrl Pts',(22.9730750484269,-69.2,-1.23141138933732));
#3217=CARTESIAN_POINT('Ctrl Pts',(23.0291482691416,-69.2,-1.27626198530193));
#3218=CARTESIAN_POINT('Ctrl Pts',(22.3968154077181,-69.7,-0.877217233180994));
#3219=CARTESIAN_POINT('Ctrl Pts',(22.3968154077181,-69.1,-0.877217233180951));
#3220=CARTESIAN_POINT('Ctrl Pts',(22.4662932890871,-69.7,-0.911596466873368));
#3221=CARTESIAN_POINT('Ctrl Pts',(22.4662932890871,-69.1,-0.911596466873325));
#3222=CARTESIAN_POINT('Ctrl Pts',(22.5817907443194,-69.7,-0.968747230916032));
#3223=CARTESIAN_POINT('Ctrl Pts',(22.5817907443194,-69.1,-0.968747230915989));
#3224=CARTESIAN_POINT('Ctrl Pts',(22.6931627161937,-69.7,-1.03353193685038));
#3225=CARTESIAN_POINT('Ctrl Pts',(22.6931627161937,-69.1,-1.03353193685034));
#3226=CARTESIAN_POINT('Ctrl Pts',(22.7375385050425,-69.7,-1.05934518575668));
#3227=CARTESIAN_POINT('Ctrl Pts',(22.7375385050425,-69.1,-1.05934518575664));
#3228=CARTESIAN_POINT('',(22.3968154077181,-69.7,-0.877217233180994));
#3229=CARTESIAN_POINT('Ctrl Pts',(22.3968154077181,-69.7,-0.877217233180994));
#3230=CARTESIAN_POINT('Ctrl Pts',(22.4662932890871,-69.7,-0.911596466873368));
#3231=CARTESIAN_POINT('Ctrl Pts',(22.5817907443194,-69.7,-0.968747230916032));
#3232=CARTESIAN_POINT('Ctrl Pts',(22.6931627161937,-69.7,-1.03353193685038));
#3233=CARTESIAN_POINT('Ctrl Pts',(22.7375385050425,-69.7,-1.05934518575668));
#3234=CARTESIAN_POINT('',(22.3968154077181,-69.2,-0.877217233180958));
#3235=CARTESIAN_POINT('',(22.3968154077181,-69.7,-0.877217233180994));
#3236=CARTESIAN_POINT('Ctrl Pts',(22.3968154077181,-69.2,-0.877217233180958));
#3237=CARTESIAN_POINT('Ctrl Pts',(22.4662932890871,-69.2,-0.911596466873332));
#3238=CARTESIAN_POINT('Ctrl Pts',(22.5817907443194,-69.2,-0.968747230915996));
#3239=CARTESIAN_POINT('Ctrl Pts',(22.6931627161937,-69.2,-1.03353193685034));
#3240=CARTESIAN_POINT('Ctrl Pts',(22.7375385050425,-69.2,-1.05934518575664));
#3241=CARTESIAN_POINT('Origin',(22.3968154077181,-69.7,-1.03274244070052));
#3242=CARTESIAN_POINT('',(22.3968154077181,-69.7,-1.03274244070052));
#3243=CARTESIAN_POINT('',(22.3968154077181,-69.7,-1.51637122035026));
#3244=CARTESIAN_POINT('',(22.3968154077181,-69.2,-1.03274244070049));
#3245=CARTESIAN_POINT('',(22.3968154077181,-69.7,-1.03274244070052));
#3246=CARTESIAN_POINT('',(22.3968154077181,-69.2,-1.03274244070049));
#3247=CARTESIAN_POINT('Ctrl Pts',(22.8480431322703,-69.7,-1.50341081619262));
#3248=CARTESIAN_POINT('Ctrl Pts',(22.8480431322703,-69.1,-1.50341081619258));
#3249=CARTESIAN_POINT('Ctrl Pts',(22.7859270972672,-69.7,-1.42993066360474));
#3250=CARTESIAN_POINT('Ctrl Pts',(22.7859270972672,-69.1,-1.4299306636047));
#3251=CARTESIAN_POINT('Ctrl Pts',(22.6453817692978,-69.7,-1.26367259281524));
#3252=CARTESIAN_POINT('Ctrl Pts',(22.6453817692978,-69.1,-1.2636725928152));
#3253=CARTESIAN_POINT('Ctrl Pts',(22.4858434599673,-69.7,-1.11545380002412));
#3254=CARTESIAN_POINT('Ctrl Pts',(22.4858434599673,-69.1,-1.11545380002408));
#3255=CARTESIAN_POINT('Ctrl Pts',(22.3968154077181,-69.7,-1.03274244070052));
#3256=CARTESIAN_POINT('Ctrl Pts',(22.3968154077181,-69.1,-1.03274244070048));
#3257=CARTESIAN_POINT('Ctrl Pts',(22.8480431322703,-69.7,-1.50341081619262));
#3258=CARTESIAN_POINT('Ctrl Pts',(22.7859270972672,-69.7,-1.42993066360474));
#3259=CARTESIAN_POINT('Ctrl Pts',(22.6453817692978,-69.7,-1.26367259281524));
#3260=CARTESIAN_POINT('Ctrl Pts',(22.4858434599673,-69.7,-1.11545380002412));
#3261=CARTESIAN_POINT('Ctrl Pts',(22.3968154077181,-69.7,-1.03274244070052));
#3262=CARTESIAN_POINT('Ctrl Pts',(22.8480431322703,-69.2,-1.50341081619259));
#3263=CARTESIAN_POINT('Ctrl Pts',(22.7859270972672,-69.2,-1.42993066360471));
#3264=CARTESIAN_POINT('Ctrl Pts',(22.6453817692978,-69.2,-1.26367259281521));
#3265=CARTESIAN_POINT('Ctrl Pts',(22.4858434599673,-69.2,-1.11545380002409));
#3266=CARTESIAN_POINT('Ctrl Pts',(22.3968154077181,-69.2,-1.03274244070049));
#3267=CARTESIAN_POINT('Origin',(26.4128455404887,-69.2000000000002,0.0610503256321371));
#3268=CARTESIAN_POINT('Ctrl Pts',(11.9680768743157,-69.7,-2.22237396240233));
#3269=CARTESIAN_POINT('Ctrl Pts',(11.9680768743157,-69.1,-2.22237396240233));
#3270=CARTESIAN_POINT('Ctrl Pts',(12.096991165482,-69.7,-2.21219575602063));
#3271=CARTESIAN_POINT('Ctrl Pts',(12.096991165482,-69.1,-2.21219575602063));
#3272=CARTESIAN_POINT('Ctrl Pts',(12.3519966873384,-69.7,-2.19206223314703));
#3273=CARTESIAN_POINT('Ctrl Pts',(12.3519966873384,-69.1,-2.19206223314703));
#3274=CARTESIAN_POINT('Ctrl Pts',(12.5583853605885,-69.7,-2.04118120458288));
#3275=CARTESIAN_POINT('Ctrl Pts',(12.5583853605885,-69.1,-2.04118120458288));
#3276=CARTESIAN_POINT('Ctrl Pts',(12.6604372754693,-69.7,-1.96657586097716));
#3277=CARTESIAN_POINT('Ctrl Pts',(12.6604372754693,-69.1,-1.96657586097716));
#3278=CARTESIAN_POINT('',(11.9680768743157,-69.7,-2.22237396240233));
#3279=CARTESIAN_POINT('',(12.6604372754693,-69.7,-1.96657586097716));
#3280=CARTESIAN_POINT('Ctrl Pts',(11.9680768743157,-69.7,-2.22237396240233));
#3281=CARTESIAN_POINT('Ctrl Pts',(12.096991165482,-69.7,-2.21219575602063));
#3282=CARTESIAN_POINT('Ctrl Pts',(12.3519966873384,-69.7,-2.19206223314703));
#3283=CARTESIAN_POINT('Ctrl Pts',(12.5583853605885,-69.7,-2.04118120458288));
#3284=CARTESIAN_POINT('Ctrl Pts',(12.6604372754693,-69.7,-1.96657586097716));
#3285=CARTESIAN_POINT('',(11.9680768743157,-69.2,-2.22237396240233));
#3286=CARTESIAN_POINT('',(11.9680768743157,-69.7,-2.22237396240233));
#3287=CARTESIAN_POINT('',(12.6604372754693,-69.2,-1.96657586097716));
#3288=CARTESIAN_POINT('Ctrl Pts',(11.9680768743157,-69.2,-2.22237396240233));
#3289=CARTESIAN_POINT('Ctrl Pts',(12.096991165482,-69.2,-2.21219575602063));
#3290=CARTESIAN_POINT('Ctrl Pts',(12.3519966873384,-69.2,-2.19206223314703));
#3291=CARTESIAN_POINT('Ctrl Pts',(12.5583853605885,-69.2,-2.04118120458288));
#3292=CARTESIAN_POINT('Ctrl Pts',(12.6604372754693,-69.2,-1.96657586097716));
#3293=CARTESIAN_POINT('',(12.6604372754693,-69.7,-1.96657586097716));
#3294=CARTESIAN_POINT('Ctrl Pts',(11.0813101127744,-69.7,-1.81991803646087));
#3295=CARTESIAN_POINT('Ctrl Pts',(11.0813101127744,-69.1,-1.81991803646087));
#3296=CARTESIAN_POINT('Ctrl Pts',(11.2043965026155,-69.7,-1.93729792779414));
#3297=CARTESIAN_POINT('Ctrl Pts',(11.2043965026155,-69.1,-1.93729792779414));
#3298=CARTESIAN_POINT('Ctrl Pts',(11.452994528735,-69.7,-2.17437051826689));
#3299=CARTESIAN_POINT('Ctrl Pts',(11.452994528735,-69.1,-2.17437051826689));
#3300=CARTESIAN_POINT('Ctrl Pts',(11.7952697150524,-69.7,-2.20626908346972));
#3301=CARTESIAN_POINT('Ctrl Pts',(11.7952697150524,-69.1,-2.20626908346972));
#3302=CARTESIAN_POINT('Ctrl Pts',(11.9680768743157,-69.7,-2.22237396240233));
#3303=CARTESIAN_POINT('Ctrl Pts',(11.9680768743157,-69.1,-2.22237396240233));
#3304=CARTESIAN_POINT('',(11.0813101127744,-69.7,-1.81991803646087));
#3305=CARTESIAN_POINT('Ctrl Pts',(11.0813101127744,-69.7,-1.81991803646087));
#3306=CARTESIAN_POINT('Ctrl Pts',(11.2043965026155,-69.7,-1.93729792779414));
#3307=CARTESIAN_POINT('Ctrl Pts',(11.452994528735,-69.7,-2.17437051826689));
#3308=CARTESIAN_POINT('Ctrl Pts',(11.7952697150524,-69.7,-2.20626908346972));
#3309=CARTESIAN_POINT('Ctrl Pts',(11.9680768743157,-69.7,-2.22237396240233));
#3310=CARTESIAN_POINT('',(11.0813101127744,-69.2,-1.81991803646087));
#3311=CARTESIAN_POINT('',(11.0813101127744,-69.7,-1.81991803646087));
#3312=CARTESIAN_POINT('Ctrl Pts',(11.0813101127744,-69.2,-1.81991803646087));
#3313=CARTESIAN_POINT('Ctrl Pts',(11.2043965026155,-69.2,-1.93729792779414));
#3314=CARTESIAN_POINT('Ctrl Pts',(11.452994528735,-69.2,-2.17437051826689));
#3315=CARTESIAN_POINT('Ctrl Pts',(11.7952697150524,-69.2,-2.20626908346972));
#3316=CARTESIAN_POINT('Ctrl Pts',(11.9680768743157,-69.2,-2.22237396240233));
#3317=CARTESIAN_POINT('Ctrl Pts',(10.7402460768819,-69.7,-0.469304203987111));
#3318=CARTESIAN_POINT('Ctrl Pts',(10.7402460768819,-69.1,-0.469304203987111));
#3319=CARTESIAN_POINT('Ctrl Pts',(10.7431756840542,-69.7,-0.747044811243431));
#3320=CARTESIAN_POINT('Ctrl Pts',(10.7431756840542,-69.1,-0.747044811243431));
#3321=CARTESIAN_POINT('Ctrl Pts',(10.7482463671179,-69.7,-1.2277695331845));
#3322=CARTESIAN_POINT('Ctrl Pts',(10.7482463671179,-69.1,-1.2277695331845));
#3323=CARTESIAN_POINT('Ctrl Pts',(10.9824278899274,-69.7,-1.64411697428265));
#3324=CARTESIAN_POINT('Ctrl Pts',(10.9824278899274,-69.1,-1.64411697428265));
#3325=CARTESIAN_POINT('Ctrl Pts',(11.0813101127744,-69.7,-1.81991803646087));
#3326=CARTESIAN_POINT('Ctrl Pts',(11.0813101127744,-69.1,-1.81991803646087));
#3327=CARTESIAN_POINT('',(10.7402460768819,-69.7,-0.469304203987111));
#3328=CARTESIAN_POINT('Ctrl Pts',(10.7402460768819,-69.7,-0.469304203987111));
#3329=CARTESIAN_POINT('Ctrl Pts',(10.7431756840542,-69.7,-0.747044811243431));
#3330=CARTESIAN_POINT('Ctrl Pts',(10.7482463671179,-69.7,-1.2277695331845));
#3331=CARTESIAN_POINT('Ctrl Pts',(10.9824278899274,-69.7,-1.64411697428265));
#3332=CARTESIAN_POINT('Ctrl Pts',(11.0813101127744,-69.7,-1.81991803646087));
#3333=CARTESIAN_POINT('',(10.7402460768819,-69.2,-0.469304203987111));
#3334=CARTESIAN_POINT('',(10.7402460768819,-69.7,-0.469304203987111));
#3335=CARTESIAN_POINT('Ctrl Pts',(10.7402460768819,-69.2,-0.469304203987111));
#3336=CARTESIAN_POINT('Ctrl Pts',(10.7431756840542,-69.2,-0.747044811243431));
#3337=CARTESIAN_POINT('Ctrl Pts',(10.7482463671179,-69.2,-1.2277695331845));
#3338=CARTESIAN_POINT('Ctrl Pts',(10.9824278899274,-69.2,-1.64411697428265));
#3339=CARTESIAN_POINT('Ctrl Pts',(11.0813101127744,-69.2,-1.81991803646087));
#3340=CARTESIAN_POINT('Ctrl Pts',(11.0864261284471,-69.7,0.823328614234935));
#3341=CARTESIAN_POINT('Ctrl Pts',(11.0864261284471,-69.1,0.823328614234935));
#3342=CARTESIAN_POINT('Ctrl Pts',(10.9859578997508,-69.7,0.653203260692559));
#3343=CARTESIAN_POINT('Ctrl Pts',(10.9859578997508,-69.1,0.653203260692559));
#3344=CARTESIAN_POINT('Ctrl Pts',(10.7521090291371,-69.7,0.257221144705402));
#3345=CARTESIAN_POINT('Ctrl Pts',(10.7521090291371,-69.1,0.257221144705402));
#3346=CARTESIAN_POINT('Ctrl Pts',(10.7445547942721,-69.7,-0.205424493693771));
#3347=CARTESIAN_POINT('Ctrl Pts',(10.7445547942721,-69.1,-0.205424493693771));
#3348=CARTESIAN_POINT('Ctrl Pts',(10.7402460768819,-69.7,-0.469304203987111));
#3349=CARTESIAN_POINT('Ctrl Pts',(10.7402460768819,-69.1,-0.469304203987111));
#3350=CARTESIAN_POINT('',(11.0864261284471,-69.7,0.823328614234935));
#3351=CARTESIAN_POINT('Ctrl Pts',(11.0864261284471,-69.7,0.823328614234935));
#3352=CARTESIAN_POINT('Ctrl Pts',(10.9859578997508,-69.7,0.653203260692559));
#3353=CARTESIAN_POINT('Ctrl Pts',(10.7521090291371,-69.7,0.257221144705402));
#3354=CARTESIAN_POINT('Ctrl Pts',(10.7445547942721,-69.7,-0.205424493693771));
#3355=CARTESIAN_POINT('Ctrl Pts',(10.7402460768819,-69.7,-0.469304203987111));
#3356=CARTESIAN_POINT('',(11.0864261284471,-69.2,0.823328614234935));
#3357=CARTESIAN_POINT('',(11.0864261284471,-69.7,0.823328614234935));
#3358=CARTESIAN_POINT('Ctrl Pts',(11.0864261284471,-69.2,0.823328614234935));
#3359=CARTESIAN_POINT('Ctrl Pts',(10.9859578997508,-69.2,0.653203260692559));
#3360=CARTESIAN_POINT('Ctrl Pts',(10.7521090291371,-69.2,0.257221144705402));
#3361=CARTESIAN_POINT('Ctrl Pts',(10.7445547942721,-69.2,-0.205424493693771));
#3362=CARTESIAN_POINT('Ctrl Pts',(10.7402460768819,-69.2,-0.469304203987111));
#3363=CARTESIAN_POINT('Ctrl Pts',(11.9885409370065,-69.7,1.22237366437913));
#3364=CARTESIAN_POINT('Ctrl Pts',(11.9885409370065,-69.1,1.22237366437913));
#3365=CARTESIAN_POINT('Ctrl Pts',(11.8128430642732,-69.7,1.20674267627413));
#3366=CARTESIAN_POINT('Ctrl Pts',(11.8128430642732,-69.1,1.20674267627413));
#3367=CARTESIAN_POINT('Ctrl Pts',(11.4665198919143,-69.7,1.17593198230606));
#3368=CARTESIAN_POINT('Ctrl Pts',(11.4665198919143,-69.1,1.17593198230606));
#3369=CARTESIAN_POINT('Ctrl Pts',(11.2118808222746,-69.7,0.939709759719682));
#3370=CARTESIAN_POINT('Ctrl Pts',(11.2118808222746,-69.1,0.939709759719682));
#3371=CARTESIAN_POINT('Ctrl Pts',(11.0864261284471,-69.7,0.823328614234935));
#3372=CARTESIAN_POINT('Ctrl Pts',(11.0864261284471,-69.1,0.823328614234935));
#3373=CARTESIAN_POINT('',(11.9885409370065,-69.7,1.22237366437913));
#3374=CARTESIAN_POINT('Ctrl Pts',(11.9885409370065,-69.7,1.22237366437913));
#3375=CARTESIAN_POINT('Ctrl Pts',(11.8128430642732,-69.7,1.20674267627413));
#3376=CARTESIAN_POINT('Ctrl Pts',(11.4665198919143,-69.7,1.17593198230606));
#3377=CARTESIAN_POINT('Ctrl Pts',(11.2118808222746,-69.7,0.939709759719682));
#3378=CARTESIAN_POINT('Ctrl Pts',(11.0864261284471,-69.7,0.823328614234935));
#3379=CARTESIAN_POINT('',(11.9885409370065,-69.2,1.22237366437913));
#3380=CARTESIAN_POINT('',(11.9885409370065,-69.7,1.22237366437913));
#3381=CARTESIAN_POINT('Ctrl Pts',(11.9885409370065,-69.2,1.22237366437913));
#3382=CARTESIAN_POINT('Ctrl Pts',(11.8128430642732,-69.2,1.20674267627413));
#3383=CARTESIAN_POINT('Ctrl Pts',(11.4665198919143,-69.2,1.17593198230606));
#3384=CARTESIAN_POINT('Ctrl Pts',(11.2118808222746,-69.2,0.939709759719682));
#3385=CARTESIAN_POINT('Ctrl Pts',(11.0864261284471,-69.2,0.823328614234935));
#3386=CARTESIAN_POINT('Ctrl Pts',(12.6723745957017,-69.7,0.997271358966838));
#3387=CARTESIAN_POINT('Ctrl Pts',(12.6723745957017,-69.1,0.997271358966838));
#3388=CARTESIAN_POINT('Ctrl Pts',(12.5716288446455,-69.7,1.06290965606031));
#3389=CARTESIAN_POINT('Ctrl Pts',(12.5716288446455,-69.1,1.06290965606031));
#3390=CARTESIAN_POINT('Ctrl Pts',(12.3638901543677,-69.7,1.1982564446575));
#3391=CARTESIAN_POINT('Ctrl Pts',(12.3638901543677,-69.1,1.1982564446575));
#3392=CARTESIAN_POINT('Ctrl Pts',(12.1161408101552,-69.7,1.21417502152911));
#3393=CARTESIAN_POINT('Ctrl Pts',(12.1161408101552,-69.1,1.21417502152911));
#3394=CARTESIAN_POINT('Ctrl Pts',(11.9885409370065,-69.7,1.22237366437913));
#3395=CARTESIAN_POINT('Ctrl Pts',(11.9885409370065,-69.1,1.22237366437913));
#3396=CARTESIAN_POINT('',(12.6723745957017,-69.7,0.997271358966838));
#3397=CARTESIAN_POINT('Ctrl Pts',(12.6723745957017,-69.7,0.997271358966838));
#3398=CARTESIAN_POINT('Ctrl Pts',(12.5716288446455,-69.7,1.06290965606031));
#3399=CARTESIAN_POINT('Ctrl Pts',(12.3638901543677,-69.7,1.1982564446575));
#3400=CARTESIAN_POINT('Ctrl Pts',(12.1161408101552,-69.7,1.21417502152911));
#3401=CARTESIAN_POINT('Ctrl Pts',(11.9885409370065,-69.7,1.22237366437913));
#3402=CARTESIAN_POINT('',(12.6723745957017,-69.2,0.997271358966838));
#3403=CARTESIAN_POINT('',(12.6723745957017,-69.7,0.997271358966838));
#3404=CARTESIAN_POINT('Ctrl Pts',(12.6723745957017,-69.2,0.997271358966838));
#3405=CARTESIAN_POINT('Ctrl Pts',(12.5716288446455,-69.2,1.06290965606031));
#3406=CARTESIAN_POINT('Ctrl Pts',(12.3638901543677,-69.2,1.1982564446575));
#3407=CARTESIAN_POINT('Ctrl Pts',(12.1161408101552,-69.2,1.21417502152911));
#3408=CARTESIAN_POINT('Ctrl Pts',(11.9885409370065,-69.2,1.22237366437913));
#3409=CARTESIAN_POINT('Ctrl Pts',(13.04242913872,-69.7,0.383356034755717));
#3410=CARTESIAN_POINT('Ctrl Pts',(13.04242913872,-69.1,0.383356034755718));
#3411=CARTESIAN_POINT('Ctrl Pts',(13.0061947446378,-69.7,0.505035370128946));
#3412=CARTESIAN_POINT('Ctrl Pts',(13.0061947446378,-69.1,0.505035370128947));
#3413=CARTESIAN_POINT('Ctrl Pts',(12.9356705416767,-69.7,0.741863896212331));
#3414=CARTESIAN_POINT('Ctrl Pts',(12.9356705416767,-69.1,0.741863896212332));
#3415=CARTESIAN_POINT('Ctrl Pts',(12.7585116255469,-69.7,0.913715039250249));
#3416=CARTESIAN_POINT('Ctrl Pts',(12.7585116255469,-69.1,0.91371503925025));
#3417=CARTESIAN_POINT('Ctrl Pts',(12.6723745957017,-69.7,0.997271358966838));
#3418=CARTESIAN_POINT('Ctrl Pts',(12.6723745957017,-69.1,0.997271358966839));
#3419=CARTESIAN_POINT('',(13.04242913872,-69.7,0.383356034755717));
#3420=CARTESIAN_POINT('Ctrl Pts',(13.04242913872,-69.7,0.383356034755717));
#3421=CARTESIAN_POINT('Ctrl Pts',(13.0061947446378,-69.7,0.505035370128946));
#3422=CARTESIAN_POINT('Ctrl Pts',(12.9356705416767,-69.7,0.741863896212331));
#3423=CARTESIAN_POINT('Ctrl Pts',(12.7585116255469,-69.7,0.913715039250249));
#3424=CARTESIAN_POINT('Ctrl Pts',(12.6723745957017,-69.7,0.997271358966838));
#3425=CARTESIAN_POINT('',(13.04242913872,-69.2,0.383356034755717));
#3426=CARTESIAN_POINT('',(13.04242913872,-69.7,0.383356034755717));
#3427=CARTESIAN_POINT('Ctrl Pts',(13.04242913872,-69.2,0.383356034755717));
#3428=CARTESIAN_POINT('Ctrl Pts',(13.0061947446378,-69.2,0.505035370128946));
#3429=CARTESIAN_POINT('Ctrl Pts',(12.9356705416767,-69.2,0.741863896212331));
#3430=CARTESIAN_POINT('Ctrl Pts',(12.7585116255469,-69.2,0.913715039250249));
#3431=CARTESIAN_POINT('Ctrl Pts',(12.6723745957017,-69.2,0.997271358966838));
#3432=CARTESIAN_POINT('Origin',(14.0417469039559,-69.7,0.622100651264201));
#3433=CARTESIAN_POINT('',(14.0417469039559,-69.7,0.622100651264201));
#3434=CARTESIAN_POINT('',(18.3138175046874,-69.7,1.64273081791399));
#3435=CARTESIAN_POINT('',(14.0417469039559,-69.2,0.622100651264201));
#3436=CARTESIAN_POINT('',(14.0417469039559,-69.7,0.622100651264201));
#3437=CARTESIAN_POINT('',(14.0417469039559,-69.2,0.622100651264201));
#3438=CARTESIAN_POINT('Ctrl Pts',(13.5301507011056,-69.7,1.54297393560411));
#3439=CARTESIAN_POINT('Ctrl Pts',(13.5301507011056,-69.1,1.54297393560411));
#3440=CARTESIAN_POINT('Ctrl Pts',(13.6384996232262,-69.7,1.41784962423725));
#3441=CARTESIAN_POINT('Ctrl Pts',(13.6384996232262,-69.1,1.41784962423725));
#3442=CARTESIAN_POINT('Ctrl Pts',(13.8728547512543,-69.7,1.14720988518035));
#3443=CARTESIAN_POINT('Ctrl Pts',(13.8728547512543,-69.1,1.14720988518035));
#3444=CARTESIAN_POINT('Ctrl Pts',(13.9826910137552,-69.7,0.805713641953707));
#3445=CARTESIAN_POINT('Ctrl Pts',(13.9826910137552,-69.1,0.805713641953707));
#3446=CARTESIAN_POINT('Ctrl Pts',(14.0417469039559,-69.7,0.622100651264201));
#3447=CARTESIAN_POINT('Ctrl Pts',(14.0417469039559,-69.1,0.622100651264201));
#3448=CARTESIAN_POINT('',(13.5301507011056,-69.7,1.54297393560411));
#3449=CARTESIAN_POINT('Ctrl Pts',(13.5301507011056,-69.7,1.54297393560411));
#3450=CARTESIAN_POINT('Ctrl Pts',(13.6384996232262,-69.7,1.41784962423725));
#3451=CARTESIAN_POINT('Ctrl Pts',(13.8728547512543,-69.7,1.14720988518035));
#3452=CARTESIAN_POINT('Ctrl Pts',(13.9826910137552,-69.7,0.805713641953707));
#3453=CARTESIAN_POINT('Ctrl Pts',(14.0417469039559,-69.7,0.622100651264201));
#3454=CARTESIAN_POINT('',(13.5301507011056,-69.2,1.54297393560411));
#3455=CARTESIAN_POINT('',(13.5301507011056,-69.7,1.54297393560411));
#3456=CARTESIAN_POINT('Ctrl Pts',(13.5301507011056,-69.2,1.54297393560411));
#3457=CARTESIAN_POINT('Ctrl Pts',(13.6384996232262,-69.2,1.41784962423725));
#3458=CARTESIAN_POINT('Ctrl Pts',(13.8728547512543,-69.2,1.14720988518035));
#3459=CARTESIAN_POINT('Ctrl Pts',(13.9826910137552,-69.2,0.805713641953707));
#3460=CARTESIAN_POINT('Ctrl Pts',(14.0417469039559,-69.2,0.622100651264201));
#3461=CARTESIAN_POINT('Ctrl Pts',(12.0397004976869,-69.7,2.0852656364441));
#3462=CARTESIAN_POINT('Ctrl Pts',(12.0397004976869,-69.1,2.0852656364441));
#3463=CARTESIAN_POINT('Ctrl Pts',(12.3267581169677,-69.7,2.06671110470915));
#3464=CARTESIAN_POINT('Ctrl Pts',(12.3267581169677,-69.1,2.06671110470915));
#3465=CARTESIAN_POINT('Ctrl Pts',(12.8777569840433,-69.7,2.03109621320867));
#3466=CARTESIAN_POINT('Ctrl Pts',(12.8777569840433,-69.1,2.03109621320867));
#3467=CARTESIAN_POINT('Ctrl Pts',(13.3188546701546,-69.7,1.70106604651689));
#3468=CARTESIAN_POINT('Ctrl Pts',(13.3188546701546,-69.1,1.70106604651689));
#3469=CARTESIAN_POINT('Ctrl Pts',(13.5301507011056,-69.7,1.54297393560411));
#3470=CARTESIAN_POINT('Ctrl Pts',(13.5301507011056,-69.1,1.54297393560411));
#3471=CARTESIAN_POINT('',(12.0397004976869,-69.7,2.0852656364441));
#3472=CARTESIAN_POINT('Ctrl Pts',(12.0397004976869,-69.7,2.0852656364441));
#3473=CARTESIAN_POINT('Ctrl Pts',(12.3267581169677,-69.7,2.06671110470915));
#3474=CARTESIAN_POINT('Ctrl Pts',(12.8777569840433,-69.7,2.03109621320867));
#3475=CARTESIAN_POINT('Ctrl Pts',(13.3188546701546,-69.7,1.70106604651689));
#3476=CARTESIAN_POINT('Ctrl Pts',(13.5301507011056,-69.7,1.54297393560411));
#3477=CARTESIAN_POINT('',(12.0397004976869,-69.2,2.0852656364441));
#3478=CARTESIAN_POINT('',(12.0397004976869,-69.7,2.0852656364441));
#3479=CARTESIAN_POINT('Ctrl Pts',(12.0397004976869,-69.2,2.0852656364441));
#3480=CARTESIAN_POINT('Ctrl Pts',(12.3267581169677,-69.2,2.06671110470915));
#3481=CARTESIAN_POINT('Ctrl Pts',(12.8777569840433,-69.2,2.03109621320867));
#3482=CARTESIAN_POINT('Ctrl Pts',(13.3188546701546,-69.2,1.70106604651689));
#3483=CARTESIAN_POINT('Ctrl Pts',(13.5301507011056,-69.2,1.54297393560411));
#3484=CARTESIAN_POINT('Ctrl Pts',(10.3446117535234,-69.7,1.39461082220079));
#3485=CARTESIAN_POINT('Ctrl Pts',(10.3446117535234,-69.1,1.39461082220079));
#3486=CARTESIAN_POINT('Ctrl Pts',(10.5813808393023,-69.7,1.59600131061266));
#3487=CARTESIAN_POINT('Ctrl Pts',(10.5813808393023,-69.1,1.59600131061266));
#3488=CARTESIAN_POINT('Ctrl Pts',(11.069601832379,-69.7,2.01127116700107));
#3489=CARTESIAN_POINT('Ctrl Pts',(11.069601832379,-69.1,2.01127116700107));
#3490=CARTESIAN_POINT('Ctrl Pts',(11.7099153189475,-69.7,2.06011120607155));
#3491=CARTESIAN_POINT('Ctrl Pts',(11.7099153189475,-69.1,2.06011120607155));
#3492=CARTESIAN_POINT('Ctrl Pts',(12.0397004976869,-69.7,2.0852656364441));
#3493=CARTESIAN_POINT('Ctrl Pts',(12.0397004976869,-69.1,2.0852656364441));
#3494=CARTESIAN_POINT('',(10.3446117535234,-69.7,1.39461082220079));
#3495=CARTESIAN_POINT('Ctrl Pts',(10.3446117535234,-69.7,1.39461082220079));
#3496=CARTESIAN_POINT('Ctrl Pts',(10.5813808393023,-69.7,1.59600131061266));
#3497=CARTESIAN_POINT('Ctrl Pts',(11.069601832379,-69.7,2.01127116700107));
#3498=CARTESIAN_POINT('Ctrl Pts',(11.7099153189475,-69.7,2.06011120607155));
#3499=CARTESIAN_POINT('Ctrl Pts',(12.0397004976869,-69.7,2.0852656364441));
#3500=CARTESIAN_POINT('',(10.3446117535234,-69.2,1.39461082220079));
#3501=CARTESIAN_POINT('',(10.3446117535234,-69.7,1.39461082220079));
#3502=CARTESIAN_POINT('Ctrl Pts',(10.3446117535234,-69.2,1.39461082220079));
#3503=CARTESIAN_POINT('Ctrl Pts',(10.5813808393023,-69.2,1.59600131061266));
#3504=CARTESIAN_POINT('Ctrl Pts',(11.069601832379,-69.2,2.01127116700107));
#3505=CARTESIAN_POINT('Ctrl Pts',(11.7099153189475,-69.2,2.06011120607155));
#3506=CARTESIAN_POINT('Ctrl Pts',(12.0397004976869,-69.2,2.0852656364441));
#3507=CARTESIAN_POINT('Ctrl Pts',(9.70000052154064,-69.7,-0.544338703155507));
#3508=CARTESIAN_POINT('Ctrl Pts',(9.70000052154064,-69.1,-0.544338703155507));
#3509=CARTESIAN_POINT('Ctrl Pts',(9.71757156796177,-69.7,-0.162092147906834));
#3510=CARTESIAN_POINT('Ctrl Pts',(9.71757156796177,-69.1,-0.162092147906834));
#3511=CARTESIAN_POINT('Ctrl Pts',(9.75020564140337,-69.7,0.547840650505504));
#3512=CARTESIAN_POINT('Ctrl Pts',(9.75020564140337,-69.1,0.547840650505504));
#3513=CARTESIAN_POINT('Ctrl Pts',(10.1568947803477,-69.7,1.12719578328204));
#3514=CARTESIAN_POINT('Ctrl Pts',(10.1568947803477,-69.1,1.12719578328204));
#3515=CARTESIAN_POINT('Ctrl Pts',(10.3446117535234,-69.7,1.39461082220079));
#3516=CARTESIAN_POINT('Ctrl Pts',(10.3446117535234,-69.1,1.39461082220079));
#3517=CARTESIAN_POINT('',(9.70000052154064,-69.7,-0.544338703155507));
#3518=CARTESIAN_POINT('Ctrl Pts',(9.70000052154064,-69.7,-0.544338703155507));
#3519=CARTESIAN_POINT('Ctrl Pts',(9.71757156796177,-69.7,-0.162092147906834));
#3520=CARTESIAN_POINT('Ctrl Pts',(9.75020564140337,-69.7,0.547840650505504));
#3521=CARTESIAN_POINT('Ctrl Pts',(10.1568947803477,-69.7,1.12719578328204));
#3522=CARTESIAN_POINT('Ctrl Pts',(10.3446117535234,-69.7,1.39461082220079));
#3523=CARTESIAN_POINT('',(9.70000052154064,-69.2,-0.544338703155507));
#3524=CARTESIAN_POINT('',(9.70000052154064,-69.7,-0.544338703155507));
#3525=CARTESIAN_POINT('Ctrl Pts',(9.70000052154064,-69.2,-0.544338703155507));
#3526=CARTESIAN_POINT('Ctrl Pts',(9.71757156796177,-69.2,-0.162092147906834));
#3527=CARTESIAN_POINT('Ctrl Pts',(9.75020564140337,-69.2,0.547840650505504));
#3528=CARTESIAN_POINT('Ctrl Pts',(10.1568947803477,-69.2,1.12719578328204));
#3529=CARTESIAN_POINT('Ctrl Pts',(10.3446117535234,-69.2,1.39461082220079));
#3530=CARTESIAN_POINT('Ctrl Pts',(10.3412010267377,-69.7,-2.40484344959258));
#3531=CARTESIAN_POINT('Ctrl Pts',(10.3412010267377,-69.1,-2.40484344959258));
#3532=CARTESIAN_POINT('Ctrl Pts',(10.1543928560385,-69.7,-2.1459101580168));
#3533=CARTESIAN_POINT('Ctrl Pts',(10.1543928560385,-69.1,-2.1459101580168));
#3534=CARTESIAN_POINT('Ctrl Pts',(9.75502954184237,-69.7,-1.59235590451522));
#3535=CARTESIAN_POINT('Ctrl Pts',(9.75502954184237,-69.1,-1.59235590451522));
#3536=CARTESIAN_POINT('Ctrl Pts',(9.71911532541635,-69.7,-0.908376499076953));
#3537=CARTESIAN_POINT('Ctrl Pts',(9.71911532541635,-69.1,-0.908376499076953));
#3538=CARTESIAN_POINT('Ctrl Pts',(9.70000052154064,-69.7,-0.544338703155507));
#3539=CARTESIAN_POINT('Ctrl Pts',(9.70000052154064,-69.1,-0.544338703155507));
#3540=CARTESIAN_POINT('',(10.3412010267377,-69.7,-2.40484344959258));
#3541=CARTESIAN_POINT('Ctrl Pts',(10.3412010267377,-69.7,-2.40484344959258));
#3542=CARTESIAN_POINT('Ctrl Pts',(10.1543928560385,-69.7,-2.1459101580168));
#3543=CARTESIAN_POINT('Ctrl Pts',(9.75502954184237,-69.7,-1.59235590451522));
#3544=CARTESIAN_POINT('Ctrl Pts',(9.71911532541635,-69.7,-0.908376499076953));
#3545=CARTESIAN_POINT('Ctrl Pts',(9.70000052154064,-69.7,-0.544338703155507));
#3546=CARTESIAN_POINT('',(10.3412010267377,-69.2,-2.40484344959258));
#3547=CARTESIAN_POINT('',(10.3412010267377,-69.7,-2.40484344959258));
#3548=CARTESIAN_POINT('Ctrl Pts',(10.3412010267377,-69.2,-2.40484344959258));
#3549=CARTESIAN_POINT('Ctrl Pts',(10.1543928560385,-69.2,-2.1459101580168));
#3550=CARTESIAN_POINT('Ctrl Pts',(9.75502954184237,-69.2,-1.59235590451522));
#3551=CARTESIAN_POINT('Ctrl Pts',(9.71911532541635,-69.2,-0.908376499076953));
#3552=CARTESIAN_POINT('Ctrl Pts',(9.70000052154064,-69.2,-0.544338703155507));
#3553=CARTESIAN_POINT('Ctrl Pts',(11.9783089056611,-69.7,-3.08526623249053));
#3554=CARTESIAN_POINT('Ctrl Pts',(11.9783089056611,-69.1,-3.08526623249053));
#3555=CARTESIAN_POINT('Ctrl Pts',(11.6631108708557,-69.7,-3.05900004418081));
#3556=CARTESIAN_POINT('Ctrl Pts',(11.6631108708557,-69.1,-3.05900004418081));
#3557=CARTESIAN_POINT('Ctrl Pts',(11.0437970817103,-69.7,-3.00739117987256));
#3558=CARTESIAN_POINT('Ctrl Pts',(11.0437970817103,-69.1,-3.00739117987256));
#3559=CARTESIAN_POINT('Ctrl Pts',(10.5725890419487,-69.7,-2.60328225720133));
#3560=CARTESIAN_POINT('Ctrl Pts',(10.5725890419487,-69.1,-2.60328225720133));
#3561=CARTESIAN_POINT('Ctrl Pts',(10.3412010267377,-69.7,-2.40484344959258));
#3562=CARTESIAN_POINT('Ctrl Pts',(10.3412010267377,-69.1,-2.40484344959258));
#3563=CARTESIAN_POINT('',(11.9783089056611,-69.7,-3.08526623249053));
#3564=CARTESIAN_POINT('Ctrl Pts',(11.9783089056611,-69.7,-3.08526623249053));
#3565=CARTESIAN_POINT('Ctrl Pts',(11.6631108708557,-69.7,-3.05900004418081));
#3566=CARTESIAN_POINT('Ctrl Pts',(11.0437970817103,-69.7,-3.00739117987256));
#3567=CARTESIAN_POINT('Ctrl Pts',(10.5725890419487,-69.7,-2.60328225720133));
#3568=CARTESIAN_POINT('Ctrl Pts',(10.3412010267377,-69.7,-2.40484344959258));
#3569=CARTESIAN_POINT('',(11.9783089056611,-69.2,-3.08526623249053));
#3570=CARTESIAN_POINT('',(11.9783089056611,-69.7,-3.08526623249053));
#3571=CARTESIAN_POINT('Ctrl Pts',(11.9783089056611,-69.2,-3.08526623249053));
#3572=CARTESIAN_POINT('Ctrl Pts',(11.6631108708557,-69.2,-3.05900004418081));
#3573=CARTESIAN_POINT('Ctrl Pts',(11.0437970817103,-69.2,-3.00739117987256));
#3574=CARTESIAN_POINT('Ctrl Pts',(10.5725890419487,-69.2,-2.60328225720133));
#3575=CARTESIAN_POINT('Ctrl Pts',(10.3412010267377,-69.2,-2.40484344959258));
#3576=CARTESIAN_POINT('Ctrl Pts',(13.3067536845803,-69.7,-2.68792617321013));
#3577=CARTESIAN_POINT('Ctrl Pts',(13.3067536845803,-69.1,-2.68792617321013));
#3578=CARTESIAN_POINT('Ctrl Pts',(13.1138821461276,-69.7,-2.80372345339115));
#3579=CARTESIAN_POINT('Ctrl Pts',(13.1138821461276,-69.1,-2.80372345339115));
#3580=CARTESIAN_POINT('Ctrl Pts',(12.7058464310192,-69.7,-3.04870219108007));
#3581=CARTESIAN_POINT('Ctrl Pts',(12.7058464310192,-69.1,-3.04870219108007));
#3582=CARTESIAN_POINT('Ctrl Pts',(12.2294963893217,-69.7,-3.07264223821637));
#3583=CARTESIAN_POINT('Ctrl Pts',(12.2294963893217,-69.1,-3.07264223821637));
#3584=CARTESIAN_POINT('Ctrl Pts',(11.9783089056611,-69.7,-3.08526623249053));
#3585=CARTESIAN_POINT('Ctrl Pts',(11.9783089056611,-69.1,-3.08526623249053));
#3586=CARTESIAN_POINT('',(13.3067536845803,-69.7,-2.68792617321013));
#3587=CARTESIAN_POINT('Ctrl Pts',(13.3067536845803,-69.7,-2.68792617321013));
#3588=CARTESIAN_POINT('Ctrl Pts',(13.1138821461276,-69.7,-2.80372345339115));
#3589=CARTESIAN_POINT('Ctrl Pts',(12.7058464310192,-69.7,-3.04870219108007));
#3590=CARTESIAN_POINT('Ctrl Pts',(12.2294963893217,-69.7,-3.07264223821637));
#3591=CARTESIAN_POINT('Ctrl Pts',(11.9783089056611,-69.7,-3.08526623249053));
#3592=CARTESIAN_POINT('',(13.3067536845803,-69.2,-2.68792617321013));
#3593=CARTESIAN_POINT('',(13.3067536845803,-69.7,-2.68792617321013));
#3594=CARTESIAN_POINT('Ctrl Pts',(13.3067536845803,-69.2,-2.68792617321013));
#3595=CARTESIAN_POINT('Ctrl Pts',(13.1138821461276,-69.2,-2.80372345339115));
#3596=CARTESIAN_POINT('Ctrl Pts',(12.7058464310192,-69.2,-3.04870219108007));
#3597=CARTESIAN_POINT('Ctrl Pts',(12.2294963893217,-69.2,-3.07264223821637));
#3598=CARTESIAN_POINT('Ctrl Pts',(11.9783089056611,-69.2,-3.08526623249053));
#3599=CARTESIAN_POINT('Ctrl Pts',(14.0553895130754,-69.7,-1.47203314304351));
#3600=CARTESIAN_POINT('Ctrl Pts',(14.0553895130754,-69.1,-1.47203314304351));
#3601=CARTESIAN_POINT('Ctrl Pts',(13.9746949190199,-69.7,-1.72191735225187));
#3602=CARTESIAN_POINT('Ctrl Pts',(13.9746949190199,-69.1,-1.72191735225187));
#3603=CARTESIAN_POINT('Ctrl Pts',(13.8237077137978,-69.7,-2.18947430348391));
#3604=CARTESIAN_POINT('Ctrl Pts',(13.8237077137978,-69.1,-2.18947430348391));
#3605=CARTESIAN_POINT('Ctrl Pts',(13.4709713215968,-69.7,-2.52958600447835));
#3606=CARTESIAN_POINT('Ctrl Pts',(13.4709713215968,-69.1,-2.52958600447835));
#3607=CARTESIAN_POINT('Ctrl Pts',(13.3067536845803,-69.7,-2.68792617321013));
#3608=CARTESIAN_POINT('Ctrl Pts',(13.3067536845803,-69.1,-2.68792617321013));
#3609=CARTESIAN_POINT('',(14.0553895130754,-69.7,-1.47203314304351));
#3610=CARTESIAN_POINT('Ctrl Pts',(14.0553895130754,-69.7,-1.47203314304351));
#3611=CARTESIAN_POINT('Ctrl Pts',(13.9746949190199,-69.7,-1.72191735225187));
#3612=CARTESIAN_POINT('Ctrl Pts',(13.8237077137978,-69.7,-2.18947430348391));
#3613=CARTESIAN_POINT('Ctrl Pts',(13.4709713215968,-69.7,-2.52958600447835));
#3614=CARTESIAN_POINT('Ctrl Pts',(13.3067536845803,-69.7,-2.68792617321013));
#3615=CARTESIAN_POINT('',(14.0553895130754,-69.2,-1.47203314304351));
#3616=CARTESIAN_POINT('',(14.0553895130754,-69.7,-1.47203314304351));
#3617=CARTESIAN_POINT('Ctrl Pts',(14.0553895130754,-69.2,-1.47203314304351));
#3618=CARTESIAN_POINT('Ctrl Pts',(13.9746949190199,-69.2,-1.72191735225187));
#3619=CARTESIAN_POINT('Ctrl Pts',(13.8237077137978,-69.2,-2.18947430348391));
#3620=CARTESIAN_POINT('Ctrl Pts',(13.4709713215968,-69.2,-2.52958600447835));
#3621=CARTESIAN_POINT('Ctrl Pts',(13.3067536845803,-69.2,-2.68792617321013));
#3622=CARTESIAN_POINT('Origin',(13.076535512507,-69.7,-1.16166460514068));
#3623=CARTESIAN_POINT('',(13.076535512507,-69.7,-1.16166460514068));
#3624=CARTESIAN_POINT('',(18.0237991918098,-69.7,-2.7303101783042));
#3625=CARTESIAN_POINT('',(13.076535512507,-69.2,-1.16166460514068));
#3626=CARTESIAN_POINT('',(13.076535512507,-69.7,-1.16166460514068));
#3627=CARTESIAN_POINT('',(13.076535512507,-69.2,-1.16166460514068));
#3628=CARTESIAN_POINT('Ctrl Pts',(12.6604372754693,-69.7,-1.96657586097716));
#3629=CARTESIAN_POINT('Ctrl Pts',(12.6604372754693,-69.1,-1.96657586097716));
#3630=CARTESIAN_POINT('Ctrl Pts',(12.751846231247,-69.7,-1.86138561514727));
#3631=CARTESIAN_POINT('Ctrl Pts',(12.751846231247,-69.1,-1.86138561514727));
#3632=CARTESIAN_POINT('Ctrl Pts',(12.9549510357659,-69.7,-1.62765967292635));
#3633=CARTESIAN_POINT('Ctrl Pts',(12.9549510357659,-69.1,-1.62765967292635));
#3634=CARTESIAN_POINT('Ctrl Pts',(13.0333955724125,-69.7,-1.32700643040851));
#3635=CARTESIAN_POINT('Ctrl Pts',(13.0333955724125,-69.1,-1.32700643040851));
#3636=CARTESIAN_POINT('Ctrl Pts',(13.076535512507,-69.7,-1.16166460514068));
#3637=CARTESIAN_POINT('Ctrl Pts',(13.076535512507,-69.1,-1.16166460514068));
#3638=CARTESIAN_POINT('Ctrl Pts',(12.6604372754693,-69.7,-1.96657586097716));
#3639=CARTESIAN_POINT('Ctrl Pts',(12.751846231247,-69.7,-1.86138561514727));
#3640=CARTESIAN_POINT('Ctrl Pts',(12.9549510357659,-69.7,-1.62765967292635));
#3641=CARTESIAN_POINT('Ctrl Pts',(13.0333955724125,-69.7,-1.32700643040851));
#3642=CARTESIAN_POINT('Ctrl Pts',(13.076535512507,-69.7,-1.16166460514068));
#3643=CARTESIAN_POINT('Ctrl Pts',(12.6604372754693,-69.2,-1.96657586097716));
#3644=CARTESIAN_POINT('Ctrl Pts',(12.751846231247,-69.2,-1.86138561514727));
#3645=CARTESIAN_POINT('Ctrl Pts',(12.9549510357659,-69.2,-1.62765967292635));
#3646=CARTESIAN_POINT('Ctrl Pts',(13.0333955724125,-69.2,-1.32700643040851));
#3647=CARTESIAN_POINT('Ctrl Pts',(13.076535512507,-69.2,-1.16166460514068));
#3648=CARTESIAN_POINT('Origin',(11.877695017308,-69.2,-0.500000298023213));
#3649=CARTESIAN_POINT('Origin',(16.700000521537,-43.1000002235175,3.00000000000002));
#3650=CARTESIAN_POINT('',(17.100000521537,-43.1000002235175,2.00000000000002));
#3651=CARTESIAN_POINT('',(17.100000521537,-43.1000002235175,3.00000000000002));
#3652=CARTESIAN_POINT('',(17.100000521537,-43.1000002235175,3.00000000000002));
#3653=CARTESIAN_POINT('',(30.300000521537,-43.1000002235175,2.00000000000002));
#3654=CARTESIAN_POINT('',(20.200000521537,-43.1000002235175,2.00000000000002));
#3655=CARTESIAN_POINT('',(30.300000521537,-43.1000002235175,3.00000000000002));
#3656=CARTESIAN_POINT('',(30.3000005215406,-43.1000002235175,3.00000000000002));
#3657=CARTESIAN_POINT('',(27.7000005215388,-43.1000002235175,3.00000000000002));
#3658=CARTESIAN_POINT('Origin',(30.3000005215406,-42.7000002235175,3.00000000000002));
#3659=CARTESIAN_POINT('',(30.3000005215406,-45.7,2.00000000000002));
#3660=CARTESIAN_POINT('',(30.3000005215407,-48.7000002235175,2.00000000000002));
#3661=CARTESIAN_POINT('',(30.3000005215406,-45.7,3.00000000000002));
#3662=CARTESIAN_POINT('',(30.3000005215406,-45.7,-1.99999999999998));
#3663=CARTESIAN_POINT('',(30.3000005215406,-45.7,3.00000000000002));
#3664=CARTESIAN_POINT('Origin',(23.700000521537,-54.7000002235175,2.00000000000002));
#3665=CARTESIAN_POINT('',(17.1000005215406,-45.7,2.00000000000002));
#3666=CARTESIAN_POINT('',(17.100000521537,-60.7000002235175,2.00000000000002));
#3667=CARTESIAN_POINT('',(17.2000005215388,-45.7,2.00000000000002));
#3668=CARTESIAN_POINT('Origin',(30.700000521537,-66.3000002235175,3.00000000000001));
#3669=CARTESIAN_POINT('',(17.100000521537,-66.3000002235175,3.00000000000001));
#3670=CARTESIAN_POINT('',(17.100000521537,-66.3000002235175,2.00000000000002));
#3671=CARTESIAN_POINT('',(17.1000005215407,-66.3000002235175,3.00000000000001));
#3672=CARTESIAN_POINT('',(30.300000521537,-66.3000002235175,3.00000000000001));
#3673=CARTESIAN_POINT('',(34.7000005215389,-66.3000002235175,3.00000000000001));
#3674=CARTESIAN_POINT('',(30.300000521537,-66.3000002235175,2.00000000000002));
#3675=CARTESIAN_POINT('',(30.300000521537,-66.3000002235175,3.00000000000001));
#3676=CARTESIAN_POINT('',(27.200000521537,-66.3000002235175,2.00000000000002));
#3677=CARTESIAN_POINT('Origin',(30.300000521537,-42.7000002235175,3.00000000000002));
#3678=CARTESIAN_POINT('',(30.3000005215406,-63.7,3.00000000000001));
#3679=CARTESIAN_POINT('',(30.3000005215406,-63.7,3.00000000000001));
#3680=CARTESIAN_POINT('',(30.3000005215406,-63.7,2.00000000000002));
#3681=CARTESIAN_POINT('',(30.3000005215406,-63.7,-1.99999999999999));
#3682=CARTESIAN_POINT('',(30.300000521537,-48.7000002235175,2.00000000000002));
#3683=CARTESIAN_POINT('Origin',(17.1000005215407,-66.7000002235175,3.00000000000001));
#3684=CARTESIAN_POINT('',(17.1000005215407,-63.7,2.00000000000002));
#3685=CARTESIAN_POINT('',(17.1000005215407,-60.7000002235175,2.00000000000002));
#3686=CARTESIAN_POINT('',(17.1000005215407,-63.7,3.00000000000001));
#3687=CARTESIAN_POINT('',(17.1000005215407,-63.7,-1.99999999999999));
#3688=CARTESIAN_POINT('',(17.1000005215407,-63.7,3.00000000000001));
#3689=CARTESIAN_POINT('Origin',(17.100000521537,-66.7000002235175,3.00000000000001));
#3690=CARTESIAN_POINT('',(17.1000005215406,-45.7,3.00000000000002));
#3691=CARTESIAN_POINT('',(17.100000521537,-53.2000001117588,3.00000000000001));
#3692=CARTESIAN_POINT('',(17.1000005215406,-45.7,-1.99999999999998));
#3693=CARTESIAN_POINT('Origin',(23.700000521537,-54.7000002235175,2.00000000000002));
#3694=CARTESIAN_POINT('',(30.2000005215388,-63.7,2.00000000000002));
#3695=CARTESIAN_POINT('Origin',(36.7000005215407,-63.7,3.00000000000001));
#3696=CARTESIAN_POINT('',(10.7000005215406,-63.7,3.00000000000001));
#3697=CARTESIAN_POINT('',(16.7000005215407,-63.7,3.00000000000001));
#3698=CARTESIAN_POINT('',(36.7000005215407,-63.7,3.00000000000001));
#3699=CARTESIAN_POINT('',(36.7000005215407,-63.7,3.00000000000001));
#3700=CARTESIAN_POINT('',(36.7000005215407,-63.7,-1.99999999999999));
#3701=CARTESIAN_POINT('',(36.7000005215407,-63.7,3.00000000000001));
#3702=CARTESIAN_POINT('',(10.7000005215406,-63.7,-1.99999999999999));
#3703=CARTESIAN_POINT('',(29.7000005215406,-63.7,-1.99999999999999));
#3704=CARTESIAN_POINT('',(10.7000005215406,-63.7,3.00000000000001));
#3705=CARTESIAN_POINT('Origin',(22.7000005215406,-54.7,-1.99999999999999));
#3706=CARTESIAN_POINT('',(36.7000005215407,-45.7,-1.99999999999998));
#3707=CARTESIAN_POINT('',(10.7000005215406,-45.7,-1.99999999999998));
#3708=CARTESIAN_POINT('',(19.1509624803862,-45.7,-1.99999999999998));
#3709=CARTESIAN_POINT('',(10.7000005215406,-50.7,-1.99999999999999));
#3710=CARTESIAN_POINT('',(10.7000005215406,-52.7,-1.99999999999999));
#3711=CARTESIAN_POINT('',(8.70000052154065,-50.7,-1.99999999999999));
#3712=CARTESIAN_POINT('',(15.7000005215406,-50.7,-1.99999999999999));
#3713=CARTESIAN_POINT('',(8.70000052154065,-58.7,-1.99999999999999));
#3714=CARTESIAN_POINT('',(8.70000052154065,-47.2,-1.99999999999998));
#3715=CARTESIAN_POINT('',(10.7000005215406,-58.7,-1.99999999999999));
#3716=CARTESIAN_POINT('',(16.7000005215406,-58.7,-1.99999999999999));
#3717=CARTESIAN_POINT('',(10.7000005215406,-59.2,-1.99999999999999));
#3718=CARTESIAN_POINT('',(36.7000005215407,-50.2,-1.99999999999999));
#3719=CARTESIAN_POINT('',(35.2000005215371,-48.45,-1.99999999999998));
#3720=CARTESIAN_POINT('Origin',(33.7000005215371,-48.45,-1.99999999999998));
#3721=CARTESIAN_POINT('',(15.2000005215371,-60.95,-1.99999999999999));
#3722=CARTESIAN_POINT('Origin',(13.7000005215371,-60.95,-1.99999999999999));
#3723=CARTESIAN_POINT('Origin',(13.7000005215371,-60.95,-1.99999999999999));
#3724=CARTESIAN_POINT('',(15.2000005215371,-60.95,-1.99999999999999));
#3725=CARTESIAN_POINT('Origin',(33.7000005215371,-48.45,-1.99999999999998));
#3726=CARTESIAN_POINT('',(35.2000005215371,-48.45,-1.99999999999998));
#3727=CARTESIAN_POINT('Origin',(23.7000005215406,-69.7,-1.99999999999999));
#3728=CARTESIAN_POINT('',(8.70000052154065,-69.7,3.00000000000001));
#3729=CARTESIAN_POINT('',(38.7000005215406,-69.7,3.00000000000001));
#3730=CARTESIAN_POINT('',(8.70000052154065,-69.7,3.00000000000001));
#3731=CARTESIAN_POINT('Origin',(8.70000052154065,-39.7,3.00000000000002));
#3732=CARTESIAN_POINT('',(8.70000052154065,-58.7,3.00000000000001));
#3733=CARTESIAN_POINT('',(8.70000052154065,-39.7,3.00000000000002));
#3734=CARTESIAN_POINT('',(8.70000052154065,-58.7,1.50000000000001));
#3735=CARTESIAN_POINT('',(8.70000052154065,-50.7,3.00000000000001));
#3736=CARTESIAN_POINT('',(8.70000052154065,-50.7,3.00000000000001));
#3737=CARTESIAN_POINT('',(8.70000052154065,-34.7,3.00000000000002));
#3738=CARTESIAN_POINT('',(8.70000052154065,-39.7,3.00000000000002));
#3739=CARTESIAN_POINT('',(8.70000052154065,-34.7,3.00000000000002));
#3740=CARTESIAN_POINT('Origin',(38.7000005215406,-39.7,3.00000000000002));
#3741=CARTESIAN_POINT('',(38.7000005215406,-34.7,3.00000000000002));
#3742=CARTESIAN_POINT('',(10.7000005215406,-50.7,3.00000000000001));
#3743=CARTESIAN_POINT('',(23.7000005215406,-50.7,3.00000000000001));
#3744=CARTESIAN_POINT('',(10.7000005215406,-45.7,3.00000000000002));
#3745=CARTESIAN_POINT('',(10.7000005215406,-45.2,3.00000000000002));
#3746=CARTESIAN_POINT('',(10.7000005215406,-45.7,3.00000000000002));
#3747=CARTESIAN_POINT('',(36.7000005215407,-45.7,3.00000000000002));
#3748=CARTESIAN_POINT('',(30.7000005215406,-45.7,3.00000000000002));
#3749=CARTESIAN_POINT('',(36.7000005215406,-42.7,3.00000000000002));
#3750=CARTESIAN_POINT('',(10.7000005215406,-58.7,3.00000000000001));
#3751=CARTESIAN_POINT('',(10.7000005215406,-51.7,3.00000000000001));
#3752=CARTESIAN_POINT('',(24.7000005215406,-58.7,3.00000000000001));
#3753=CARTESIAN_POINT('',(36.7500005215406,-66.2000004023314,3.00000000000001));
#3754=CARTESIAN_POINT('Origin',(35.0000005215406,-66.2000004023314,3.00000000000001));
#3755=CARTESIAN_POINT('',(15.4500005215407,-38.2,3.00000000000001));
#3756=CARTESIAN_POINT('Origin',(13.7000005215407,-38.2,3.00000000000001));
#3757=CARTESIAN_POINT('Origin',(13.7000005215406,-38.2,41.));
#3758=CARTESIAN_POINT('',(15.4500005215406,-38.2,41.));
#3759=CARTESIAN_POINT('Origin',(23.7000005215406,-34.7,-1.99999999999998));
#3760=CARTESIAN_POINT('Origin',(35.0000005215406,-66.2000004023314,25.));
#3761=CARTESIAN_POINT('',(36.7500005215406,-66.2000004023314,25.));
#3762=CARTESIAN_POINT('Origin',(8.70000052154065,-50.7,3.00000000000001));
#3763=CARTESIAN_POINT('',(10.7000005215406,-50.7,1.33226762955019E-14));
#3764=CARTESIAN_POINT('Origin',(10.7000005215406,-50.7,3.00000000000001));
#3765=CARTESIAN_POINT('',(10.7000005215406,-45.7,1.77635683940025E-14));
#3766=CARTESIAN_POINT('Origin',(10.7000005215406,-45.7,3.00000000000002));
#3767=CARTESIAN_POINT('',(36.7000005215407,-45.7,1.77635683940025E-14));
#3768=CARTESIAN_POINT('Origin',(36.7000005215407,-45.7,3.00000000000002));
#3769=CARTESIAN_POINT('Origin',(10.7000005215406,-58.7,3.00000000000001));
#3770=CARTESIAN_POINT('',(10.7000005215406,-58.7,3.00000000000001));
#3771=CARTESIAN_POINT('Origin',(10.7000005215406,-63.7,3.00000000000001));
#3772=UNCERTAINTY_MEASURE_WITH_UNIT(LENGTH_MEASURE(0.01),#3776,
'DISTANCE_ACCURACY_VALUE',
'Maximum model space distance between geometric entities at asserted c
onnectivities');
#3773=UNCERTAINTY_MEASURE_WITH_UNIT(LENGTH_MEASURE(0.01),#3776,
'DISTANCE_ACCURACY_VALUE',
'Maximum model space distance between geometric entities at asserted c
onnectivities');
#3774=(
GEOMETRIC_REPRESENTATION_CONTEXT(3)
GLOBAL_UNCERTAINTY_ASSIGNED_CONTEXT((#3772))
GLOBAL_UNIT_ASSIGNED_CONTEXT((#3776,#3778,#3779))
REPRESENTATION_CONTEXT('','3D')
);
#3775=(
GEOMETRIC_REPRESENTATION_CONTEXT(3)
GLOBAL_UNCERTAINTY_ASSIGNED_CONTEXT((#3773))
GLOBAL_UNIT_ASSIGNED_CONTEXT((#3776,#3778,#3779))
REPRESENTATION_CONTEXT('','3D')
);
#3776=(
LENGTH_UNIT()
NAMED_UNIT(*)
SI_UNIT(.MILLI.,.METRE.)
);
#3777=(
LENGTH_UNIT()
NAMED_UNIT(*)
SI_UNIT($,.METRE.)
);
#3778=(
NAMED_UNIT(*)
PLANE_ANGLE_UNIT()
SI_UNIT($,.RADIAN.)
);
#3779=(
NAMED_UNIT(*)
SI_UNIT($,.STERADIAN.)
SOLID_ANGLE_UNIT()
);
#3780=SHAPE_DEFINITION_REPRESENTATION(#3781,#3782);
#3781=PRODUCT_DEFINITION_SHAPE('',$,#3784);
#3782=SHAPE_REPRESENTATION('',(#2044),#3774);
#3783=PRODUCT_DEFINITION_CONTEXT('part definition',#3788,'design');
#3784=PRODUCT_DEFINITION('C Emission Housing','C Emission Housing v3',#3785,
#3783);
#3785=PRODUCT_DEFINITION_FORMATION('',$,#3790);
#3786=PRODUCT_RELATED_PRODUCT_CATEGORY('C Emission Housing v3',
'C Emission Housing v3',(#3790));
#3787=APPLICATION_PROTOCOL_DEFINITION('international standard',
'automotive_design',2009,#3788);
#3788=APPLICATION_CONTEXT(
'Core Data for Automotive Mechanical Design Process');
#3789=PRODUCT_CONTEXT('part definition',#3788,'mechanical');
#3790=PRODUCT('C Emission Housing','C Emission Housing v3',$,(#3789));
#3791=PRESENTATION_STYLE_ASSIGNMENT((#3793));
#3792=PRESENTATION_STYLE_ASSIGNMENT((#3794));
#3793=SURFACE_STYLE_USAGE(.BOTH.,#3795);
#3794=SURFACE_STYLE_USAGE(.BOTH.,#3796);
#3795=SURFACE_SIDE_STYLE('',(#3797));
#3796=SURFACE_SIDE_STYLE('',(#3798));
#3797=SURFACE_STYLE_FILL_AREA(#3799);
#3798=SURFACE_STYLE_FILL_AREA(#3800);
#3799=FILL_AREA_STYLE('Platte',(#3801));
#3800=FILL_AREA_STYLE('Opaque(160,160,160)',(#3802));
#3801=FILL_AREA_STYLE_COLOUR('Platte',#3803);
#3802=FILL_AREA_STYLE_COLOUR('Opaque(160,160,160)',#3804);
#3803=COLOUR_RGB('Platte',0.6,0.6,0.6);
#3804=COLOUR_RGB('Opaque(160,160,160)',0.627450980392157,0.627450980392157,
0.627450980392157);
ENDSEC;
END-ISO-10303-21;
